Workbook

Sheet TRAMEZZI
A1: Peso tramezzi interni | H1: Tamponature esterne
A2: үlaterizio | B2: 9 | C2: KN/m3 | H2: үlaterizio | I2: 9 | J2: KN/m3
A3: slaterizio | B3: 0.06 | C3: m | H3: slaterizio | I3: 0.06 | J3: m
A4: үmalta | B4: 18 | C4: KN/m3 | H4: sparete in laterizio | I4: 0.12 | J4: m
A5: sintonaco | B5: 0.015 | C5: m | H5: үmalta | I5: 18 | J5: KN/m3
A6: Altezza tramezzi | B6: 3 | C6: m | H6: sintonaco | I6: 0.015 | J6: m
A7: P.Platerizio | B7: =B2*B3 -> 0.54 | C7: KN/m2 | H7: үmalta-cementizia | I7: 22 | J7: KN/m3
A8: P.Pintonaco | B8: =2*B4*B5 -> 0.54 | C8: KN/m2 | H8: sintonaco esterno | I8: 0.025 | J8: m
A9: Ptot | B9: =SUM(B7:B8) -> 1.08 | C9: KN/m2 | H9: Altezza tramezzi | I9: =3-0.4 -> 2.6 | J9: m
A10: G2 | B10: =B9*B6 -> 3.24 | C10: KN/m | H10: P.Platerizi forati | I10: =I2*(I4+I3) -> 1.62 | J10: KN/m2
A11: g2 | B11: 1.6 | C11: KN/m2 | H11: P.Pintonaco interno | I11: =I5*I6 -> 0.27 | J11: KN/m2
H12: P.Pintonaco esterno | I12: =I7*I8 -> 0.55 | J12: KN/m2
H13: P.Pisolante termico | I13: 0.09 | J13: KN/m2
H14: P.Pcortina di laterizio | I14: 0.35 | J14: KN/m2
H15: Ptot | I15: =SUM(I10:I14) -> 2.88 | J15: KN/m2
H16: Ptot al m | I16: =I15*I9 -> 7.488 | J16: KN/m
H17: G2 | I17: =I16 -> 7.488 | J17: KN/m

Sheet SOLAIO
A1: PROGETTO E VERIFICA SOLAIO BAUSTA
B12: PROP. SOLAIO
B13: s [m] | C13: =0.04 -> 0.04 | D13: spessore soletta
B14: bo [m] | C14: 0.1 | D14: spessore travetto
B15: bp [m] | C15: 0.4 | D15: larghezza pignatta
B16: h [m] | C16: 0.18 | D16: altezza pignatta
B17: i [m] | C17: 0.5 | D17: interasse tra travetti
A19: CARICHI PERMANENTI STRUTTURALI - G1
B20: b [m] | C20: h [m] | D20: Ɣ [KN/m3] | E20: q [KN/m]
A21: Soletta | B21: 1 | C21: =C13 -> 0.04 | D21: 25 | E21: =B21*C21*D21 -> 1
A22: Travetti * | B22: =2*C14 -> 0.2 | C22: =C16 -> 0.18 | D22: 25 | E22: =B22*C22*D22 -> 0.9 | F22: * 2 travetti al metro
D23: G1=∑q | E23: =SUM(E21:E22) -> 1.9
A25: CARICHI PERMANENTI NON STRUTTURALI SOLAIO INTERPIANO - G2
B26: b [m] | C26: h [m] | D26: Ɣ [KN/m3] | E26: q [KN/m]
A27: Pignatte * | B27: =2*C15 -> 0.8 | C27: =C16 -> 0.18 | D27: 8 | E27: =B27*C27*D27 -> 1.152 | F27: * 2 pignatte al metro
A28: intonaco | B28: 1 | C28: 0.015 | D28: 19 | E28: =B28*C28*D28 -> 0.285
A29: Massetto | B29: 1 | C29: 0.08 | D29: 16 | E29: =B29*C29*D29 -> 1.28
A30: Pavimento * | B30: 1 | C30: 0.02 | D30: 20 | E30: =B30*C30*D30 -> 0.4 | F30: * In gres porcellenato posato a colla
A31: riscaldamento a pavimento* | E31: 1.2 | F31: * costituito da massetto in calcestruzzo
D32: G2=∑q | E32: =SUM(E27:E31) -> 4.317 | F32: e pannello isolante spessore 4+4
A34: CARICHI PERMANENTI NON STRUTTURALI COPERTURA PRATICABILE - G2
B35: b [m] | C35: h [m] | D35: Ɣ [KN/m3] | E35: q [KN/m]
A36: Pignatte * | B36: =2*C15 -> 0.8 | C36: 0.18 | D36: 8 | E36: =B36*C36*D36 -> 1.152
A37: intonaco | B37: 1 | C37: 0.015 | D37: 19 | E37: =B37*C37*D37 -> 0.285
A38: Pavimento * | B38: 1 | C38: 0.02 | D38: 20 | E38: =B38*C38*D38 -> 0.4
A39: Isolante termico | C39: 0.05 | E39: 0.05
A40: impermiabilizzante | C40: 0.01 | E40: =0.1 -> 0.1
A41: Massetto pendenze | B41: 1 | C41: 0.1 | D41: 16 | E41: =D41*C41*B41 -> 1.6
A42: Malta di allettamento | B42: 1 | C42: 0.02 | D42: 16 | E42: =D42*C42*B42 -> 0.32
D43: G2=∑q | E43: =SUM(E36:E41) -> 3.587
B45: SOVRACCARICHI
B46: qk [KN/m2] | C46: Qk [KN] | D46: Hk [KN]
A47: CAT. A | B47: 2 | C47: 2 | D47: 1
A48: Copertura praticabile | B48: 2 | C48: 2 | D48: 1

Sheet PESO & ANALISI STATICA
A1: PIANI | B1: W.solaio | C1: W.tramezzi esterni | D1: W.travi | E1: W.pilastri | F1: $W_{i}$ | I1: A
A2: N.p | B2: [KN] | C2: [KN] | D2: [KN] | E2: [KN] | F2: [KN] | I2: =13.5*17.5 -> 236.25 | J2: m^2
A3: 1 | B3: =COMBINAZIONI!$B$7*'PESO & ANALISI STATICA'!$I$2 -> 1723.9162 | C3: =(13.5*2+17.5*2)*TRAMEZZI!$I$17 -> 464.256 | D3: =(0.3*0.5*25)*(5.5*5+4*2*5+(4+4+5.5+4)*4) -> 515.625 | E3: =0.4*0.4*25*3*4*5 -> 240 | F3: =SUM(B3:E3) -> 2943.7972
A4: 2 | B4: =COMBINAZIONI!$B$7*'PESO & ANALISI STATICA'!$I$2 -> 1723.9162 | C4: =(13.5*2+17.5*2)*TRAMEZZI!$I$17 -> 464.256 | D4: =(0.3*0.5*25)*(5.5*5+4*2*5+(4+4+5.5+4)*4) -> 515.625 | E4: =0.4*0.4*25*3*4*5 -> 240 | F4: =SUM(B4:E4) -> 2943.7972
A5: 3 | B5: =COMBINAZIONI!$B$7*'PESO & ANALISI STATICA'!$I$2 -> 1723.9162 | C5: =(13.5*2+17.5*2)*TRAMEZZI!$I$17 -> 464.256 | D5: =(0.3*0.5*25)*(5.5*5+4*2*5+(4+4+5.5+4)*4) -> 515.625 | E5: =0.4*0.4*25*3*4*5 -> 240 | F5: =SUM(B5:E5) -> 2943.7972
A6: 4 | B6: =COMBINAZIONI!$C$7*'PESO & ANALISI STATICA'!$I$2 -> 1438.0538 | C6: =(13.5*2+17.5*2)*TRAMEZZI!$I$17/2 -> 232.128 | D6: =(0.3*0.4*25)*(5.5*5+4*2*5+(4+4+5.5+4)*4) -> 412.5 | E6: =0.4*0.4*25*3*4*5/2 -> 120 | F6: =SUM(B6:E6) -> 2202.6817
E7: $\sum{W_{tot}}$ | F7: =SUM(F3:F6) -> 11034.073
C9: Fh (SLV)/q=3,12 | D9: =J9*F7*0.85 -> 1412.8565 | E9: KN | H9: Se(SLV) | I9: =0.47 -> 0.47 | J9: =I9/3.12 -> 0.15064103
A10: Livello | B10: zi [m] | C10: Wi [KN] | D10: $Wi\cdot zi$ [KNm] | E10: $F_i$ | H10: Se(SLV) | I10: =0.18 -> 0.18 | J10: =I10/1.5 -> 0.12
A11: P1 | B11: 3 | C11: =F3 -> 2943.7972 | D11: =C11*B11 -> 8831.3917 | E11: =$D$9*D11/(SUM($D$11:$D$14)) -> 157.1066
A12: P2 | B12: 6 | C12: =F4 -> 2943.7972 | D12: =C12*B12 -> 17662.783 | E12: =$D$9*D12/(SUM($D$11:$D$14)) -> 314.21319
A13: P3 | B13: 9 | C13: =F5 -> 2943.7972 | D13: =C13*B13 -> 26494.175 | E13: =$D$9*D13/(SUM($D$11:$D$14)) -> 471.31979
A14: P4 | B14: 12 | C14: =F6 -> 2202.6817 | D14: =C14*B14 -> 26432.181 | E14: =$D$9*D14/(SUM($D$11:$D$14)) -> 470.21694
C15: Fh (SLD)/q=1,5 | D15: =J10*F7*0.85 -> 1125.4755 | E15: KN
A16: Livello | B16: zi [m] | C16: Wi [KN] | D16: $Wi\cdot zi$ [KNm] | E16: $F_i$
A17: P1 | B17: 3 | C17: =F3 -> 2943.7972 | D17: =C17*B17 -> 8831.3917 | E17: =$D$15*D17/(SUM($D$11:$D$14)) -> 125.15045
A18: P2 | B18: 6 | C18: =F4 -> 2943.7972 | D18: =C18*B18 -> 17662.783 | E18: =$D$15*D18/(SUM($D$11:$D$14)) -> 250.30089
A19: P3 | B19: 9 | C19: =F5 -> 2943.7972 | D19: =C19*B19 -> 26494.175 | E19: =$D$15*D19/(SUM($D$11:$D$14)) -> 375.45134
A20: P4 | B20: 12 | C20: =F6 -> 2202.6817 | D20: =C20*B20 -> 26432.181 | E20: =$D$15*D20/(SUM($D$11:$D$14)) -> 374.57281

Sheet VENTO
A1: Azione del Vento
A2: Velocità base di riferimento al livello del mare | B2: vb,0 | C2: 27 | D2: m/s
A3: Coefficiente di altitudine (as ≤ ao) | B3: ca | C3: 1 | D3: -
A4: Velocità base di riferimento | B4: vb | C4: =C2*C3 -> 27 | D4: m/s
A5: Coefficiente di ritorno | B5: cr | C5: =0.75*SQRT(1-0.2*LN(-LN(1-1/50))) -> 1.0007338 | D5: -
A6: Velocità di riferimento | B6: vr | C6: =C4*C5 -> 27.019812 | D6: m/s
A7: Coefficiente di topografia | B7: ct | C7: 1 | D7: -
A8: Pressione cinetica di riferimento | B8: qr | C8: =0.5*1.25*C6^2 -> 456.2939 | D8: N/m2
A9: Coefficiente Dinamico | B9: cd | C9: 1 | D9: -
A10: Coefficiente di esposizione
A11: Classe di Rugosità D | B11: Kr | C11: z0 [m] | D11: zmin [m]
A12: Categoria di esposizione del sito II (Zona 1,2,3,4,5) | B12: 0.19 | C12: 0.05 | D12: 4
A13: z [m] < zmin [m] | B13: z [m] | C13: ce(z=zmin) | D13: =$B$12*$C$7*LN(D12/C12)*(7+$C$7*LN(D12/C12)) -> 9.4765053
A14: z [m] ≥ zmin [m] | B14: 4 | C14: ce(z=4) | D14: =$B$12*$C$7*LN(B14/$C$12)*(7+$C$7*LN(B14/$C$12)) -> 9.4765053
B15: 5 | C15: ce(z=5) | D15: =$B$12*$C$7*LN(B15/$C$12)*(7+$C$7*LN(B15/$C$12)) -> 10.154319
B16: 6 | C16: ce(z=6) | D16: =$B$12*$C$7*LN(B16/$C$12)*(7+$C$7*LN(B16/$C$12)) -> 10.722179
A17: 0 | B17: 7 | C17: ce(z=7) | D17: =$B$12*$C$7*LN(B17/$C$12)*(7+$C$7*LN(B17/$C$12)) -> 11.212152
A18: 0 | B18: 8 | C18: ce(z=8) | D18: =$B$12*$C$7*LN(B18/$C$12)*(7+$C$7*LN(B18/$C$12)) -> 11.643885
B19: 9 | C19: ce(z=9) | D19: =$B$12*$C$7*LN(B19/$C$12)*(7+$C$7*LN(B19/$C$12)) -> 12.030325
B20: 10 | C20: ce(z=10) | D20: =$B$12*$C$7*LN(B20/$C$12)*(7+$C$7*LN(B20/$C$12)) -> 12.380474
B21: 11 | C21: ce(z=11) | D21: =$B$12*$C$7*LN(B21/$C$12)*(7+$C$7*LN(B21/$C$12)) -> 12.700856
B22: 12 | C22: ce(z=12) | D22: =$B$12*$C$7*LN(B22/$C$12)*(7+$C$7*LN(B22/$C$12)) -> 12.996356
B23: 12.5
A24: Coefficiente di pressione
A25: Coefficiente di pressione globali per pareti verticali
B26: Sopravento | C26: Facce laterali | D26: Facce sottovento
A27: cpe | B27: 0.78 | C27: -0.9 | D27: -0.47
A30: z | B30: pe(z) SOPRAVENTO | C30: pe(z) LATERALE | D30: pe(z) SOTTOVENTO
A31: mm | B31: N/mm2 | C31: N/mm2 | D31: N/mm2
A32: 0 | B32: =$C$8*$C$9*$D13*B$27 -> 3372.7759 | C32: =$C$8*$C$9*$D13*C$27 -> -3891.6644 | D32: =$C$8*$C$9*$D13*D$27 -> -2032.3137
A33: 4 | B33: =$C$8*$C$9*$D14*B$27 -> 3372.7759 | C33: =$C$8*$C$9*$D14*C$27 -> -3891.6644 | D33: =$C$8*$C$9*$D14*D$27 -> -2032.3137
A34: 5 | B34: =$C$8*$C$9*$D15*B$27 -> 3614.016 | C34: =$C$8*$C$9*$D15*C$27 -> -4170.0184 | D34: =$C$8*$C$9*$D15*D$27 -> -2177.6763
A35: 6 | B35: =$C$8*$C$9*$D16*B$27 -> 3816.1225 | C35: =$C$8*$C$9*$D16*C$27 -> -4403.2183 | D35: =$C$8*$C$9*$D16*D$27 -> -2299.4584
A36: 7 | B36: =$C$8*$C$9*$D17*B$27 -> 3990.5086 | C36: =$C$8*$C$9*$D17*C$27 -> -4604.433 | D36: =$C$8*$C$9*$D17*D$27 -> -2404.5372
A37: 8 | B37: =$C$8*$C$9*$D18*B$27 -> 4144.1664 | C37: =$C$8*$C$9*$D18*C$27 -> -4781.7304 | D37: =$C$8*$C$9*$D18*D$27 -> -2497.1259
A38: 9 | B38: =$C$8*$C$9*$D19*B$27 -> 4281.7038 | C38: =$C$8*$C$9*$D19*C$27 -> -4940.4275 | D38: =$C$8*$C$9*$D19*D$27 -> -2580.001
A39: 10 | B39: =$C$8*$C$9*$D20*B$27 -> 4406.3251 | C39: =$C$8*$C$9*$D20*C$27 -> -5084.2212 | D39: =$C$8*$C$9*$D20*D$27 -> -2655.0933
A40: 11 | B40: =$C$8*$C$9*$D21*B$27 -> 4520.3521 | C40: =$C$8*$C$9*$D21*C$27 -> -5215.7909 | D40: =$C$8*$C$9*$D21*D$27 -> -2723.8019
A41: 12 | B41: =$C$8*$C$9*$D22*B$27 -> 4625.5234 | C41: =$C$8*$C$9*$D22*C$27 -> -5337.1423 | D41: =$C$8*$C$9*$D22*D$27 -> -2787.1743

Sheet ADRS
A1: SLD | B1: q=1 | C1: q=1,5 | D1: 1.5 | H1: SLV | I1: q=1 | J1: q=3,12 | K1: 1 | O1: ADRS | S1: mu | T1: 2
A2: T [s] | B2: Se [g] | C2: Se [g] | E2: STATO LIMITE | F2: SLD | H2: T [s] | I2: Se [g] | J2: Se [g] | L2: STATO LIMITE | M2: SLV | O2: T [s] | P2: Sae [g] | Q2: Sde [g] | R2: Sae/Ru[g] | S2: Sd = Sde*mu/Rmu | T2: Rmu ( T< Tc )
A3: 0 | B3: 0.094238585 | C3: =B3/1 -> 0.094238585 | E3: ag | F3: 0.078532154 | G3: g | H3: 0 | I3: 0.23398448 | J3: =I3/1 -> 0.23398448 | L3: ag | M3: 0.19498706 | N3: g | O3: 0 | P3: =I3 -> 0.23398448 | Q3: =P3*O3^2/(4*PI()^2) -> 0 | R3: =P3/T3 -> 0.23398448 | S3: =Q3*$T$1/T3 -> 0 | T3: =($T$1 - 1)*O3/$O$5 + 1 -> 1
A4: 0.12586752 | B4: 0.23029464 | C4: =B4/$D$1 -> 0.15352976 | E4: Fo | F4: 2.4437404 | H4: 0.13446297 | I4: 0.5613208 | J4: =I4/$K$1 -> 0.5613208 | L4: Fo | M4: 2.398966 | O4: 0.13446297 | P4: =I4 -> 0.5613208 | Q4: =P4*O4^2/(4*PI()^2) -> 0.00025707321 | R4: =P4/T4 -> 0.4209906 | S4: =Q4*$T$1/T4 -> 0.00038560981 | T4: =($T$1 - 1)*O4/$O$5 + 1 -> 1.3333333
A5: 0.37760257 | B5: 0.23029464 | C5: =B5/$D$1 -> 0.15352976 | E5: TC* | F5: 0.26275611 | G5: s | H5: 0.40338892 | I5: 0.5613208 | J5: =I5/$K$1 -> 0.5613208 | L5: TC* | M5: 0.2853738 | N5: s | O5: 0.40338892 | P5: =I5 -> 0.5613208 | Q5: =P5*O5^2/(4*PI()^2) -> 0.0023136589 | R5: =P5/T5 -> 0.2806604 | S5: =Q5*$T$1/T5 -> 0.0023136589 | T5: =($T$1 - 1)*O5/$O$5 + 1 -> 2
A6: 0.45077048 | B6: 0.1929138 | C6: =B6/$D$1 -> 0.1286092 | E6: SS | F6: 1.2 | H6: 0.49751079 | I6: =$M$3*$M$11*$M$12*$M$4*($M$14/H6) -> 0.45512699 | J6: =I6/$K$1 -> 0.45512699 | K6: =M3*M11*M12*M4*(M14/H6) -> 0.45512699 | L6: SS | M6: 1.2 | O6: 0.49751079 | P6: =I6 -> 0.45512699 | Q6: =P6*O6^2/(4*PI()^2) -> 0.0028534999 | R6: =P6/T6 -> 0.20378871 | S6: =Q6*$T$1/T6 -> 0.0025553793 | T6: =($T$1 - 1)*O6/$O$5 + 1 -> 2.2333279
A7: 0.52393838 | B7: 0.16597342 | C7: =B7/$D$1 -> 0.11064895 | E7: CC | F7: 1.4370839 | H7: 0.59163267 | I7: =$M$3*$M$11*$M$12*$M$4*($M$14/H7) -> 0.38272158 | J7: =I7/$K$1 -> 0.38272158 | L7: CC | M7: 1.4135457 | O7: 0.59163267 | P7: =I7 -> 0.38272158 | Q7: =P7*O7^2/(4*PI()^2) -> 0.003393341 | R7: =P7/T7 -> 0.15515809 | S7: =Q7*$T$1/T7 -> 0.0027513698 | T7: =($T$1 - 1)*O7/$O$5 + 1 -> 2.4666557
A8: 0.59710629 | B8: 0.14563546 | C8: =B8/$D$1 -> 0.097090305 | E8: ST | F8: 1 | H8: 0.68575454 | I8: =$M$3*$M$11*$M$12*$M$4*($M$14/H8) -> 0.3301919 | J8: =I8/$K$1 -> 0.3301919 | L8: ST | M8: 1 | O8: 0.68575454 | P8: =I8 -> 0.3301919 | Q8: =P8*O8^2/(4*PI()^2) -> 0.0039331821 | R8: =P8/T8 -> 0.12229404 | S8: =Q8*$T$1/T8 -> 0.0029134859 | T8: =($T$1 - 1)*O8/$O$5 + 1 -> 2.6999836
A9: 0.6702742 | B9: 0.12973772 | C9: =B9/$D$1 -> 0.086491815 | E9: =IF([1]D3a!C5=0,"ξ","q") -> q | F9: 1 | H9: 0.77987641 | I9: =$M$3*$M$11*$M$12*$M$4*($M$14/H9) -> 0.29034163 | J9: =I9/$K$1 -> 0.29034163 | L9: =IF([1]D3a!I5=0,"ξ","q") -> q | M9: 1 | O9: 0.77987641 | P9: =I9 -> 0.29034163 | Q9: =P9*O9^2/(4*PI()^2) -> 0.0044730232 | R9: =P9/T9 -> 0.098980841 | S9: =Q9*$T$1/T9 -> 0.0030498113 | T9: =($T$1 - 1)*O9/$O$5 + 1 -> 2.9333114
A10: 0.7434421 | B10: 0.11696923 | C10: =B10/$D$1 -> 0.077979484 | H10: 0.87399829 | I10: =$M$3*$M$11*$M$12*$M$4*($M$14/H10) -> 0.25907441 | J10: =I10/$K$1 -> 0.25907441 | O10: 0.87399829 | P10: =I10 -> 0.25907441 | Q10: =P10*O10^2/(4*PI()^2) -> 0.0050128642 | R10: =P10/T10 -> 0.081813679 | S10: =Q10*$T$1/T10 -> 0.0031660469 | T10: =($T$1 - 1)*O10/$O$5 + 1 -> 3.1666393
A11: 0.81661001 | B11: 0.10648883 | C11: =B11/$D$1 -> 0.070992556 | E11: S | F11: 1.2 | H11: 0.96812016 | I11: =$M$3*$M$11*$M$12*$M$4*($M$14/H11) -> 0.23388687 | J11: =I11/$K$1 -> 0.23388687 | L11: S | M11: 1.2 | O11: 0.96812016 | P11: =I11 -> 0.23388687 | Q11: =P11*O11^2/(4*PI()^2) -> 0.0055527053 | R11: =P11/T11 -> 0.068790919 | S11: =Q11*$T$1/T11 -> 0.0032663288 | T11: =($T$1 - 1)*O11/$O$5 + 1 -> 3.3999672
A12: 0.88977792 | B12: 0.097732081 | C12: =B12/$D$1 -> 0.065154721 | E12: h | F12: 1 | H12: 1.062242 | I12: =$M$3*$M$11*$M$12*$M$4*($M$14/H12) -> 0.2131629 | J12: =I12/$K$1 -> 0.2131629 | L12: h | M12: 1 | O12: 1.062242 | P12: =I12 -> 0.2131629 | Q12: =P12*O12^2/(4*PI()^2) -> 0.0060925464 | R12: =P12/T12 -> 0.058669306 | S12: =Q12*$T$1/T12 -> 0.0033537306 | T12: =($T$1 - 1)*O12/$O$5 + 1 -> 3.633295
A13: 0.96294582 | B13: 0.090306064 | C13: =B13/$D$1 -> 0.060204043 | E13: TB | F13: 0.12586752 | G13: s | H13: 1.1563639 | I13: =$M$3*$M$11*$M$12*$M$4*($M$14/H13) -> 0.19581257 | J13: =I13/$K$1 -> 0.19581257 | L13: TB | M13: 0.13446297 | N13: s | O13: 1.1563639 | P13: =I13 -> 0.19581257 | Q13: =P13*O13^2/(4*PI()^2) -> 0.0066323875 | R13: =P13/T13 -> 0.050641756 | S13: =Q13*$T$1/T13 -> 0.0034305841 | T13: =($T$1 - 1)*O13/$O$5 + 1 -> 3.8666229
A14: 1.0361137 | B14: 0.083928863 | C14: =B14/$D$1 -> 0.055952575 | E14: TC | F14: 0.37760257 | G14: s | H14: 1.2504858 | I14: =$M$3*$M$11*$M$12*$M$4*($M$14/H14) -> 0.1810741 | J14: =I14/$K$1 -> 0.1810741 | L14: TC | M14: 0.40338892 | N14: s | O14: 1.2504858 | P14: =I14 -> 0.1810741 | Q14: =P14*O14^2/(4*PI()^2) -> 0.0071722285 | R14: =P14/T14 -> 0.044164946 | S14: =Q14*$T$1/T14 -> 0.0034986901 | T14: =($T$1 - 1)*O14/$O$5 + 1 -> 4.0999507
A15: 1.1092816 | B15: 0.078392939 | C15: =B15/$D$1 -> 0.052261959 | E15: TD | F15: 1.9141286 | G15: s | H15: 1.3446077 | I15: =$M$3*$M$11*$M$12*$M$4*($M$14/H15) -> 0.16839901 | J15: =I15/$K$1 -> 0.16839901 | L15: TD | M15: 2.3799483 | N15: s | O15: 1.3446077 | P15: =I15 -> 0.16839901 | Q15: =P15*O15^2/(4*PI()^2) -> 0.0077120696 | R15: =P15/T15 -> 0.0388618 | S15: =Q15*$T$1/T15 -> 0.0035594617 | T15: =($T$1 - 1)*O15/$O$5 + 1 -> 4.3332786
A16: 1.1824495 | B16: 0.073542121 | C16: =B16/$D$1 -> 0.049028081 | H16: 1.4387295 | I16: =$M$3*$M$11*$M$12*$M$4*($M$14/H16) -> 0.15738232 | J16: =I16/$K$1 -> 0.15738232 | O16: 1.4387295 | P16: =I16 -> 0.15738232 | Q16: =P16*O16^2/(4*PI()^2) -> 0.0082519107 | R16: =P16/T16 -> 0.034463736 | S16: =Q16*$T$1/T16 -> 0.0036140231 | T16: =($T$1 - 1)*O16/$O$5 + 1 -> 4.5666065
A17: 1.2556175 | B17: 0.069256641 | C17: =B17/$D$1 -> 0.046171094 | H17: 1.5328514 | I17: =$M$3*$M$11*$M$12*$M$4*($M$14/H17) -> 0.14771855 | J17: =I17/$K$1 -> 0.14771855 | O17: 1.5328514 | P17: =I17 -> 0.14771855 | Q17: =P17*O17^2/(4*PI()^2) -> 0.0087917518 | R17: =P17/T17 -> 0.03077512 | S17: =Q17*$T$1/T17 -> 0.00366328 | T17: =($T$1 - 1)*O17/$O$5 + 1 -> 4.7999343
A18: 1.3287854 | B18: 0.065443111 | C18: =B18/$D$1 -> 0.043628741 | H18: 1.6269733 | I18: =$M$3*$M$11*$M$12*$M$4*($M$14/H18) -> 0.1391729 | J18: =I18/$K$1 -> 0.1391729 | O18: 1.6269733 | P18: =I18 -> 0.1391729 | Q18: =P18*O18^2/(4*PI()^2) -> 0.0093315928 | R18: =P18/T18 -> 0.027650636 | S18: =Q18*$T$1/T18 -> 0.0037079701 | T18: =($T$1 - 1)*O18/$O$5 + 1 -> 5.0332622
A19: 1.4019533 | B19: 0.062027636 | C19: =B19/$D$1 -> 0.041351758 | E19: T (SAP) | F19: 0.59 | H19: 1.7210951 | I19: =$M$3*$M$11*$M$12*$M$4*($M$14/H19) -> 0.13156193 | J19: =I19/$K$1 -> 0.13156193 | L19: T (SAP) | M19: 0.72 | O19: 1.7210951 | P19: =I19 -> 0.13156193 | Q19: =P19*O19^2/(4*PI()^2) -> 0.0098714339 | R19: =P19/T19 -> 0.024980476 | S19: =Q19*$T$1/T19 -> 0.0037487003 | T19: =($T$1 - 1)*O19/$O$5 + 1 -> 5.26659
A20: 1.4751212 | B20: 0.058950986 | C20: =B20/$D$1 -> 0.039300657 | E20: SSLD(T) | F20: =IF(F19<A5,F3*F11*F12*F4,F3*F11*F12*F4*(F14/F19)) -> 0.14738957 | H20: 1.815217 | I20: =$M$3*$M$11*$M$12*$M$4*($M$14/H20) -> 0.12474023 | J20: =I20/$K$1 -> 0.12474023 | L20: SSLV (T) | M20: =IF(M19<H5,M3*M11*M12*M4,M3*M11*M12*M4*(M14/M19)) -> 0.31448693 | O20: 1.815217 | P20: =I20 -> 0.12474023 | Q20: =P20*O20^2/(4*PI()^2) -> 0.010411275 | R20: =P20/T20 -> 0.022680381 | S20: =Q20*$T$1/T20 -> 0.0037859747 | T20: =($T$1 - 1)*O20/$O$5 + 1 -> 5.4999179
A21: 1.5482891 | B21: 0.056165124 | C21: =B21/$D$1 -> 0.037443416 | E21: SSLD(T)/1.5 | F21: =F20/1.5 -> 0.098259715 | H21: 1.9093389 | I21: =$M$3*$M$11*$M$12*$M$4*($M$14/H21) -> 0.1185911 | J21: =I21/$K$1 -> 0.1185911 | L21: SSLV (T)/3.12 | M21: =M20/K1 -> 0.31448693 | O21: 1.9093389 | P21: =I21 -> 0.1185911 | Q21: =P21*O21^2/(4*PI()^2) -> 0.010951116 | R21: =P21/T21 -> 0.020684809 | S21: =Q21*$T$1/T21 -> 0.0038202151 | T21: =($T$1 - 1)*O21/$O$5 + 1 -> 5.7332458
A22: 1.621457 | B22: 0.053630684 | C22: =B22/$D$1 -> 0.035753789 | H22: 2.0034608 | I22: =$M$3*$M$11*$M$12*$M$4*($M$14/H22) -> 0.11301973 | J22: =I22/$K$1 -> 0.11301973 | O22: 2.0034608 | P22: =I22 -> 0.11301973 | Q22: =P22*O22^2/(4*PI()^2) -> 0.011490957 | R22: =P22/T22 -> 0.018942149 | S22: =Q22*$T$1/T22 -> 0.0038517775 | T22: =($T$1 - 1)*O22/$O$5 + 1 -> 5.9665736
A23: 1.6946249 | B23: 0.051315101 | C23: =B23/$D$1 -> 0.034210067 | H23: 2.0975826 | I23: =$M$3*$M$11*$M$12*$M$4*($M$14/H23) -> 0.10794835 | J23: =I23/$K$1 -> 0.10794835 | L23: qmax | M23: =1.5*(M20/F20) -> 3.2005683 | O23: 2.0975826 | P23: =I23 -> 0.10794835 | Q23: =P23*O23^2/(4*PI()^2) -> 0.012030798 | R23: =P23/T23 -> 0.017411301 | S23: =Q23*$T$1/T23 -> 0.0038809643 | T23: =($T$1 - 1)*O23/$O$5 + 1 -> 6.1999015
A24: 1.7677928 | B24: 0.049191199 | C24: =B24/$D$1 -> 0.032794133 | H24: 2.1917045 | I24: =$M$3*$M$11*$M$12*$M$4*($M$14/H24) -> 0.10331255 | J24: =I24/$K$1 -> 0.10331255 | O24: 2.1917045 | P24: =I24 -> 0.10331255 | Q24: =P24*O24^2/(4*PI()^2) -> 0.012570639 | R24: =P24/T24 -> 0.016059206 | S24: =Q24*$T$1/T24 -> 0.0039080339 | T24: =($T$1 - 1)*O24/$O$5 + 1 -> 6.4332293
A25: 1.8409607 | B25: 0.047236124 | C25: =B25/$D$1 -> 0.031490749 | H25: 2.2858264 | I25: =$M$3*$M$11*$M$12*$M$4*($M$14/H25) -> 0.099058525 | J25: =I25/$K$1 -> 0.099058525 | O25: 2.2858264 | P25: =I25 -> 0.099058525 | Q25: =P25*O25^2/(4*PI()^2) -> 0.01311048 | R25: =P25/T25 -> 0.014859023 | S25: =Q25*$T$1/T25 -> 0.0039332087 | T25: =($T$1 - 1)*O25/$O$5 + 1 -> 6.6665572
A26: 1.9141286 | B26: 0.045430514 | C26: =B26/$D$1 -> 0.03028701 | H26: 2.3799483 | I26: 0.095140972 | J26: =I26/$K$1 -> 0.095140972 | N26: TD | O26: 2.3799483 | P26: =I26 -> 0.095140972 | Q26: =P26*O26^2/(4*PI()^2) -> 0.013650321 | R26: =P26/T26 -> 0.013788776 | S26: =Q26*$T$1/T26 -> 0.0039566808 | T26: =($T$1 - 1)*O26/$O$5 + 1 -> 6.8998851
A27: 2.0134558 | B27: 0.041058745 | C27: =B27/$D$1 -> 0.027372497 | H27: 2.4570936 | I27: 0.089260481 | J27: =I27/$K$1 -> 0.089260481 | O27: 2.4570936 | P27: =I27 -> 0.089260481 | Q27: =P27*O27^2/(4*PI()^2) -> 0.013650321 | R27: =P27/T27 -> 0.012936517 | S27: =Q27*$T$1/T27 -> 0.0039566808 | T27: =IF(($T$1 - 1)*O27/$O$5 + 1 <$T$26,($T$1 - 1)*O27/$O$5 + 1,$T$26) -> 6.8998851
A28: 2.112783 | B28: 0.037288944 | C28: =B28/$D$1 -> 0.024859296 | H28: 2.5342389 | I28: 0.0839088 | J28: =I28/$K$1 -> 0.0839088 | O28: 2.5342389 | P28: =I28 -> 0.0839088 | Q28: =P28*O28^2/(4*PI()^2) -> 0.013650321 | R28: =P28/T28 -> 0.012160898 | S28: =Q28*$T$1/T28 -> 0.0039566808 | T28: =IF(($T$1 - 1)*O28/$O$5 + 1 <$T$26,($T$1 - 1)*O28/$O$5 + 1,$T$26) -> 6.8998851
A29: 2.2121102 | B29: 0.03401546 | C29: =B29/$D$1 -> 0.022676974 | H29: 2.6113842 | I29: 0.079024374 | J29: =I29/$K$1 -> 0.079024374 | O29: 2.6113842 | P29: =I29 -> 0.079024374 | Q29: =P29*O29^2/(4*PI()^2) -> 0.013650321 | R29: =P29/T29 -> 0.011452999 | S29: =Q29*$T$1/T29 -> 0.0039566808 | T29: =IF(($T$1 - 1)*O29/$O$5 + 1 <$T$26,($T$1 - 1)*O29/$O$5 + 1,$T$26) -> 6.8998851
A30: 2.3114375 | B30: 0.031154845 | C30: =B30/$D$1 -> 0.020769897 | H30: 2.6885295 | I30: 0.07455435 | J30: =I30/$K$1 -> 0.07455435 | O30: 2.6885295 | P30: =I30 -> 0.07455435 | Q30: =P30*O30^2/(4*PI()^2) -> 0.013650321 | R30: =P30/T30 -> 0.010805158 | S30: =Q30*$T$1/T30 -> 0.0039566808 | T30: =IF(($T$1 - 1)*O30/$O$5 + 1 <$T$26,($T$1 - 1)*O30/$O$5 + 1,$T$26) -> 6.8998851
A31: 2.4107647 | B31: 0.028640477 | C31: =B31/$D$1 -> 0.019093652 | H31: 2.7656749 | I31: 0.070453143 | J31: =I31/$K$1 -> 0.070453143 | O31: 2.7656749 | P31: =I31 -> 0.070453143 | Q31: =P31*O31^2/(4*PI()^2) -> 0.013650321 | R31: =P31/T31 -> 0.01021077 | S31: =Q31*$T$1/T31 -> 0.0039566808 | T31: =IF(($T$1 - 1)*O31/$O$5 + 1 <$T$26,($T$1 - 1)*O31/$O$5 + 1,$T$26) -> 6.8998851
A32: 2.5100919 | B32: 0.026418652 | C32: =B32/$D$1 -> 0.017612435 | H32: 2.8428202 | I32: 0.066681266 | J32: =I32/$K$1 -> 0.066681266 | O32: 2.8428202 | P32: =I32 -> 0.066681266 | Q32: =P32*O32^2/(4*PI()^2) -> 0.013650321 | R32: =P32/T32 -> 0.0096641125 | S32: =Q32*$T$1/T32 -> 0.0039566808 | T32: =IF(($T$1 - 1)*O32/$O$5 + 1 <$T$26,($T$1 - 1)*O32/$O$5 + 1,$T$26) -> 6.8998851
A33: 2.6094191 | B33: 0.024445685 | C33: =B33/$D$1 -> 0.016297124 | H33: 2.9199655 | I33: 0.06320438 | J33: =I33/$K$1 -> 0.06320438 | O33: 2.9199655 | P33: =I33 -> 0.06320438 | Q33: =P33*O33^2/(4*PI()^2) -> 0.013650321 | R33: =P33/T33 -> 0.0091602076 | S33: =Q33*$T$1/T33 -> 0.0039566808 | T33: =IF(($T$1 - 1)*O33/$O$5 + 1 <$T$26,($T$1 - 1)*O33/$O$5 + 1,$T$26) -> 6.8998851
A34: 2.7087463 | B34: 0.022685755 | C34: =B34/$D$1 -> 0.015123836 | H34: 2.9971108 | I34: 0.059992507 | J34: =I34/$K$1 -> 0.059992507 | O34: 2.9971108 | P34: =I34 -> 0.059992507 | Q34: =P34*O34^2/(4*PI()^2) -> 0.013650321 | R34: =P34/T34 -> 0.008694711 | S34: =Q34*$T$1/T34 -> 0.0039566808 | T34: =IF(($T$1 - 1)*O34/$O$5 + 1 <$T$26,($T$1 - 1)*O34/$O$5 + 1,$T$26) -> 6.8998851
A35: 2.8080735 | B35: 0.021109257 | C35: =B35/$D$1 -> 0.014072838 | H35: 3.0742561 | I35: 0.057019383 | J35: =I35/$K$1 -> 0.057019383 | O35: 3.0742561 | P35: =I35 -> 0.057019383 | Q35: =P35*O35^2/(4*PI()^2) -> 0.013650321 | R35: =P35/T35 -> 0.0082638164 | S35: =Q35*$T$1/T35 -> 0.0039566808 | T35: =IF(($T$1 - 1)*O35/$O$5 + 1 <$T$26,($T$1 - 1)*O35/$O$5 + 1,$T$26) -> 6.8998851
A36: 2.9074007 | B36: 0.019691559 | C36: =B36/$D$1 -> 0.013127706 | H36: 3.1514015 | I36: 0.054261919 | J36: =I36/$K$1 -> 0.054261919 | O36: 3.1514015 | P36: =I36 -> 0.054261919 | Q36: =P36*O36^2/(4*PI()^2) -> 0.013650321 | R36: =P36/T36 -> 0.0078641772 | S36: =Q36*$T$1/T36 -> 0.0039566808 | T36: =IF(($T$1 - 1)*O36/$O$5 + 1 <$T$26,($T$1 - 1)*O36/$O$5 + 1,$T$26) -> 6.8998851
A37: 3.0067279 | B37: 0.018412028 | C37: =B37/$D$1 -> 0.012274685 | H37: 3.2285468 | I37: 0.05169975 | J37: =I37/$K$1 -> 0.05169975 | O37: 3.2285468 | P37: =I37 -> 0.05169975 | Q37: =P37*O37^2/(4*PI()^2) -> 0.013650321 | R37: =P37/T37 -> 0.0074928422 | S37: =Q37*$T$1/T37 -> 0.0039566808 | T37: =IF(($T$1 - 1)*O37/$O$5 + 1 <$T$26,($T$1 - 1)*O37/$O$5 + 1,$T$26) -> 6.8998851
A38: 3.1060551 | B38: 0.017253276 | C38: =B38/$D$1 -> 0.011502184 | H38: 3.3056921 | I38: 0.049314861 | J38: =I38/$K$1 -> 0.049314861 | O38: 3.3056921 | P38: =I38 -> 0.049314861 | Q38: =P38*O38^2/(4*PI()^2) -> 0.013650321 | R38: =P38/T38 -> 0.0071472003 | S38: =Q38*$T$1/T38 -> 0.0039566808 | T38: =IF(($T$1 - 1)*O38/$O$5 + 1 <$T$26,($T$1 - 1)*O38/$O$5 + 1,$T$26) -> 6.8998851
... A47: 4 | B47: 0.010403271 | C47: =B47/$D$1 -> 0.0069355139 | H47: 4 | I47: 0.038997413 | J47: =I47/$K$1 -> 0.038997413 | O47: 4 | P47: =I47 -> 0.038997413 | Q47: =P47*O47^2/(4*PI()^2) -> 0.015805056 | R47: =P47/T47 -> 0.0056518931 | S47: =Q47*$T$1/T47 -> 0.004581252 | T47: =IF(($T$1 - 1)*O47/$O$5 + 1 <$T$26,($T$1 - 1)*O47/$O$5 + 1,$T$26) -> 6.8998851

Sheet SPETTRI
A1: SLD | B1: q=1 | C1: q=1,5 | D1: 1.5 | H1: SLV | I1: q=1 | J1: q=3,12 | K1: 3.12 | O1: SE
A2: T [s] | B2: Se [g] | C2: Se [g] | E2: STATO LIMITE | F2: SLD | H2: T [s] | I2: Se [g] | J2: Se [g] | L2: STATO LIMITE | M2: SLV | O2: T [s] | P2: Se [g] | Q2: Se [g]
A3: 0 | B3: 0.094238585 | C3: =B3/1 -> 0.094238585 | E3: ag | F3: 0.078532154 | G3: g | H3: 0 | I3: 0.23398448 | J3: =I3/1 -> 0.23398448 | L3: ag | M3: 0.19498706 | N3: g | O3: 0 | P3: 0.23398448 | Q3: =J3*O3^2/(4*PI()) -> 0
A4: 0.12586752 | B4: 0.23029464 | C4: =B4/$D$1 -> 0.15352976 | E4: Fo | F4: 2.4437404 | H4: 0.13446297 | I4: 0.5613208 | J4: =I4/$K$1 -> 0.17991051 | L4: Fo | M4: 2.398966 | O4: 0.13446297 | P4: 0.5613208 | Q4: =J4*O4^2/(4*PI()) -> 0.00025885234
A5: 0.37760257 | B5: 0.23029464 | C5: =B5/$D$1 -> 0.15352976 | E5: TC* | F5: 0.26275611 | G5: s | H5: 0.40338892 | I5: 0.5613208 | J5: =I5/$K$1 -> 0.17991051 | L5: TC* | M5: 0.2853738 | N5: s | O5: 0.40338892 | P5: 0.5613208 | Q5: =J5*O5^2/(4*PI()) -> 0.0023296711
A6: 0.45077048 | B6: 0.1929138 | C6: =B6/$D$1 -> 0.1286092 | E6: SS | F6: 1.2 | H6: 0.49751079 | I6: =$M$3*$M$11*$M$12*$M$4*($M$14/H6) -> 0.45512699 | J6: =I6/$K$1 -> 0.14587404 | K6: =M3*M11*M12*M4*(M14/H6) -> 0.45512699 | L6: SS | M6: 1.2 | O6: 0.49751079 | P6: =$M$3*$M$11*$M$12*$M$4*($M$14/O6) -> 0.45512699 | Q6: =J6*O6^2/(4*PI()) -> 0.0028732482
A7: 0.52393838 | B7: 0.16597342 | C7: =B7/$D$1 -> 0.11064895 | E7: CC | F7: 1.4370839 | H7: 0.59163267 | I7: =$M$3*$M$11*$M$12*$M$4*($M$14/H7) -> 0.38272158 | J7: =I7/$K$1 -> 0.12266717 | L7: CC | M7: 1.4135457 | O7: 0.59163267 | P7: =$M$3*$M$11*$M$12*$M$4*($M$14/O7) -> 0.38272158 | Q7: =J7*O7^2/(4*PI()) -> 0.0034168254
A8: 0.59710629 | B8: 0.14563546 | C8: =B8/$D$1 -> 0.097090305 | E8: ST | F8: 1 | H8: 0.68575454 | I8: =$M$3*$M$11*$M$12*$M$4*($M$14/H8) -> 0.3301919 | J8: =I8/$K$1 -> 0.10583074 | L8: ST | M8: 1 | O8: 0.68575454 | P8: =$M$3*$M$11*$M$12*$M$4*($M$14/O8) -> 0.3301919 | Q8: =J8*O8^2/(4*PI()) -> 0.0039604026
A9: 0.6702742 | B9: 0.12973772 | C9: =B9/$D$1 -> 0.086491815 | E9: =IF([1]D3a!C5=0,"ξ","q") -> q | F9: 1 | H9: 0.77987641 | I9: =$M$3*$M$11*$M$12*$M$4*($M$14/H9) -> 0.29034163 | J9: =I9/$K$1 -> 0.093058216 | L9: =IF([1]D3a!I5=0,"ξ","q") -> q | M9: 1 | O9: 0.77987641 | P9: =$M$3*$M$11*$M$12*$M$4*($M$14/O9) -> 0.29034163 | Q9: =J9*O9^2/(4*PI()) -> 0.0045039797
A10: 0.7434421 | B10: 0.11696923 | C10: =B10/$D$1 -> 0.077979484 | H10: 0.87399829 | I10: =$M$3*$M$11*$M$12*$M$4*($M$14/H10) -> 0.25907441 | J10: =I10/$K$1 -> 0.08303667 | O10: 0.87399829 | P10: =$M$3*$M$11*$M$12*$M$4*($M$14/O10) -> 0.25907441 | Q10: =J10*O10^2/(4*PI()) -> 0.0050475569
A11: 0.81661001 | B11: 0.10648883 | C11: =B11/$D$1 -> 0.070992556 | E11: S | F11: 1.2 | H11: 0.96812016 | I11: =$M$3*$M$11*$M$12*$M$4*($M$14/H11) -> 0.23388687 | J11: =I11/$K$1 -> 0.074963739 | L11: S | M11: 1.2 | O11: 0.96812016 | P11: =$M$3*$M$11*$M$12*$M$4*($M$14/O11) -> 0.23388687 | Q11: =J11*O11^2/(4*PI()) -> 0.005591134
A12: 0.88977792 | B12: 0.097732081 | C12: =B12/$D$1 -> 0.065154721 | E12: h | F12: 1 | H12: 1.062242 | I12: =$M$3*$M$11*$M$12*$M$4*($M$14/H12) -> 0.2131629 | J12: =I12/$K$1 -> 0.068321442 | L12: h | M12: 1 | O12: 1.062242 | P12: =$M$3*$M$11*$M$12*$M$4*($M$14/O12) -> 0.2131629 | Q12: =J12*O12^2/(4*PI()) -> 0.0061347112
A13: 0.96294582 | B13: 0.090306064 | C13: =B13/$D$1 -> 0.060204043 | E13: TB | F13: 0.12586752 | G13: s | H13: 1.1563639 | I13: =$M$3*$M$11*$M$12*$M$4*($M$14/H13) -> 0.19581257 | J13: =I13/$K$1 -> 0.06276044 | L13: TB | M13: 0.13446297 | N13: s | O13: 1.1563639 | P13: =$M$3*$M$11*$M$12*$M$4*($M$14/O13) -> 0.19581257 | Q13: =J13*O13^2/(4*PI()) -> 0.0066782884
A14: 1.0361137 | B14: 0.083928863 | C14: =B14/$D$1 -> 0.055952575 | E14: TC | F14: 0.37760257 | G14: s | H14: 1.2504858 | I14: =$M$3*$M$11*$M$12*$M$4*($M$14/H14) -> 0.1810741 | J14: =I14/$K$1 -> 0.058036571 | L14: TC | M14: 0.40338892 | N14: s | O14: 1.2504858 | P14: =$M$3*$M$11*$M$12*$M$4*($M$14/O14) -> 0.1810741 | Q14: =J14*O14^2/(4*PI()) -> 0.0072218655
A15: 1.1092816 | B15: 0.078392939 | C15: =B15/$D$1 -> 0.052261959 | E15: TD | F15: 1.9141286 | G15: s | H15: 1.3446077 | I15: =$M$3*$M$11*$M$12*$M$4*($M$14/H15) -> 0.16839901 | J15: =I15/$K$1 -> 0.05397404 | L15: TD | M15: 2.3799483 | N15: s | O15: 1.3446077 | P15: =$M$3*$M$11*$M$12*$M$4*($M$14/O15) -> 0.16839901 | Q15: =J15*O15^2/(4*PI()) -> 0.0077654427
A16: 1.1824495 | B16: 0.073542121 | C16: =B16/$D$1 -> 0.049028081 | H16: 1.4387295 | I16: =$M$3*$M$11*$M$12*$M$4*($M$14/H16) -> 0.15738232 | J16: =I16/$K$1 -> 0.050443051 | O16: 1.4387295 | P16: =$M$3*$M$11*$M$12*$M$4*($M$14/O16) -> 0.15738232 | Q16: =J16*O16^2/(4*PI()) -> 0.0083090199
A17: 1.2556175 | B17: 0.069256641 | C17: =B17/$D$1 -> 0.046171094 | H17: 1.5328514 | I17: =$M$3*$M$11*$M$12*$M$4*($M$14/H17) -> 0.14771855 | J17: =I17/$K$1 -> 0.04734569 | O17: 1.5328514 | P17: =$M$3*$M$11*$M$12*$M$4*($M$14/O17) -> 0.14771855 | Q17: =J17*O17^2/(4*PI()) -> 0.008852597
A18: 1.3287854 | B18: 0.065443111 | C18: =B18/$D$1 -> 0.043628741 | H18: 1.6269733 | I18: =$M$3*$M$11*$M$12*$M$4*($M$14/H18) -> 0.1391729 | J18: =I18/$K$1 -> 0.044606699 | O18: 1.6269733 | P18: =$M$3*$M$11*$M$12*$M$4*($M$14/O18) -> 0.1391729 | Q18: =J18*O18^2/(4*PI()) -> 0.0093961742
A19: 1.4019533 | B19: 0.062027636 | C19: =B19/$D$1 -> 0.041351758 | E19: T (SAP) | F19: 0.59 | H19: 1.7210951 | I19: =$M$3*$M$11*$M$12*$M$4*($M$14/H19) -> 0.13156193 | J19: =I19/$K$1 -> 0.042167284 | L19: T (SAP) | M19: 0.72 | O19: 1.7210951 | P19: =$M$3*$M$11*$M$12*$M$4*($M$14/O19) -> 0.13156193 | Q19: =J19*O19^2/(4*PI()) -> 0.0099397514
A20: 1.4751212 | B20: 0.058950986 | C20: =B20/$D$1 -> 0.039300657 | E20: SSLD(T) | F20: =IF(F19<A5,F3*F11*F12*F4,F3*F11*F12*F4*(F14/F19)) -> 0.14738957 | H20: 1.815217 | I20: =$M$3*$M$11*$M$12*$M$4*($M$14/H20) -> 0.12474023 | J20: =I20/$K$1 -> 0.039980843 | L20: SSLV (T) | M20: =IF(M19<H5,M3*M11*M12*M4,M3*M11*M12*M4*(M14/M19)) -> 0.31448693 | O20: 1.815217 | P20: =$M$3*$M$11*$M$12*$M$4*($M$14/O20) -> 0.12474023 | Q20: =J20*O20^2/(4*PI()) -> 0.010483329
A21: 1.5482891 | B21: 0.056165124 | C21: =B21/$D$1 -> 0.037443416 | E21: SSLD(T)/1.5 | F21: =F20/1.5 -> 0.098259715 | H21: 1.9093389 | I21: =$M$3*$M$11*$M$12*$M$4*($M$14/H21) -> 0.1185911 | J21: =I21/$K$1 -> 0.038009966 | L21: SSLV (T)/3.12 | M21: =M20/K1 -> 0.10079709 | O21: 1.9093389 | P21: =$M$3*$M$11*$M$12*$M$4*($M$14/O21) -> 0.1185911 | Q21: =J21*O21^2/(4*PI()) -> 0.011026906
A22: 1.621457 | B22: 0.053630684 | C22: =B22/$D$1 -> 0.035753789 | H22: 2.0034608 | I22: =$M$3*$M$11*$M$12*$M$4*($M$14/H22) -> 0.11301973 | J22: =I22/$K$1 -> 0.036224272 | O22: 2.0034608 | P22: =$M$3*$M$11*$M$12*$M$4*($M$14/O22) -> 0.11301973 | Q22: =J22*O22^2/(4*PI()) -> 0.011570483
A23: 1.6946249 | B23: 0.051315101 | C23: =B23/$D$1 -> 0.034210067 | H23: 2.0975826 | I23: =$M$3*$M$11*$M$12*$M$4*($M$14/H23) -> 0.10794835 | J23: =I23/$K$1 -> 0.034598831 | L23: qmax | M23: =1.5*(M20/F20) -> 3.2005683 | O23: 2.0975826 | P23: =$M$3*$M$11*$M$12*$M$4*($M$14/O23) -> 0.10794835 | Q23: =J23*O23^2/(4*PI()) -> 0.01211406
A24: 1.7677928 | B24: 0.049191199 | C24: =B24/$D$1 -> 0.032794133 | H24: 2.1917045 | I24: =$M$3*$M$11*$M$12*$M$4*($M$14/H24) -> 0.10331255 | J24: =I24/$K$1 -> 0.033112998 | O24: 2.1917045 | P24: =$M$3*$M$11*$M$12*$M$4*($M$14/O24) -> 0.10331255 | Q24: =J24*O24^2/(4*PI()) -> 0.012657637
A25: 1.8409607 | B25: 0.047236124 | C25: =B25/$D$1 -> 0.031490749 | H25: 2.2858264 | I25: =$M$3*$M$11*$M$12*$M$4*($M$14/H25) -> 0.099058525 | J25: =I25/$K$1 -> 0.031749527 | O25: 2.2858264 | P25: =$M$3*$M$11*$M$12*$M$4*($M$14/O25) -> 0.099058525 | Q25: =J25*O25^2/(4*PI()) -> 0.013201214
A26: 1.9141286 | B26: 0.045430514 | C26: =B26/$D$1 -> 0.03028701 | H26: 2.3799483 | I26: 0.095140972 | J26: =I26/$K$1 -> 0.030493901 | O26: 2.3799483 | P26: 0.095140972 | Q26: =J26*O26^2/(4*PI()) -> 0.013744792
A27: 2.0134558 | B27: 0.041058745 | C27: =B27/$D$1 -> 0.027372497 | H27: 2.4570936 | I27: 0.089260481 | J27: =I27/$K$1 -> 0.028609128 | O27: 2.4570936 | P27: 0.089260481 | Q27: =J27*O27^2/(4*PI()) -> 0.013744792
A28: 2.112783 | B28: 0.037288944 | C28: =B28/$D$1 -> 0.024859296 | H28: 2.5342389 | I28: 0.0839088 | J28: =I28/$K$1 -> 0.026893846 | O28: 2.5342389 | P28: 0.0839088 | Q28: =J28*O28^2/(4*PI()) -> 0.013744792
A29: 2.2121102 | B29: 0.03401546 | C29: =B29/$D$1 -> 0.022676974 | H29: 2.6113842 | I29: 0.079024374 | J29: =I29/$K$1 -> 0.025328325 | O29: 2.6113842 | P29: 0.079024374 | Q29: =J29*O29^2/(4*PI()) -> 0.013744792
A30: 2.3114375 | B30: 0.031154845 | C30: =B30/$D$1 -> 0.020769897 | H30: 2.6885295 | I30: 0.07455435 | J30: =I30/$K$1 -> 0.023895625 | O30: 2.6885295 | P30: 0.07455435 | Q30: =J30*O30^2/(4*PI()) -> 0.013744792
A31: 2.4107647 | B31: 0.028640477 | C31: =B31/$D$1 -> 0.019093652 | H31: 2.7656749 | I31: 0.070453143 | J31: =I31/$K$1 -> 0.022581135 | O31: 2.7656749 | P31: 0.070453143 | Q31: =J31*O31^2/(4*PI()) -> 0.013744792
A32: 2.5100919 | B32: 0.026418652 | C32: =B32/$D$1 -> 0.017612435 | H32: 2.8428202 | I32: 0.066681266 | J32: =I32/$K$1 -> 0.021372201 | O32: 2.8428202 | P32: 0.066681266 | Q32: =J32*O32^2/(4*PI()) -> 0.013744792
A33: 2.6094191 | B33: 0.024445685 | C33: =B33/$D$1 -> 0.016297124 | H33: 2.9199655 | I33: 0.06320438 | J33: =I33/$K$1 -> 0.020257814 | O33: 2.9199655 | P33: 0.06320438 | Q33: =J33*O33^2/(4*PI()) -> 0.013744792
A34: 2.7087463 | B34: 0.022685755 | C34: =B34/$D$1 -> 0.015123836 | H34: 2.9971108 | I34: 0.059992507 | J34: =I34/$K$1 -> 0.019228368 | O34: 2.9971108 | P34: 0.059992507 | Q34: =J34*O34^2/(4*PI()) -> 0.013744792
A35: 2.8080735 | B35: 0.021109257 | C35: =B35/$D$1 -> 0.014072838 | H35: 3.0742561 | I35: 0.057019383 | J35: =I35/$K$1 -> 0.018275443 | O35: 3.0742561 | P35: 0.057019383 | Q35: =J35*O35^2/(4*PI()) -> 0.013744792
A36: 2.9074007 | B36: 0.019691559 | C36: =B36/$D$1 -> 0.013127706 | H36: 3.1514015 | I36: 0.054261919 | J36: =I36/$K$1 -> 0.017391641 | O36: 3.1514015 | P36: 0.054261919 | Q36: =J36*O36^2/(4*PI()) -> 0.013744792
A37: 3.0067279 | B37: 0.018412028 | C37: =B37/$D$1 -> 0.012274685 | H37: 3.2285468 | I37: 0.05169975 | J37: =I37/$K$1 -> 0.016570433 | O37: 3.2285468 | P37: 0.05169975 | Q37: =J37*O37^2/(4*PI()) -> 0.013744792
... A47: 4 | B47: 0.010403271 | C47: =B47/$D$1 -> 0.0069355139 | H47: 4 | I47: 0.038997413 | J47: =I47/$K$1 -> 0.012499171 | O47: 4 | P47: 0.038997413 | Q47: =J47*O47^2/(4*PI()) -> 0.015914439

Sheet COMBINAZIONI
A1: COMBINAZIONE SOLAIO | B1: INTERPIANO | C1: COPERTURA
A2: COMBINAZIONE DELLE AZIONI | B2: p [KN/m2] | C2: p [KN/m2]
A3: FONDAMENTALE | B3: =1.3*SOLAIO!E23+1.5*(SOLAIO!E32+TRAMEZZI!B11)+1.5*SOLAIO!B47 -> 14.3455 | C3: =1.3*SOLAIO!E23+1.5*SOLAIO!E43+1.5*SOLAIO!B47+1.5*0.5*0.89 -> 11.518
A4: RARA | B4: =SOLAIO!E23+SOLAIO!E32+(SOLAIO!B47+TRAMEZZI!B11) -> 9.817 | C4: =SOLAIO!E23+SOLAIO!E43+SOLAIO!B47+0.5*0.89 -> 7.932 | F4: Forze su telaio in direzione X
A5: FREQUENTE | B5: =SOLAIO!E23+SOLAIO!E32+0.5*(SOLAIO!B47+TRAMEZZI!B11) -> 8.017 | C5: =SOLAIO!E23+SOLAIO!E43+0.5*SOLAIO!B47 -> 6.487 | G5: 1 | H5: 2 | I5: 3 | J5: 4 | K5: 5
A6: QUASI PERMANENTE | B6: =SOLAIO!E23+SOLAIO!E32+0.3*(SOLAIO!B47+TRAMEZZI!B11) -> 7.297 | C6: =SOLAIO!E23+SOLAIO!E43+0.3*SOLAIO!B47 -> 6.087 | F6: Ainf [m] | G6: =2*2 -> 4 | H6: =4*2 -> 8 | I6: =(2+2.75)*2 -> 9.5 | J6: =(2.75+2)*2 -> 9.5 | K6: =2*2 -> 4
A7: SISMICA | B7: =SOLAIO!E23+SOLAIO!E32+0.3*(SOLAIO!B47+TRAMEZZI!B11) -> 7.297 | C7: =SOLAIO!E23+SOLAIO!E43+0.3*SOLAIO!B47 -> 6.087 | F7: F4 [KN] | G7: =$C$7*G6 -> 24.348 | H7: =$C$7*H6 -> 48.696 | I7: =$C$7*I6 -> 57.8265 | J7: =$C$7*J6 -> 57.8265 | K7: =$C$7*K6 -> 24.348
F8: F3 [KN] | G8: =$B$7*G$6 -> 29.188 | H8: =$B$7*H$6 -> 58.376 | I8: =$B$7*I$6 -> 69.3215 | J8: =$B$7*J$6 -> 69.3215 | K8: =$B$7*K$6 -> 29.188
F9: F2 [KN] | G9: =$B$7*G$6 -> 29.188 | H9: =$B$7*H$6 -> 58.376 | I9: =$B$7*I$6 -> 69.3215 | J9: =$B$7*J$6 -> 69.3215 | K9: =$B$7*K$6 -> 29.188
F10: F1 [KN] | G10: =$B$7*G$6 -> 29.188 | H10: =$B$7*H$6 -> 58.376 | I10: =$B$7*I$6 -> 69.3215 | J10: =$B$7*J$6 -> 69.3215 | K10: =$B$7*K$6 -> 29.188
F12: =C7*5 -> 30.435
F13: =B7*5 -> 36.485

Sheet CDS solaio
A1: SLU | B1: M^+_{max}[KNm] | C1: z (M^+_{max} ) | D1: M^+_{max} [KNm] | E1: z (M^-_{max} ) | F1: T_{max} (dx) [KN] | G1: T_{max} (dx) [KN] | N1: As travetto | Q1: As aggiuntiva
A2: 1 | B2: 11.83 | C2: 1.739 | D2: 0 | E2: - | F2: - | G2: 13.04 | I2: fyd [N/mm2] | J2: =450/1.15 -> 391.30435 | M2: As+ [mm2] | N2: φ [mm] | O2: n | P2: A+ [mm2] | Q2: φ | R2: n | S2: A+ [mm2] | T2: Atot [mm2] | V2: MRD [KNm]
A3: 2 | B3: 8.212 | C3: 2.087 | D3: 13.35 | E3: 0 | F3: -17.69 | G3: 16.68 | I3: h [mm] | J3: =220 -> 220 | L3: 1 | M3: =(B2*1000*1000)/(0.9*$J$2*$J$5) -> 176.79662 | N3: 7 | O3: 2 | P3: =N3^2/4*(PI()*O3) -> 76.96902 | Q3: 12 | R3: 1 | S3: =Q3^2/4*(PI()*R3) -> 113.09734 | T3: =P3+S3 -> 190.06636 | U3: =IF(T3>=M3,"verifica","non verifica") -> verifica | V3: =(0.9*T3*$J$2*$J$5)/1000^2 -> 12.717918
A4: 3 | B4: 14.75 | C4: 2.661 | D4: 17.67 | E4: 0 | F4: 17.84 | G4: 20.87 | I4: c [mm] | J4: 30 | L4: 2 | M4: =(B3*1000*1000)/(0.9*$J$2*$J$5) -> 122.72645 | N4: 7 | O4: 2 | P4: =N4^2/4*PI()*O4 -> 76.96902 | Q4: 12 | R4: 1 | S4: =Q4^2/4*PI()*R4 -> 113.09734 | T4: =P4+S4 -> 190.06636 | U4: =IF(T4>=M4,"verifica","non verifica") -> verifica | V4: =(0.9*T4*$J$2*$J$5)/1000^2 -> 12.717918
A5: 4 | B5: 6.567 | C5: 2.261 | D5: 16.18 | E5: 0 | F5: 20.73 | G5: 12.52 | I5: d [mm] | J5: =J3-J4 -> 190 | L5: 3 | M5: =(B4*1000*1000)/(0.9*$J$2*$J$5) -> 220.43535 | N5: 7 | O5: 2 | P5: =N5^2/4*PI()*O5 -> 76.96902 | Q5: 12 | R5: 2 | S5: =Q5^2/4*PI()*R5 -> 226.19467 | T5: =P5+S5 -> 303.16369 | U5: =IF(T5>=M5,"verifica","non verifica") -> verifica | V5: =(0.9*T5*$J$2*$J$5)/1000^2 -> 20.285605
A6: 5 | B6: 0 | C6: 0 | D6: 0 | E6: 0 | F6: -7.459 | L6: 4 | M6: =(B5*1000*1000)/(0.9*$J$2*$J$5) -> 98.1423 | N6: 7 | O6: 2 | P6: =N6^2/4*PI()*O6 -> 76.96902 | Q6: 12 | R6: 1 | S6: =Q6^2/4*PI()*R6 -> 113.09734 | T6: =P6+S6 -> 190.06636 | U6: =IF(T6>=M6,"verifica","non verifica") -> verifica | V6: =(0.9*T6*$J$2*$J$5)/1000^2 -> 12.717918
M8: As- [mm2] | N8: φ [mm] | O8: n | P8: A- [mm2] | R8: MRD [KNm]
J9: M semincastro | K9: =COMBINAZIONI!B3*0.5*4^2/16 -> 7.17275 | L9: 1 | M9: =(K9*1000*1000)/(0.9*$J$2*$J$5) -> 107.19509 | N9: 12 | O9: 1 | P9: =N9^2/4*PI()*O9 -> 113.09734 | Q9: =IF(P9>=M9,"verifica","non verifica") -> verifica | R9: =(0.9*P9*$J$2*$J$5)/1000^2 -> 7.5676869
L10: 2 | M10: =(D3*1000*1000)/(0.9*$J$2*$J$5) -> 199.51267 | N10: 12 | O10: 3 | P10: =N10^2/4*PI()*O10 -> 339.29201 | Q10: =IF(P10>=M10,"verifica","non verifica") -> verifica | R10: =(0.9*P10*$J$2*$J$5)/1000^2 -> 22.703061
L11: 3 | M11: =(D4*1000*1000)/(0.9*$J$2*$J$5) -> 264.07407 | N11: 12 | O11: 3 | P11: =N11^2/4*PI()*O11 -> 339.29201 | Q11: =IF(P11>=M11,"verifica","non verifica") -> verifica | R11: =(0.9*P11*$J$2*$J$5)/1000^2 -> 22.703061
L12: 4 | M12: =(D5*1000*1000)/(0.9*$J$2*$J$5) -> 241.80637 | N12: 12 | O12: 3 | P12: =N12^2/4*PI()*O12 -> 339.29201 | Q12: =IF(P12>=M12,"verifica","non verifica") -> verifica | R12: =(0.9*P12*$J$2*$J$5)/1000^2 -> 22.703061
J13: M semincastro | K13: =COMBINAZIONI!B3*0.5*4^2/16 -> 7.17275 | L13: 5 | M13: =(K13*1000*1000)/(0.9*$J$2*$J$5) -> 107.19509 | N13: 12 | O13: 1 | P13: =N13^2/4*PI()*O13 -> 113.09734 | Q13: =IF(P13>=M13,"verifica","non verifica") -> verifica | R13: =(0.9*P13*$J$2*$J$5)/1000^2 -> 7.5676869
E16: VERIFICA A TAGLIO
D17: RcK | E17: 25
D18: fck [N/mm^2] | E18: 25 | F18: Resistenza cilindrica
D19: h [mm] | E19: =220 -> 220 | F19: altezza sezione
D20: c [mm] | E20: 30 | F20: copriferro
D21: d [mm] | E21: =E19-E20 -> 190 | F21: altezza utile
D22: b_w [mm] | E22: 100 | F22: spessore anima travetto
D23: Ac [mm^2] | E23: =E22*(E19-40)+40*500 -> 38000 | F23: Area di calcestruzzo
D24: k | E24: =IF(1+(200/J5)^(1/2)>=2,2,1+(200/J5)^(1/2)) -> 2
D25: \nu | E25: =0.035*E24^(3/2)*E18^(1/2) -> 0.49497475
E27: T_{max} (dx) [KN] | F27: T_{max} (dx) [KN] | G27: A- [mm2] | H27: \rho_l | I27: V_{RD} [KN]
D28: 1 | F28: 13.04 | G28: =P9 -> 113.09734 | H28: =G28/($E$22*$E$21) -> 0.0059524913 | I28: =MAX(((0.18*$E$24*(100*H28*$E$18)^(1/3)/1.5)*$E$23),($E$23*($E$25)))/1000 -> 22.432332 | J28: =IF(I28>=MAX(ABS(F28),ABS(E28)),"verifica","non verifica") -> verifica
D29: 2 | E29: -17.69 | F29: 16.68 | G29: =P10 -> 339.29201 | H29: =G29/($E$22*$E$21) -> 0.017857474 | I29: =MAX(((0.18*$E$24*(100*H29*$E$18)^(1/3)/1.5)*$E$23),($E$23*($E$25)))/1000 -> 32.353022 | J29: =IF(I29>=MAX(ABS(F29),ABS(E29)),"verifica","non verifica") -> verifica
D30: 3 | E30: 17.84 | F30: 20.87 | G30: =P11 -> 339.29201 | H30: =G30/($E$22*$E$21) -> 0.017857474 | I30: =MAX(((0.18*$E$24*(100*H30*$E$18)^(1/3)/1.5)*$E$23),($E$23*($E$25)))/1000 -> 32.353022 | J30: =IF(I30>=MAX(ABS(F30),ABS(E30)),"verifica","non verifica") -> verifica
D31: 4 | E31: 20.73 | F31: 12.52 | G31: =P12 -> 339.29201 | H31: =G31/($E$22*$E$21) -> 0.017857474 | I31: =MAX(((0.18*$E$24*(100*H31*$E$18)^(1/3)/1.5)*$E$23),($E$23*($E$25)))/1000 -> 32.353022 | J31: =IF(I31>=MAX(ABS(F31),ABS(E31)),"verifica","non verifica") -> verifica
D32: 5 | E32: -7.459 | G32: =P13 -> 113.09734 | H32: =G32/($E$22*$E$21) -> 0.0059524913 | I32: =MAX(((0.18*$E$24*(100*H32*$E$18)^(1/3)/1.5)*$E$23),($E$23*($E$25)))/1000 -> 22.432332 | J32: =IF(I32>=MAX(ABS(F32),ABS(E32)),"verifica","non verifica") -> verifica
