Workbook

Sheet Pushover DATI
A1: Step | B1: d [m] | C1: V [KN] | D1: calcolo area
A2: 0 | B2: 5.4e-05 | C2: 0
A3: 1 | B3: 0.010054 | C3: 194.533 | D3: =ABS((B3-B2)*(C3+C2)/2) -> 0.972665
A4: 2 | B4: 0.013555 | C4: 262.523 | D4: =ABS((B4-B3)*(C4+C3)/2) -> 0.80007653
A5: 3 | B5: 0.015356 | C5: 292.816 | D5: =ABS((B5-B4)*(C5+C4)/2) -> 0.50008277
A6: 4 | B6: 0.028434 | C6: 381.831 | D6: =ABS((B6-B5)*(C6+C5)/2) -> 4.4115167
A7: 5 | B7: 0.046117 | C7: 439.333 | D7: =ABS((B7-B6)*(C7+C6)/2) -> 7.2603215
A8: 6 | B8: 0.057921 | C8: 470.503 | D8: =ABS((B8-B7)*(C8+C7)/2) -> 5.3698521
A9: 7 | B9: 0.071506 | C9: 492.107 | D9: =ABS((B9-B8)*(C9+C8)/2) -> 6.5385284
A10: 8 | B10: 0.08144 | C10: 506.097 | D10: =ABS((B10-B9)*(C10+C9)/2) -> 4.9580793
A11: 9 | B11: 0.100508 | C11: 521.899 | D11: =ABS((B11-B10)*(C11+C10)/2) -> 9.8009139
A12: 10 | B12: 0.119396 | C12: 536.658 | D12: =ABS((B12-B11)*(C12+C11)/2) -> 9.9970123
A13: 11 | B13: 0.122274 | C13: 538.446 | D13: =ABS((B13-B12)*(C13+C12)/2) -> 1.5470747
A14: 12 | B14: 0.141311 | C14: 545.284 | D14: =ABS((B14-B13)*(C14+C13)/2) -> 10.315484
... A19: 17 | B19: 0.182994 | C19: 522.433 | D19: =ABS((B19-B18)*(C19+C18)/2) -> 3.6189904
D407: =(B406+B407)/2*(C407-C406) -> 0
D408: =(B407+B408)/2*(C408-C407) -> 0
D409: =(B408+B409)/2*(C409-C408) -> 0
D410: =(B409+B410)/2*(C410-C409) -> 0
D411: =(B410+B411)/2*(C411-C410) -> 0
D412: =(B411+B412)/2*(C412-C411) -> 0
D413: =(B412+B413)/2*(C413-C412) -> 0
D414: =(B413+B414)/2*(C414-C413) -> 0
D415: =(B414+B415)/2*(C415-C414) -> 0
D416: =(B415+B416)/2*(C416-C415) -> 0

Sheet Verifica
S2: PARAMETRI DI PROGETTO
S3: q | T3: de [m] | U3: Ve [KN]
S4: 3.12 | T4: 0.0129 | U4: 255.7223
S6: DATI PUSHOVER X
S7: STEP | T7: dy [m] | U7: Vy [KN]
S8: 2 | T8: =VLOOKUP(S8,'Pushover DATI'!A2:C38,2) -> 0.013555 | U8: =VLOOKUP(S8,'Pushover DATI'!A2:C38,3) -> 262.523
S9: STEP | T9: du [m] | U9: Vu [KN]
S10: 13 | T10: =VLOOKUP(S10,'Pushover DATI'!A2:C38,2) -> 0.161221 | U10: =VLOOKUP(S10,'Pushover DATI'!A2:C38,3) -> 551.88
S11: 17 | T11: =VLOOKUP(S11,'Pushover DATI'!A3:C39,2) -> 0.182994 | U11: =VLOOKUP(S11,'Pushover DATI'!A3:C39,3) -> 522.433
S13: LINEARIZZAZIONE GRAFICO
T15: y | U15: x
T16: 0 | U16: 0
S17: 0,60Fbu [KN] | T17: =U10*0.6 -> 331.128 | U17: =('Pushover DATI'!$B$5-'Pushover DATI'!$B$4)/('Pushover DATI'!$C$5-'Pushover DATI'!$C$4)*(Verifica!T17-'Pushover DATI'!$C$4)+'Pushover DATI'!$B$4 -> 0.017633751 | W17: Area grafico 1
S18: Vy* [KN] | T18: 502.575 | U18: =T18/(T17/U17) -> 0.026763917 | W18: =SUM('Pushover DATI'!D2:D107) -> 85.243014
S19: 0,85Vu* [KN] | T19: =T18 -> 502.575 | U19: =T11 -> 0.182994 | W19: Area grafico 2
S20: 0,85Fbu [KN] | T20: ='Pushover DATI'!C11*0.85 -> 443.61415 | W20: =U18*T18/2+(U19-U18)*T18 -> 85.242772
T21: 0 | U21: =T10 -> 0.161221
S22: Veu [KN] | T22: =T17/U17*U21 -> 3027.4209 | U22: =U21 -> 0.161221
S24: CALCOLO FATTORE DI STRUTTURA
S25: Rμ | T25: Ω | U25: q
S26: =T22/T18 -> 6.0238192 | T26: =T18/U8 -> 1.9144037 | U26: =S26*T26 -> 11.532022
