Workbook

Sheet Pushover DATI
A1: Step | B1: d [m] | C1: V [KN] | D1: calcolo area
A2: 0 | B2: 4.5e-05 | C2: 0
A3: 1 | B3: 0.020045 | C3: 311.711 | D3: =ABS((B3-B2)*(C3+C2)/2) -> 3.11711
A4: 2 | B4: 0.03084 | C4: 479.936 | D4: =ABS((B4-B3)*(C4+C3)/2) -> 4.2729147
A5: 3 | B5: 0.03367 | C5: 511.906 | D5: =ABS((B5-B4)*(C5+C4)/2) -> 1.4034564
A6: 4 | B6: 0.040118 | C6: 551.029 | D6: =ABS((B6-B5)*(C6+C5)/2) -> 3.4269024
A7: 5 | B7: 0.040314 | C7: 551.318 | D7: =ABS((B7-B6)*(C7+C6)/2) -> 0.10803001
A8: 6 | B8: 0.044178 | C8: 571.308 | D8: =ABS((B8-B7)*(C8+C7)/2) -> 2.1689134
A9: 7 | B9: 0.044319 | C9: 571.658 | D9: =ABS((B9-B8)*(C9+C8)/2) -> 0.080579103
A10: 8 | B10: 0.06728 | C10: 634.614 | D10: =ABS((B10-B9)*(C10+C9)/2) -> 13.848606
A11: 9 | B11: 0.089769 | C11: 686.945 | D11: =ABS((B11-B10)*(C11+C10)/2) -> 14.86027
A12: 10 | B12: 0.113235 | C12: 715.507 | D12: =ABS((B12-B11)*(C12+C11)/2) -> 16.454969
A13: 11 | B13: 0.139162 | C13: 746.142 | D13: =ABS((B13-B12)*(C13+C12)/2) -> 18.948087
A14: 12 | B14: 0.160336 | C14: 763.885 | D14: =ABS((B14-B13)*(C14+C13)/2) -> 15.986656
... A20: 18 | B20: 0.20746 | C20: 783.862 | D20: =ABS((B20-B19)*(C20+C19)/2) -> 0.00313544
D23: =(B22+B23)/2*(C23-C22) -> 0
D24: =(B23+B24)/2*(C24-C23) -> 0
D25: =(B24+B25)/2*(C25-C24) -> 0
D26: =(B25+B26)/2*(C26-C25) -> 0
D27: =(B26+B27)/2*(C27-C26) -> 0
D28: =(B27+B28)/2*(C28-C27) -> 0
D29: =(B28+B29)/2*(C29-C28) -> 0
D30: =(B29+B30)/2*(C30-C29) -> 0
D31: =(B30+B31)/2*(C31-C30) -> 0
D32: =(B31+B32)/2*(C32-C31) -> 0
D33: =(B32+B33)/2*(C33-C32) -> 0
D34: =(B33+B34)/2*(C34-C33) -> 0
... D416: =(B415+B416)/2*(C416-C415) -> 0

Sheet Verifica
W2: PARAMETRI DI PROGETTO
W3: q | X3: de [m] | Y3: Ve [KN]
W4: 3.12 | X4: 0.0144 | Y4: 440
W6: DATI PUSHOVER X
W7: STEP | X7: dy [m] | Y7: Vy [KN]
W8: 2 | X8: =VLOOKUP(W8,'Pushover DATI'!A2:C38,2) -> 0.03084 | Y8: =VLOOKUP(W8,'Pushover DATI'!A2:C38,3) -> 479.936
W9: STEP | X9: du [m] | Y9: Vu [KN]
W10: 11 | X10: =VLOOKUP(W10,'Pushover DATI'!A2:C38,2) -> 0.139162 | Y10: =VLOOKUP(W10,'Pushover DATI'!A2:C38,3) -> 746.142
W11: 11 | X11: =VLOOKUP(W11,'Pushover DATI'!A3:C39,2) -> 0.139162 | Y11: =VLOOKUP(W11,'Pushover DATI'!A3:C39,3) -> 746.142
W13: LINEARIZZAZIONE GRAFICO
X15: y | Y15: x
X16: 0 | Y16: 0
W17: 0,60Fbu [KN] | X17: =Y10*0.6 -> 447.6852 | Y17: =('Pushover DATI'!$B$4-'Pushover DATI'!$B$3)/('Pushover DATI'!$C$4-'Pushover DATI'!$C$3)*(Verifica!X17-'Pushover DATI'!$C$3)+'Pushover DATI'!$B$3 -> 0.028770466 | AA17: Area grafico 1
W18: Vy* [KN] | X18: 710.3 | Y18: =X18/(X17/Y17) -> 0.045647392 | AA18: =SUM('Pushover DATI'!D2:D107) -> 131.15252
W19: 0,85Vu* [KN] | X19: =X18 -> 710.3 | Y19: =X11 -> 0.139162 | AA19: Area grafico 2
W20: 0,85Fbu [KN] | X20: ='Pushover DATI'!C11*0.85 -> 583.90325 | AA20: =Y18*X18/2+(Y19-Y18)*X18 -> 82.635097
X21: 0 | Y21: =X10 -> 0.139162
W22: Veu [KN] | X22: =X17/Y17*Y21 -> 2165.4417 | Y22: =Y21 -> 0.139162
W24: CALCOLO FATTORE DI STRUTTURA
W25: Rμ | X25: Ω | Y25: q | AC25: Ɣ
W26: =X22/X18 -> 3.0486298 | X26: =X18/Y8 -> 1.479989 | Y26: =W26*X26 -> 4.5119386 | AC26: =Y8/Y4 -> 1.0907636
AB29: =(Y10/Y8)*(X10/X8) -> 7.015271

Sheet Andamento forze
A1: Tipo di analisi | B1: impalcato | C1: sisma | D1: Fi (KN) | E1: Distribuzione
A2: DINAMICA LINEARE | B2: 1 | C2: direzione Y | D2: 28.7385 | E2: =D2/MAX($D$2:$D$5) -> 0.33974276
B3: 2 | C3: direzione Y | D3: 58.073 | E3: =D3/MAX($D$2:$D$5) -> 0.68653135
B4: 3 | C4: direzione Y | D4: 84.589 | E4: =D4/MAX($D$2:$D$5) -> 1
B5: 4 | C5: direzione Y | D5: 84.321 | E5: =D5/MAX($D$2:$D$5) -> 0.99683174
A7: Tipo di analisi | B7: impalcato | C7: sisma | D7: Fi (KN) | E7: Distribuzione
A8: DINAMICA LINEARE | B8: 1 | C8: direzione X | D8: 41.9729 | E8: =D8/MAX($D$8:$D$11) -> 0.28485577
B9: 2 | C9: direzione X | D9: 107.5503 | E9: =D9/MAX($D$8:$D$11) -> 0.72990725
B10: 3 | C10: direzione X | D10: 143.8628 | E10: =D10/MAX($D$8:$D$11) -> 0.97634781
B11: 4 | C11: direzione X | D11: 147.3479 | E11: =D11/MAX($D$8:$D$11) -> 1
B14: Tipo di analisi | C14: impalcato | D14: mi (KN) | E14: Distribuzione
B15: ACCELERAZIONE COSTANTE | C15: 1 | D15: 2962 | E15: =D15/MAX($D$15:$D$18) -> 1
C16: 2 | D16: 2962 | E16: =D16/MAX($D$15:$D$18) -> 1
C17: 3 | D17: 2962 | E17: =D17/MAX($D$15:$D$18) -> 1
C18: 4 | D18: 2212 | E18: =D18/MAX($D$15:$D$18) -> 0.74679271
