Workbook

Sheet SLU
A1: TRAVI D'INTERPIANO | P1: b | Q1: 300 | R1: mm
A2: TELAIO 1 | B2: $M^+_{max}$ | C2: $As^+_{min}$ | D2: $\phi$ | E2: N$\phi$ | F2: $As^+$ | G2: $M^-_{max}$ | H2: $As^-_{min}$ | I2: $\phi$ | J2: N$\phi$ | K2: $As^-$ | P2: h | Q2: =500 -> 500 | R2: mm
A3: Campata | B3: KNm | C3: mm^2 | D3: mm | E3: - | F3: mm^2 | G3: KNm | H3: mm^2 | I3: mm | J3: - | K3: mm^2 | P3: d | Q3: =Q2-40 -> 460 | R3: mm
A4: 1 | B4: 71.45 | C4: =(B4*1000^2)/(0.9*SLU!$Q$3*SLU!$Q$4) -> 441.04938 | D4: 14 | E4: =ROUNDUP(C4/(PI()*D4^2/4),0) -> 3 | F4: =E4*D4^2*PI()/4 -> 461.81412 | G4: 85.23 | H4: =(G4*1000^2)/(0.9*SLU!$Q$3*SLU!$Q$4) -> 526.11111 | I4: 18 | J4: 4 | K4: =J4*I4^2*PI()/4 -> 1017.876 | P4: fyk | Q4: =450/1.15 -> 391.30435 | R4: N/mm^2
A5: 2 | B5: 130 | C5: =(B5*1000^2)/(0.9*SLU!$Q$3*SLU!$Q$4) -> 802.46914 | D5: 14 | E5: =ROUNDUP(C5/(PI()*D5^2/4),0) -> 6 | F5: =E5*D5^2*PI()/4 -> 923.62824 | G5: 164.7 | H5: =(G5*1000^2)/(0.9*SLU!$Q$3*SLU!$Q$4) -> 1016.6667 | I5: 18 | J5: =ROUNDUP(H5/(PI()*I5^2/4),0) -> 4 | K5: =J5*I5^2*PI()/4 -> 1017.876 | P5: f_ck | Q5: =25 -> 25 | R5: N/mm^2
A6: 3 | B6: 71.44 | C6: =(B6*1000^2)/(0.9*SLU!$Q$3*SLU!$Q$4) -> 440.98765 | D6: 14 | E6: =ROUNDUP(C6/(PI()*D6^2/4),0) -> 3 | F6: =E6*D6^2*PI()/4 -> 461.81412 | G6: 85.27 | H6: =(G6*1000^2)/(0.9*SLU!$Q$3*SLU!$Q$4) -> 526.35802 | I6: 18 | J6: 4 | K6: =J6*I6^2*PI()/4 -> 1017.876 | P6: f_ctm | Q6: =0.3*Q5^(2/3) -> 2.5649639 | R6: N/mm^2
A7: TELAIO 2 | B7: $M^+_{max}$ | C7: $A^+_s$ | D7: $\phi$ | E7: N$\phi$ | F7: $As^+$ | G7: $M^-_{max}$ | H7: $A^-_s$ | I7: $\phi$ | J7: N$\phi$ | K7: $As^-$ | P7: A_S^{min}
A8: Campata | B8: KNm | C8: mm^2 | D8: mm | E8: - | F8: mm^2 | G8: KNm | H8: mm^2 | I8: mm | J8: - | K8: mm^2
A9: 1 | B9: 60.17 | C9: =(B9*1000^2)/(0.9*SLU!$Q$3*SLU!$Q$4) -> 371.41975 | D9: 14 | E9: =ROUNDUP(C9/(PI()*D9^2/4),0) -> 3 | F9: =E9*D9^2*PI()/4 -> 461.81412 | G9: 71.77 | H9: =(G9*1000^2)/(0.9*SLU!$Q$3*SLU!$Q$4) -> 443.02469 | I9: 18 | J9: 4 | K9: =J9*I9^2*PI()/4 -> 1017.876
A10: 2 | B10: 109 | C10: =(B10*1000^2)/(0.9*SLU!$Q$3*SLU!$Q$4) -> 672.83951 | D10: 18 | E10: =ROUNDUP(C10/(PI()*D10^2/4),0) -> 3 | F10: =E10*D10^2*PI()/4 -> 763.40701 | G10: 138.7 | H10: =(G10*1000^2)/(0.9*SLU!$Q$3*SLU!$Q$4) -> 856.17284 | I10: 18 | J10: =ROUNDUP(H10/(PI()*I10^2/4),0) -> 4 | K10: =J10*I10^2*PI()/4 -> 1017.876
A11: 3 | B11: 60.17 | C11: =(B11*1000^2)/(0.9*SLU!$Q$3*SLU!$Q$4) -> 371.41975 | D11: 14 | E11: =ROUNDUP(C11/(PI()*D11^2/4),0) -> 3 | F11: =E11*D11^2*PI()/4 -> 461.81412 | G11: 71.77 | H11: =(G11*1000^2)/(0.9*SLU!$Q$3*SLU!$Q$4) -> 443.02469 | I11: 18 | J11: 4 | K11: =J11*I11^2*PI()/4 -> 1017.876
A12: TELAIO 3 | B12: $M^+_{max}$ | C12: $A^+_s$ | D12: $\phi$ | E12: N$\phi$ | F12: $As^+$ | G12: $M^-_{max}$ | H12: $A^+_s$ | I12: $\phi$ | J12: N$\phi$ | K12: $As^-$
A13: Campata | B13: KNm | C13: mm^2 | D13: mm | E13: - | F13: mm^2 | G13: KNm | H13: mm^2 | I13: mm | J13: - | K13: mm^2
A14: 1 | B14: 71.45 | C14: =(B14*1000^2)/(0.9*SLU!$Q$3*SLU!$Q$4) -> 441.04938 | D14: 14 | E14: =ROUNDUP(C14/(PI()*D14^2/4),0) -> 3 | F14: =E14*D14^2*PI()/4 -> 461.81412 | G14: 85.23 | H14: =(G14*1000^2)/(0.9*SLU!$Q$3*SLU!$Q$4) -> 526.11111 | I14: 18 | J14: 4 | K14: =J14*I14^2*PI()/4 -> 1017.876
A15: 2 | B15: 130.4 | C15: =(B15*1000^2)/(0.9*SLU!$Q$3*SLU!$Q$4) -> 804.93827 | D15: 14 | E15: =ROUNDUP(C15/(PI()*D15^2/4),0) -> 6 | F15: =E15*D15^2*PI()/4 -> 923.62824 | G15: 164.7 | H15: =(G15*1000^2)/(0.9*SLU!$Q$3*SLU!$Q$4) -> 1016.6667 | I15: 18 | J15: =ROUNDUP(H15/(PI()*I15^2/4),0) -> 4 | K15: =J15*I15^2*PI()/4 -> 1017.876
A16: 3 | B16: 71.45 | C16: =(B16*1000^2)/(0.9*SLU!$Q$3*SLU!$Q$4) -> 441.04938 | D16: 14 | E16: =ROUNDUP(C16/(PI()*D16^2/4),0) -> 3 | F16: =E16*D16^2*PI()/4 -> 461.81412 | G16: 85.27 | H16: =(G16*1000^2)/(0.9*SLU!$Q$3*SLU!$Q$4) -> 526.35802 | I16: 18 | J16: 4 | K16: =J16*I16^2*PI()/4 -> 1017.876
A17: TRAVI DI COPERTURA
A18: TELAIO 1 | B18: $M^+_{max}$ | C18: $As^+_{min}$ | D18: $\phi$ | E18: N$\phi$ | F18: $As^+$ | G18: $M^-_{max}$ | H18: $As^-_{min}$ | I18: $\phi$ | J18: N$\phi$ | K18: $As^-$ | O18: b | P18: 300 | Q18: mm
A19: Campata | B19: KNm | C19: mm^2 | D19: mm | E19: - | F19: mm^2 | G19: KNm | H19: mm^2 | I19: mm | J19: - | K19: mm^2 | O19: h | P19: 400 | Q19: mm
A20: 1 | B20: 20.67 | C20: =(B20*1000^2)/(0.9*SLU!$Q$3*SLU!$Q$4) -> 127.59259 | D20: 14 | E20: =ROUNDUP(C20/(PI()*D20^2/4),0) -> 1 | F20: =E20*D20^2*PI()/4 -> 153.93804 | G20: 30.44 | H20: =(G20*1000^2)/(0.9*SLU!$Q$3*SLU!$Q$4) -> 187.90123 | I20: 14 | J20: =ROUNDUP(H20/(PI()*I20^2/4),0) -> 2 | K20: =J20*I20^2*PI()/4 -> 307.87608 | O20: d | P20: =P19-40 -> 360 | Q20: mm
A21: 2 | B21: 40.89 | C21: =(B21*1000^2)/(0.9*SLU!$Q$3*SLU!$Q$4) -> 252.40741 | D21: 14 | E21: =ROUNDUP(C21/(PI()*D21^2/4),0) -> 2 | F21: =E21*D21^2*PI()/4 -> 307.87608 | G21: 51.7 | H21: =(G21*1000^2)/(0.9*SLU!$Q$3*SLU!$Q$4) -> 319.1358 | I21: 14 | J21: =ROUNDUP(H21/(PI()*I21^2/4),0) -> 3 | K21: =J21*I21^2*PI()/4 -> 461.81412 | O21: fyk | P21: =450/1.15 -> 391.30435 | Q21: N/mm^2
A22: 3 | B22: 20.67 | C22: =(B22*1000^2)/(0.9*SLU!$Q$3*SLU!$Q$4) -> 127.59259 | D22: 14 | E22: =ROUNDUP(C22/(PI()*D22^2/4),0) -> 1 | F22: =E22*D22^2*PI()/4 -> 153.93804 | G22: 51.7 | H22: =(G22*1000^2)/(0.9*SLU!$Q$3*SLU!$Q$4) -> 319.1358 | I22: 14 | J22: =ROUNDUP(H22/(PI()*I22^2/4),0) -> 3 | K22: =J22*I22^2*PI()/4 -> 461.81412 | O22: f_ck | P22: =25 -> 25 | Q22: N/mm^2
A23: TELAIO 2 | B23: $M^+_{max}$ | C23: $A^+_s$ | D23: $\phi$ | E23: N$\phi$ | F23: $As^+$ | G23: $M^-_{max}$ | H23: $A^-_s$ | I23: $\phi$ | J23: N$\phi$ | K23: $As^-$ | O23: f_ctm | P23: =0.3*P22^(2/3) -> 2.5649639 | Q23: N/mm^2
A24: Campata | B24: KNm | C24: mm^2 | D24: mm | E24: - | F24: mm^2 | G24: KNm | H24: mm^2 | I24: mm | J24: - | K24: mm^2 | O24: A_S^{min}
A25: 1 | B25: 41.34 | C25: =(B25*1000^2)/(0.9*SLU!$Q$3*SLU!$Q$4) -> 255.18519 | D25: 14 | E25: =ROUNDUP(C25/(PI()*D25^2/4),0) -> 2 | F25: =E25*D25^2*PI()/4 -> 307.87608 | G25: 60.89 | H25: =(G25*1000^2)/(0.9*SLU!$Q$3*SLU!$Q$4) -> 375.8642 | I25: 14 | J25: =ROUNDUP(H25/(PI()*I25^2/4),0) -> 3 | K25: =J25*I25^2*PI()/4 -> 461.81412
A26: 2 | B26: 81.78 | C26: =(B26*1000^2)/(0.9*SLU!$Q$3*SLU!$Q$4) -> 504.81481 | D26: 18 | E26: =ROUNDUP(C26/(PI()*D26^2/4),0) -> 2 | F26: =E26*D26^2*PI()/4 -> 508.93801 | G26: 103.4 | H26: =(G26*1000^2)/(0.9*SLU!$Q$3*SLU!$Q$4) -> 638.2716 | I26: 18 | J26: =ROUNDUP(H26/(PI()*I26^2/4),0) -> 3 | K26: =J26*I26^2*PI()/4 -> 763.40701
A27: 3 | B27: 41.34 | C27: =(B27*1000^2)/(0.9*SLU!$Q$3*SLU!$Q$4) -> 255.18519 | D27: 14 | E27: =ROUNDUP(C27/(PI()*D27^2/4),0) -> 2 | F27: =E27*D27^2*PI()/4 -> 307.87608 | G27: 103.4 | H27: =(G27*1000^2)/(0.9*SLU!$Q$3*SLU!$Q$4) -> 638.2716 | I27: 18 | J27: =ROUNDUP(H27/(PI()*I27^2/4),0) -> 3 | K27: =J27*I27^2*PI()/4 -> 763.40701
A28: TELAIO 3 | B28: $M^+_{max}$ | C28: $A^+_s$ | D28: $\phi$ | E28: N$\phi$ | F28: $As^+$ | G28: $M^-_{max}$ | H28: $A^+_s$ | I28: $\phi$ | J28: N$\phi$ | K28: $As^-$
A29: Campata | B29: KNm | C29: mm^2 | D29: mm | E29: - | F29: mm^2 | G29: KNm | H29: mm^2 | I29: mm | J29: - | K29: mm^2
A30: 1 | B30: 49.08 | C30: =(B30*1000^2)/(0.9*SLU!$Q$3*SLU!$Q$4) -> 302.96296 | D30: 14 | E30: =ROUNDUP(C30/(PI()*D30^2/4),0) -> 2 | F30: =E30*D30^2*PI()/4 -> 307.87608 | G30: 72.3 | H30: =(G30*1000^2)/(0.9*SLU!$Q$3*SLU!$Q$4) -> 446.2963 | I30: 14 | J30: =ROUNDUP(H30/(PI()*I30^2/4),0) -> 3 | K30: =J30*I30^2*PI()/4 -> 461.81412
A31: 2 | B31: 97.11 | C31: =(B31*1000^2)/(0.9*SLU!$Q$3*SLU!$Q$4) -> 599.44444 | D31: 14 | E31: =ROUNDUP(C31/(PI()*D31^2/4),0) -> 4 | F31: =E31*D31^2*PI()/4 -> 615.75216 | G31: 122.8 | H31: =(G31*1000^2)/(0.9*SLU!$Q$3*SLU!$Q$4) -> 758.02469 | I31: 18 | J31: =ROUNDUP(H31/(PI()*I31^2/4),0) -> 3 | K31: =J31*I31^2*PI()/4 -> 763.40701
A32: 3 | B32: 49.08 | C32: =(B32*1000^2)/(0.9*SLU!$Q$3*SLU!$Q$4) -> 302.96296 | D32: 14 | E32: =ROUNDUP(C32/(PI()*D32^2/4),0) -> 2 | F32: =E32*D32^2*PI()/4 -> 307.87608 | G32: 122.8 | H32: =(G32*1000^2)/(0.9*SLU!$Q$3*SLU!$Q$4) -> 758.02469 | I32: 14 | J32: =ROUNDUP(H32/(PI()*I32^2/4),0) -> 5 | K32: =J32*I32^2*PI()/4 -> 769.6902

Sheet TAGLIO SLV (trave spessore) 
A1: P1 | B1: SEZ. | C1: $A_{sup}$ | H1: $A_{inf}$ | M1: $\rho_{sup}$ | O1: $\rho_{inf}$ | Q1: y | T1: $\rho_{min}$ | U1: $\rho_{max}$ | W1: TRAVE ESTERNA
A2: Camp. | C2: $\phi$ | D2: N$\phi$ | E2: $\phi$ | F2: N$\phi$ | G2: A (mm^2) | H2: $\phi$ | I2: N$\phi$ | J2: $\phi$ | K2: N$\phi$ | L2: A (mm^2) | M2: - | O2: - | Q2: mm | T2: - | U2: - | W2: campata 1
A3: 1 | B3: start | C3: 12 | D3: 3 | E3: 12 | F3: 3 | G3: =(C3^2/4*D3+E3^2/4*F3)*PI() -> 678.58401 | H3: 12 | I3: 3 | J3: 12 | K3: 3 | L3: =(H3^2/4*I3+J3^2/4*K3)*PI() -> 678.58401 | M3: =G3/($X$3*$X$4) -> 0.0061689456 | N3: =IF($T$3<=M3,"OK","NO") -> OK | O3: =L3/($X$3*$X$4) -> 0.0061689456 | P3: =IF(O3>$T$3,"OK","NO") -> OK | Q3: =ABS($X$7*(G3-L3)/($X$15*0.8*$X$3)) -> 0 | T3: =1.4/$X$6 -> 0.0031111111 | U3: =3.5/$X$6 -> 0.0077777778 | W3: b | X3: 500 | Y3: mm
B4: end | C4: 12 | D4: 3 | E4: 12 | F4: 3 | G4: =(C4^2/4*D4+E4^2/4*F4)*PI() -> 678.58401 | H4: 12 | I4: 3 | J4: 12 | K4: 3 | L4: =(H4^2/4*I4+J4^2/4*K4)*PI() -> 678.58401 | M4: =G4/($X$3*$X$4) -> 0.0061689456 | N4: =IF($T$3<=M4,"OK","NO") -> OK | O4: =L4/($X$3*$X$4) -> 0.0061689456 | P4: =IF(O4>$T$3,"OK","NO") -> OK | Q4: =ABS($X$7*(G4-L4)/($X$15*0.8*$X$3)) -> 0 | W4: h | X4: 220 | Y4: mm
A5: 2 | B5: start | C5: 12 | D5: 3 | E5: 12 | F5: 3 | G5: =(C5^2/4*D5+E5^2/4*F5)*PI() -> 678.58401 | H5: 12 | I5: 3 | J5: 12 | K5: 3 | L5: =(H5^2/4*I5+J5^2/4*K5)*PI() -> 678.58401 | M5: =G5/($X$3*$X$4) -> 0.0061689456 | N5: =IF($T$3<=M5,"OK","NO") -> OK | O5: =L5/($X$3*$X$4) -> 0.0061689456 | P5: =IF(O5>$T$3,"OK","NO") -> OK | Q5: =ABS($X$7*(G5-L5)/($X$15*0.8*$X$3)) -> 0 | W5: d | X5: =X4-40 -> 180
B6: end | C6: 12 | D6: 3 | E6: 12 | F6: 3 | G6: =(C6^2/4*D6+E6^2/4*F6)*PI() -> 678.58401 | H6: 12 | I6: 3 | J6: 12 | K6: 3 | L6: =(H6^2/4*I6+J6^2/4*K6)*PI() -> 678.58401 | M6: =G6/($X$3*$X$4) -> 0.0061689456 | N6: =IF($T$3<=M6,"OK","NO") -> OK | O6: =L6/($X$3*$X$4) -> 0.0061689456 | P6: =IF(O6>$T$3,"OK","NO") -> OK | Q6: =ABS($X$7*(G6-L6)/($X$15*0.8*$X$3)) -> 0 | W6: $f_{yk}$ | X6: =450 -> 450 | Y6: N/mm^2
A7: 3 | B7: start | C7: 12 | D7: 3 | E7: 12 | F7: 3 | G7: =(C7^2/4*D7+E7^2/4*F7)*PI() -> 678.58401 | H7: 12 | I7: 3 | J7: 12 | K7: 3 | L7: =(H7^2/4*I7+J7^2/4*K7)*PI() -> 678.58401 | M7: =G7/($X$3*$X$4) -> 0.0061689456 | N7: =IF($T$3<=M7,"OK","NO") -> OK | O7: =L7/($X$3*$X$4) -> 0.0061689456 | P7: =IF(O7>$T$3,"OK","NO") -> OK | Q7: =ABS($X$7*(G7-L7)/($X$15*0.8*$X$3)) -> 0 | W7: $f_{yd}$ | X7: =X6/1.15 -> 391.30435
B8: end | C8: 12 | D8: 3 | E8: 12 | F8: 3 | G8: =(C8^2/4*D8+E8^2/4*F8)*PI() -> 678.58401 | H8: 12 | I8: 3 | J8: 12 | K8: 3 | L8: =(H8^2/4*I8+J8^2/4*K8)*PI() -> 678.58401 | M8: =G8/($X$3*$X$4) -> 0.0061689456 | N8: =IF($T$3<=M8,"OK","NO") -> OK | O8: =L8/($X$3*$X$4) -> 0.0061689456 | P8: =IF(O8>$T$3,"OK","NO") -> OK | Q8: =ABS($X$7*(G8-L8)/($X$15*0.8*$X$3)) -> 0 | W8: $A_s$ | X8: =1.4/X6*X3*X4 -> 342.22222 | Y8: mm^2
A9: 4 | B9: start | C9: 12 | D9: 3 | E9: 12 | F9: 3 | G9: =(C9^2/4*D9+E9^2/4*F9)*PI() -> 678.58401 | H9: 12 | I9: 3 | J9: 12 | K9: 3 | L9: =(H9^2/4*I9+J9^2/4*K9)*PI() -> 678.58401 | M9: =G9/($X$3*$X$4) -> 0.0061689456 | N9: =IF($T$3<=M9,"OK","NO") -> OK | O9: =L9/($X$3*$X$4) -> 0.0061689456 | P9: =IF(O9>$T$3,"OK","NO") -> OK | Q9: =ABS($X$7*(G9-L9)/($X$15*0.8*$X$3)) -> 0 | W9: $A_s-A_s^{comp}$ | X9: =3.5/X6*X3*X4 -> 855.55556 | Y9: mm^2
B10: end | C10: 12 | D10: 3 | E10: 12 | F10: 3 | G10: =(C10^2/4*D10+E10^2/4*F10)*PI() -> 678.58401 | H10: 12 | I10: 3 | J10: 12 | K10: 3 | L10: =(H10^2/4*I10+J10^2/4*K10)*PI() -> 678.58401 | M10: =G10/($X$3*$X$4) -> 0.0061689456 | N10: =IF($T$3<=M10,"OK","NO") -> OK | O10: =L10/($X$3*$X$4) -> 0.0061689456 | P10: =IF(O10>$T$3,"OK","NO") -> OK | Q10: =ABS($X$7*(G10-L10)/($X$15*0.8*$X$3)) -> 0 | W10: $\rho_{min}$ | X10: =X8/(X4*X3) -> 0.0031111111
A11: P2 | B11: SEZ. | C11: $A_{sup}$ | H11: $A_{inf}$ | M11: $\rho_{sup}$ | O11: $\rho_{inf}$ | Q11: y | W11: $\rho_{comp}$ | X11: =0.25*X10 -> 0.00077777778
A12: Camp. | C12: $\phi$ | D12: N$\phi$ | E12: $\phi$ | F12: N$\phi$ | G12: A (mm^2) | H12: $\phi$ | I12: N$\phi$ | J12: $\phi$ | K12: N$\phi$ | L12: A (mm^2) | M12: - | O12: - | Q12: mm | W12: $\rho_{comp}$ | X12: =0.5*X10 -> 0.0015555556 | Y12: Nelle zone dissipative
A13: 1 | B13: start | C13: 12 | D13: 3 | E13: 12 | F13: 3 | G13: =(C13^2/4*D13+E13^2/4*F13)*PI() -> 678.58401 | H13: 12 | I13: 3 | J13: 12 | K13: 3 | L13: =(H13^2/4*I13+J13^2/4*K13)*PI() -> 678.58401 | M13: =G13/($X$3*$X$4) -> 0.0061689456 | N13: =IF($T$3<=M13,"OK","NO") -> OK | O13: =L13/($X$3*$X$4) -> 0.0061689456 | P13: =IF(O13>$T$3,"OK","NO") -> OK | Q13: =ABS($X$7*(G13-L13)/($X$15*0.8*$X$3)) -> 0
B14: end | C14: 12 | D14: 3 | E14: 12 | F14: 3 | G14: =(C14^2/4*D14+E14^2/4*F14)*PI() -> 678.58401 | H14: 12 | I14: 3 | J14: 12 | K14: 3 | L14: =(H14^2/4*I14+J14^2/4*K14)*PI() -> 678.58401 | M14: =G14/($X$3*$X$4) -> 0.0061689456 | N14: =IF($T$3<=M14,"OK","NO") -> OK | O14: =L14/($X$3*$X$4) -> 0.0061689456 | P14: =IF(O14>$T$3,"OK","NO") -> OK | Q14: =ABS($X$7*(G14-L14)/($X$15*0.8*$X$3)) -> 0 | X14: =269*1000^2/(0.9*X5*391) -> 4246.7873
A15: 2 | B15: start | C15: 12 | D15: 3 | E15: 12 | F15: 3 | G15: =(C15^2/4*D15+E15^2/4*F15)*PI() -> 678.58401 | H15: 12 | I15: 3 | J15: 12 | K15: 3 | L15: =(H15^2/4*I15+J15^2/4*K15)*PI() -> 678.58401 | M15: =G15/($X$3*$X$4) -> 0.0061689456 | N15: =IF($T$3<=M15,"OK","NO") -> OK | O15: =L15/($X$3*$X$4) -> 0.0061689456 | P15: =IF(O15>$T$3,"OK","NO") -> OK | Q15: =ABS($X$7*(G15-L15)/($X$15*0.8*$X$3)) -> 0 | W15: fcd | X15: =0.85*30/1.5 -> 17
B16: end | C16: 12 | D16: 3 | E16: 12 | F16: 3 | G16: =(C16^2/4*D16+E16^2/4*F16)*PI() -> 678.58401 | H16: 12 | I16: 3 | J16: 12 | K16: 3 | L16: =(H16^2/4*I16+J16^2/4*K16)*PI() -> 678.58401 | M16: =G16/($X$3*$X$4) -> 0.0061689456 | N16: =IF($T$3<=M16,"OK","NO") -> OK | O16: =L16/($X$3*$X$4) -> 0.0061689456 | P16: =IF(O16>$T$3,"OK","NO") -> OK | Q16: =ABS($X$7*(G16-L16)/($X$15*0.8*$X$3)) -> 0 | W16: Es | X16: 210000
A17: 3 | B17: start | C17: 12 | D17: 3 | E17: 12 | F17: 3 | G17: =(C17^2/4*D17+E17^2/4*F17)*PI() -> 678.58401 | H17: 12 | I17: 3 | J17: 12 | K17: 3 | L17: =(H17^2/4*I17+J17^2/4*K17)*PI() -> 678.58401 | M17: =G17/($X$3*$X$4) -> 0.0061689456 | N17: =IF($T$3<=M17,"OK","NO") -> OK | O17: =L17/($X$3*$X$4) -> 0.0061689456 | P17: =IF(O17>$T$3,"OK","NO") -> OK | Q17: =ABS($X$7*(G17-L17)/($X$15*0.8*$X$3)) -> 0
B18: end | C18: 12 | D18: 3 | E18: 12 | F18: 3 | G18: =(C18^2/4*D18+E18^2/4*F18)*PI() -> 678.58401 | H18: 12 | I18: 3 | J18: 12 | K18: 3 | L18: =(H18^2/4*I18+J18^2/4*K18)*PI() -> 678.58401 | M18: =G18/($X$3*$X$4) -> 0.0061689456 | N18: =IF($T$3<=M18,"OK","NO") -> OK | O18: =L18/($X$3*$X$4) -> 0.0061689456 | P18: =IF(O18>$T$3,"OK","NO") -> OK | Q18: =ABS($X$7*(G18-L18)/($X$15*0.8*$X$3)) -> 0
A19: 4 | B19: start | C19: 12 | D19: 3 | E19: 12 | F19: 3 | G19: =(C19^2/4*D19+E19^2/4*F19)*PI() -> 678.58401 | H19: 12 | I19: 3 | J19: 12 | K19: 3 | L19: =(H19^2/4*I19+J19^2/4*K19)*PI() -> 678.58401 | M19: =G19/($X$3*$X$4) -> 0.0061689456 | N19: =IF($T$3<=M19,"OK","NO") -> OK | O19: =L19/($X$3*$X$4) -> 0.0061689456 | P19: =IF(O19>$T$3,"OK","NO") -> OK | Q19: =ABS($X$7*(G19-L19)/($X$15*0.8*$X$3)) -> 0
B20: end | C20: 12 | D20: 3 | E20: 12 | F20: 3 | G20: =(C20^2/4*D20+E20^2/4*F20)*PI() -> 678.58401 | H20: 12 | I20: 3 | J20: 12 | K20: 3 | L20: =(H20^2/4*I20+J20^2/4*K20)*PI() -> 678.58401 | M20: =G20/($X$3*$X$4) -> 0.0061689456 | N20: =IF($T$3<=M20,"OK","NO") -> OK | O20: =L20/($X$3*$X$4) -> 0.0061689456 | P20: =IF(O20>$T$3,"OK","NO") -> OK | Q20: =ABS($X$7*(G20-L20)/($X$15*0.8*$X$3)) -> 0
A21: P3 | B21: SEZ. | C21: $A_{sup}$ | H21: $A_{inf}$ | M21: $\rho_{sup}$ | O21: $\rho_{inf}$ | Q21: y
A22: Camp. | C22: $\phi$ | D22: N$\phi$ | E22: $\phi$ | F22: N$\phi$ | G22: A (mm^2) | H22: $\phi$ | I22: N$\phi$ | J22: $\phi$ | K22: N$\phi$ | L22: A (mm^2) | M22: - | O22: - | Q22: mm
A23: 1 | B23: start | C23: 12 | D23: 3 | E23: 12 | F23: 3 | G23: =(C23^2/4*D23+E23^2/4*F23)*PI() -> 678.58401 | H23: 12 | I23: 3 | J23: 12 | K23: 3 | L23: =(H23^2/4*I23+J23^2/4*K23)*PI() -> 678.58401 | M23: =G23/($X$3*$X$4) -> 0.0061689456 | N23: =IF($T$3<=M23,"OK","NO") -> OK | O23: =L23/($X$3*$X$4) -> 0.0061689456 | P23: =IF(O23>$T$3,"OK","NO") -> OK | Q23: =ABS($X$7*(G23-L23)/($X$15*0.8*$X$3)) -> 0
B24: end | C24: 12 | D24: 3 | E24: 12 | F24: 3 | G24: =(C24^2/4*D24+E24^2/4*F24)*PI() -> 678.58401 | H24: 12 | I24: 3 | J24: 12 | K24: 3 | L24: =(H24^2/4*I24+J24^2/4*K24)*PI() -> 678.58401 | M24: =G24/($X$3*$X$4) -> 0.0061689456 | N24: =IF($T$3<=M24,"OK","NO") -> OK | O24: =L24/($X$3*$X$4) -> 0.0061689456 | P24: =IF(O24>$T$3,"OK","NO") -> OK | Q24: =ABS($X$7*(G24-L24)/($X$15*0.8*$X$3)) -> 0
A25: 2 | B25: start | C25: 12 | D25: 3 | E25: 12 | F25: 3 | G25: =(C25^2/4*D25+E25^2/4*F25)*PI() -> 678.58401 | H25: 12 | I25: 3 | J25: 12 | K25: 3 | L25: =(H25^2/4*I25+J25^2/4*K25)*PI() -> 678.58401 | M25: =G25/($X$3*$X$4) -> 0.0061689456 | N25: =IF($T$3<=M25,"OK","NO") -> OK | O25: =L25/($X$3*$X$4) -> 0.0061689456 | P25: =IF(O25>$T$3,"OK","NO") -> OK | Q25: =ABS($X$7*(G25-L25)/($X$15*0.8*$X$3)) -> 0
B26: end | C26: 12 | D26: 3 | E26: 12 | F26: 3 | G26: =(C26^2/4*D26+E26^2/4*F26)*PI() -> 678.58401 | H26: 12 | I26: 3 | J26: 12 | K26: 3 | L26: =(H26^2/4*I26+J26^2/4*K26)*PI() -> 678.58401 | M26: =G26/($X$3*$X$4) -> 0.0061689456 | N26: =IF($T$3<=M26,"OK","NO") -> OK | O26: =L26/($X$3*$X$4) -> 0.0061689456 | P26: =IF(O26>$T$3,"OK","NO") -> OK | Q26: =ABS($X$7*(G26-L26)/($X$15*0.8*$X$3)) -> 0
A27: 3 | B27: start | C27: 12 | D27: 3 | E27: 12 | F27: 3 | G27: =(C27^2/4*D27+E27^2/4*F27)*PI() -> 678.58401 | H27: 12 | I27: 3 | J27: 12 | K27: 3 | L27: =(H27^2/4*I27+J27^2/4*K27)*PI() -> 678.58401 | M27: =G27/($X$3*$X$4) -> 0.0061689456 | N27: =IF($T$3<=M27,"OK","NO") -> OK | O27: =L27/($X$3*$X$4) -> 0.0061689456 | P27: =IF(O27>$T$3,"OK","NO") -> OK | Q27: =ABS($X$7*(G27-L27)/($X$15*0.8*$X$3)) -> 0
B28: end | C28: 12 | D28: 3 | E28: 12 | F28: 3 | G28: =(C28^2/4*D28+E28^2/4*F28)*PI() -> 678.58401 | H28: 12 | I28: 3 | J28: 12 | K28: 3 | L28: =(H28^2/4*I28+J28^2/4*K28)*PI() -> 678.58401 | M28: =G28/($X$3*$X$4) -> 0.0061689456 | N28: =IF($T$3<=M28,"OK","NO") -> OK | O28: =L28/($X$3*$X$4) -> 0.0061689456 | P28: =IF(O28>$T$3,"OK","NO") -> OK | Q28: =ABS($X$7*(G28-L28)/($X$15*0.8*$X$3)) -> 0
A29: 4 | B29: start | C29: 12 | D29: 3 | E29: 12 | F29: 3 | G29: =(C29^2/4*D29+E29^2/4*F29)*PI() -> 678.58401 | H29: 12 | I29: 3 | J29: 12 | K29: 3 | L29: =(H29^2/4*I29+J29^2/4*K29)*PI() -> 678.58401 | M29: =G29/($X$3*$X$4) -> 0.0061689456 | N29: =IF($T$3<=M29,"OK","NO") -> OK | O29: =L29/($X$3*$X$4) -> 0.0061689456 | P29: =IF(O29>$T$3,"OK","NO") -> OK | Q29: =ABS($X$7*(G29-L29)/($X$15*0.8*$X$3)) -> 0
B30: end | C30: 12 | D30: 3 | E30: 12 | F30: 3 | G30: =(C30^2/4*D30+E30^2/4*F30)*PI() -> 678.58401 | H30: 12 | I30: 3 | J30: 12 | K30: 3 | L30: =(H30^2/4*I30+J30^2/4*K30)*PI() -> 678.58401 | M30: =G30/($X$3*$X$4) -> 0.0061689456 | N30: =IF($T$3<=M30,"OK","NO") -> OK | O30: =L30/($X$3*$X$4) -> 0.0061689456 | P30: =IF(O30>$T$3,"OK","NO") -> OK | Q30: =ABS($X$7*(G30-L30)/($X$15*0.8*$X$3)) -> 0
A31: CALCOLO TAGLIO SOLLECITANTE IN Capacity design
A33: P1 | B33: SEZ. | C33: $M_u^+}$ | D33: $M_u^-$ | E33: p (sisma) | F33: L | G33: V^+ | H33: V^-
A34: Camp. | C34: KNm | D34: KNm | E34: KN/m | F34: m | G34: KN | H34: KN
A35: 1 | B35: start | C35: =(G3*$X$7*($X$4-40-0.8*Q3/2)+L3*$X$7*(0.8*Q3/2-40))/1000^2 -> 37.174602 | D35: =-(L3*$X$7*($X$4-40-0.8*Q3/2)+G3*$X$7*(0.8*Q3/2-40))/1000^2 -> -37.174602 | E35: =7.297*2+7.78 -> 22.374 | F35: 4 | G35: =$E35*$F35/2+($C35+$C36)/$F35*1.1 -> 65.194031 | H35: =$E35*$F35/2+($D35+$D36)/$F35*1.1 -> 24.301969
B36: end | C36: =(L4*$X$7*($X$4-40-0.8*Q4/2)+G4*$X$7*(0.8*Q4/2-40))/1000^2 -> 37.174602 | D36: =-(G4*$X$7*($X$4-40-0.8*Q4/2)+L4*$X$7*(0.8*Q4/2-40))/1000^2 -> -37.174602 | E36: =7.297*2+7.78 -> 22.374 | F36: 4 | G36: =-$E36*$F36/2+($C35+$C36)/$F36*1.1 -> -24.301969 | H36: =-$E36*$F36/2+($D35+$D36)/$F36*1.1 -> -65.194031
A37: 2 | B37: start | C37: =(G5*$X$7*($X$4-40-0.8*Q5/2)+L5*$X$7*(0.8*Q5/2-40))/1000^2 -> 37.174602 | D37: =-(L5*$X$7*($X$4-40-0.8*Q5/2)+G5*$X$7*(0.8*Q5/2-40))/1000^2 -> -37.174602 | E37: =7.297*2+7.78 -> 22.374 | F37: 4 | G37: =$E37*$F37/2+($C37+$C38)/$F37*1.1 -> 65.194031 | H37: =$E37*$F37/2+($D37+$D38)/$F37*1.1 -> 24.301969
B38: end | C38: =(L6*$X$7*($X$4-40-0.8*Q6/2)+G6*$X$7*(0.8*Q6/2-40))/1000^2 -> 37.174602 | D38: =-(G6*$X$7*($X$4-40-0.8*Q6/2)+L6*$X$7*(0.8*Q6/2-40))/1000^2 -> -37.174602 | E38: =7.297*2+7.78 -> 22.374 | F38: 4 | G38: =-$E38*$F38/2+($C37+$C38)/$F38*1.1 -> -24.301969 | H38: =-$E38*$F38/2+($D37+$D38)/$F38*1.1 -> -65.194031
A39: 3 | B39: start | C39: =(G7*$X$7*($X$4-40-0.8*Q7/2)+L7*$X$7*(0.8*Q7/2-40))/1000^2 -> 37.174602 | D39: =-(L7*$X$7*($X$4-40-0.8*Q7/2)+G7*$X$7*(0.8*Q7/2-40))/1000^2 -> -37.174602 | E39: =7.297*2+7.78 -> 22.374 | F39: 4 | G39: =$E39*$F39/2+($C39+$C40)/$F39*1.1 -> 65.194031 | H39: =$E39*$F39/2+($D39+$D40)/$F39*1.1 -> 24.301969
B40: end | C40: =(L8*$X$7*($X$4-40-0.8*Q8/2)+G8*$X$7*(0.8*Q8/2-40))/1000^2 -> 37.174602 | D40: =-(G8*$X$7*($X$4-40-0.8*Q8/2)+L8*$X$7*(0.8*Q8/2-40))/1000^2 -> -37.174602 | E40: =7.297*2+7.78 -> 22.374 | F40: 4 | G40: =-$E40*$F40/2+($C39+$C40)/$F40*1.1 -> -24.301969 | H40: =-$E40*$F40/2+($D39+$D40)/$F40*1.1 -> -65.194031
A41: 4 | B41: start | C41: =(G9*$X$7*($X$4-40-0.8*Q9/2)+L9*$X$7*(0.8*Q9/2-40))/1000^2 -> 37.174602 | D41: =-(L9*$X$7*($X$4-40-0.8*Q9/2)+G9*$X$7*(0.8*Q9/2-40))/1000^2 -> -37.174602 | E41: =7.297*2+7.78 -> 22.374 | F41: 4 | G41: =$E41*$F41/2+($C41+$C42)/$F41*1.1 -> 65.194031 | H41: =$E41*$F41/2+($D41+$D42)/$F41*1.1 -> 24.301969
B42: end | C42: =(L10*$X$7*($X$4-40-0.8*Q10/2)+G10*$X$7*(0.8*Q10/2-40))/1000^2 -> 37.174602 | D42: =-(G10*$X$7*($X$4-40-0.8*Q10/2)+L10*$X$7*(0.8*Q10/2-40))/1000^2 -> -37.174602 | E42: =7.297*2+7.78 -> 22.374 | F42: 4 | G42: =-$E42*$F42/2+($C41+$C42)/$F42*1.1 -> -24.301969 | H42: =-$E42*$F42/2+($D41+$D42)/$F42*1.1 -> -65.194031
A43: P2 | B43: SEZ. | C43: $M_u^+}$ | D43: $M_u^-$ | E43: p (sisma) | F43: L | G43: V^+ | H43: V^-
A44: Camp. | C44: KNm | D44: KNm | E44: KN/m | F44: m | G44: KN | H44: KN
A45: 1 | B45: start | C45: =(G13*$X$7*($X$4-40-0.8*Q13/2)+L13*$X$7*(0.8*Q13/2-40))/1000^2 -> 37.174602 | D45: =-(L13*$X$7*($X$4-40-0.8*Q13/2)+G13*$X$7*(0.8*Q13/2-40))/1000^2 -> -37.174602 | E45: =7.297*2+7.78 -> 22.374 | F45: 4 | G45: =$E45*$F45/2+($C45+$C46)/$F45*1.1 -> 65.194031 | H45: =$E45*$F45/2+($D45+$D46)/$F45*1.1 -> 24.301969
B46: end | C46: =(L14*$X$7*($X$4-40-0.8*Q14/2)+G14*$X$7*(0.8*Q14/2-40))/1000^2 -> 37.174602 | D46: =-(G14*$X$7*($X$4-40-0.8*Q14/2)+L14*$X$7*(0.8*Q14/2-40))/1000^2 -> -37.174602 | E46: =7.297*2+7.78 -> 22.374 | F46: 4 | G46: =-$E46*$F46/2+($C45+$C46)/$F46*1.1 -> -24.301969 | H46: =-$E46*$F46/2+($D45+$D46)/$F46*1.1 -> -65.194031
A47: 2 | B47: start | C47: =(G15*$X$7*($X$4-40-0.8*Q15/2)+L15*$X$7*(0.8*Q15/2-40))/1000^2 -> 37.174602 | D47: =-(L15*$X$7*($X$4-40-0.8*Q15/2)+G15*$X$7*(0.8*Q15/2-40))/1000^2 -> -37.174602 | E47: =7.297*2+7.78 -> 22.374 | F47: 4 | G47: =$E47*$F47/2+($C47+$C48)/$F47*1.1 -> 65.194031 | H47: =$E47*$F47/2+($D47+$D48)/$F47*1.1 -> 24.301969
B48: end | C48: =(L16*$X$7*($X$4-40-0.8*Q16/2)+G16*$X$7*(0.8*Q16/2-40))/1000^2 -> 37.174602 | D48: =-(G16*$X$7*($X$4-40-0.8*Q16/2)+L16*$X$7*(0.8*Q16/2-40))/1000^2 -> -37.174602 | E48: =7.297*2+7.78 -> 22.374 | F48: 4 | G48: =-$E48*$F48/2+($C47+$C48)/$F48*1.1 -> -24.301969 | H48: =-$E48*$F48/2+($D47+$D48)/$F48*1.1 -> -65.194031
A49: 3 | B49: start | C49: =(G17*$X$7*($X$4-40-0.8*Q17/2)+L17*$X$7*(0.8*Q17/2-40))/1000^2 -> 37.174602 | D49: =-(L17*$X$7*($X$4-40-0.8*Q17/2)+G17*$X$7*(0.8*Q17/2-40))/1000^2 -> -37.174602 | E49: =7.297*2+7.78 -> 22.374 | F49: 4 | G49: =$E49*$F49/2+($C49+$C50)/$F49*1.1 -> 65.194031 | H49: =$E49*$F49/2+($D49+$D50)/$F49*1.1 -> 24.301969
B50: end | C50: =(L18*$X$7*($X$4-40-0.8*Q18/2)+G18*$X$7*(0.8*Q18/2-40))/1000^2 -> 37.174602 | D50: =-(G18*$X$7*($X$4-40-0.8*Q18/2)+L18*$X$7*(0.8*Q18/2-40))/1000^2 -> -37.174602 | E50: =7.297*2+7.78 -> 22.374 | F50: 4 | G50: =-$E50*$F50/2+($C49+$C50)/$F50*1.1 -> -24.301969 | H50: =-$E50*$F50/2+($D49+$D50)/$F50*1.1 -> -65.194031
A51: 4 | B51: start | C51: =(G19*$X$7*($X$4-40-0.8*Q19/2)+L19*$X$7*(0.8*Q19/2-40))/1000^2 -> 37.174602 | D51: =-(L19*$X$7*($X$4-40-0.8*Q19/2)+G19*$X$7*(0.8*Q19/2-40))/1000^2 -> -37.174602 | E51: =7.297*2+7.78 -> 22.374 | F51: 4 | G51: =$E51*$F51/2+($C51+$C52)/$F51*1.1 -> 65.194031 | H51: =$E51*$F51/2+($D51+$D52)/$F51*1.1 -> 24.301969
B52: end | C52: =(L20*$X$7*($X$4-40-0.8*Q20/2)+G20*$X$7*(0.8*Q20/2-40))/1000^2 -> 37.174602 | D52: =-(G20*$X$7*($X$4-40-0.8*Q20/2)+L20*$X$7*(0.8*Q20/2-40))/1000^2 -> -37.174602 | E52: =7.297*2+7.78 -> 22.374 | F52: 4 | G52: =-$E52*$F52/2+($C51+$C52)/$F52*1.1 -> -24.301969 | H52: =-$E52*$F52/2+($D51+$D52)/$F52*1.1 -> -65.194031
A53: P2 | B53: SEZ. | C53: $M_u^+}$ | D53: $M_u^-$ | E53: p (sisma) | F53: L | G53: V^+ | H53: V^-
A54: Camp. | C54: KNm | D54: KNm | E54: KN/m | F54: m | G54: KN | H54: KN
A55: 1 | B55: start | C55: =(G23*$X$7*($X$4-40-0.8*Q23/2)+L23*$X$7*(0.8*Q23/2-40))/1000^2 -> 37.174602 | D55: =-(L23*$X$7*($X$4-40-0.8*Q23/2)+G23*$X$7*(0.8*Q23/2-40))/1000^2 -> -37.174602 | E55: =7.297*2+7.78 -> 22.374 | F55: 4 | G55: =$E55*$F55/2+($C55+$C56)/$F55*1.1 -> 65.194031 | H55: =$E55*$F55/2+($D55+$D56)/$F55*1.1 -> 24.301969
B56: end | C56: =(L24*$X$7*($X$4-40-0.8*Q24/2)+G24*$X$7*(0.8*Q24/2-40))/1000^2 -> 37.174602 | D56: =-(G24*$X$7*($X$4-40-0.8*Q24/2)+L24*$X$7*(0.8*Q24/2-40))/1000^2 -> -37.174602 | E56: =7.297*2+7.78 -> 22.374 | F56: 4 | G56: =-$E56*$F56/2+($C55+$C56)/$F56*1.1 -> -24.301969 | H56: =-$E56*$F56/2+($D55+$D56)/$F56*1.1 -> -65.194031
A57: 2 | B57: start | C57: =(G25*$X$7*($X$4-40-0.8*Q25/2)+L25*$X$7*(0.8*Q25/2-40))/1000^2 -> 37.174602 | D57: =-(L25*$X$7*($X$4-40-0.8*Q25/2)+G25*$X$7*(0.8*Q25/2-40))/1000^2 -> -37.174602 | E57: =7.297*2+7.78 -> 22.374 | F57: 4 | G57: =$E57*$F57/2+($C57+$C58)/$F57*1.1 -> 65.194031 | H57: =$E57*$F57/2+($D57+$D58)/$F57*1.1 -> 24.301969
B58: end | C58: =(L26*$X$7*($X$4-40-0.8*Q26/2)+G26*$X$7*(0.8*Q26/2-40))/1000^2 -> 37.174602 | D58: =-(G26*$X$7*($X$4-40-0.8*Q26/2)+L26*$X$7*(0.8*Q26/2-40))/1000^2 -> -37.174602 | E58: =7.297*2+7.78 -> 22.374 | F58: 4 | G58: =-$E58*$F58/2+($C57+$C58)/$F58*1.1 -> -24.301969 | H58: =-$E58*$F58/2+($D57+$D58)/$F58*1.1 -> -65.194031
A59: 3 | B59: start | C59: =(G27*$X$7*($X$4-40-0.8*Q27/2)+L27*$X$7*(0.8*Q27/2-40))/1000^2 -> 37.174602 | D59: =-(L27*$X$7*($X$4-40-0.8*Q27/2)+G27*$X$7*(0.8*Q27/2-40))/1000^2 -> -37.174602 | E59: =7.297*2+7.78 -> 22.374 | F59: 4 | G59: =$E59*$F59/2+($C59+$C60)/$F59*1.1 -> 65.194031 | H59: =$E59*$F59/2+($D59+$D60)/$F59*1.1 -> 24.301969
B60: end | C60: =(L28*$X$7*($X$4-40-0.8*Q28/2)+G28*$X$7*(0.8*Q28/2-40))/1000^2 -> 37.174602 | D60: =-(G28*$X$7*($X$4-40-0.8*Q28/2)+L28*$X$7*(0.8*Q28/2-40))/1000^2 -> -37.174602 | E60: =7.297*2+7.78 -> 22.374 | F60: 4 | G60: =-$E60*$F60/2+($C59+$C60)/$F60*1.1 -> -24.301969 | H60: =-$E60*$F60/2+($D59+$D60)/$F60*1.1 -> -65.194031
A61: 4 | B61: start | C61: =(G29*$X$7*($X$4-40-0.8*Q29/2)+L29*$X$7*(0.8*Q29/2-40))/1000^2 -> 37.174602 | D61: =-(L29*$X$7*($X$4-40-0.8*Q29/2)+G29*$X$7*(0.8*Q29/2-40))/1000^2 -> -37.174602 | E61: =7.297*2+7.78 -> 22.374 | F61: 4 | G61: =$E61*$F61/2+($C61+$C62)/$F61*1.1 -> 65.194031 | H61: =$E61*$F61/2+($D61+$D62)/$F61*1.1 -> 24.301969
B62: end | C62: =(L30*$X$7*($X$4-40-0.8*Q30/2)+G30*$X$7*(0.8*Q30/2-40))/1000^2 -> 37.174602 | D62: =-(G30*$X$7*($X$4-40-0.8*Q30/2)+L30*$X$7*(0.8*Q30/2-40))/1000^2 -> -37.174602 | E62: =7.297*2+7.78 -> 22.374 | F62: 4 | G62: =-$E62*$F62/2+($C61+$C62)/$F62*1.1 -> -24.301969 | H62: =-$E62*$F62/2+($D61+$D62)/$F62*1.1 -> -65.194031
A66: VERIFICA A TAGLIO
Q67: ZONE NON CRITICHE
A69: P1 | B69: SEZ. | C69: Zona critica | D69: $\phi Staffe$ | E69: s staffe | F69: $V_{Rsd}$ | G69: $V_{Rcd}$ | H69: $V_{Rd}$ | I69: $V_{ED}$ | Q69: $\theta$ | R69: $\theta$ | S69: s staffe | T69: $V_{Rsd}$ | U69: $V_{Rcd}$ | V69: $V_{Rd}$
A70: Camp. | C70: mm | D70: mm | E70: mm | F70: KN | G70: KN | H70: KN | I70: KN | L70: verifica passo | Q70: [rad] | R70: [gradi] | S70: mm | T70: KN | U70: KN | V70: KN
A71: 1 | B71: start | C71: =500 -> 500 | D71: 8 | E71: 80 | F71: =(0.9*($X$4-30)*(2*PI()*D71^2/4)/E71*$X$7)/1000 -> 84.08541 | G71: =(0.9*($X$4-30)*$X$3*0.5*$X$15*0.5)/1000 -> 363.375 | H71: =MIN(F71:G71) -> 84.08541 | I71: =MAX(ABS(G35),ABS(H35)) -> 65.194031 | J71: =IF(H71>I71,"OK","NO") -> OK | L71: =(500-40)/4 -> 115 | M71: 175 | N71: =8*E3 -> 96 | Q71: =ASIN(SQRT(2*D71^2/4*PI()*$X$7/($X$3*E71*0.5*$X$15))) -> 0.34707418 | R71: =DEGREES(Q71) -> 19.885886 | S71: 200 | T71: =(0.9*($X$4-30)*(2*PI()*8^2/4)/S71*$X$7)/1000*_xlfn.COT(Q71) -> 92.984916 | U71: =(0.9*($X$4-30)*$X$3*0.5*$X$15)*(_xlfn.COT(Q71))/(1+_xlfn.COT(Q71)^2)/1000 -> 232.46229 | V71: =MIN(T71:U71) -> 92.984916
B72: end | C72: =500 -> 500 | D72: 8 | E72: 80 | F72: =(0.9*($X$4-30)*(2*PI()*D72^2/4)/E72*$X$7)/1000 -> 84.08541 | G72: =(0.9*($X$4-30)*$X$3*0.5*$X$15*0.5)/1000 -> 363.375 | H72: =MIN(F72:G72) -> 84.08541 | I72: =MAX(ABS(G36),ABS(H36)) -> 65.194031 | J72: =IF(H72>I72,"OK","NO") -> OK | N72: =8*E4 -> 96 | Q72: =ASIN(SQRT(2*D72^2/4*PI()*$X$7/($X$3*E72*0.5*$X$15))) -> 0.34707418 | R72: =DEGREES(Q72) -> 19.885886 | S72: 200 | T72: =(0.9*($X$4-30)*(2*PI()*8^2/4)/S72*$X$7)/1000*_xlfn.COT(Q72) -> 92.984916 | U72: =(0.9*($X$4-30)*$X$3*0.5*$X$15)*(_xlfn.COT(Q72))/(1+_xlfn.COT(Q72)^2)/1000 -> 232.46229 | V72: =MIN(T72:U72) -> 92.984916
A73: 2 | B73: start | C73: =500 -> 500 | D73: 8 | E73: 80 | F73: =(0.9*($X$4-30)*(2*PI()*D73^2/4)/E73*$X$7)/1000 -> 84.08541 | G73: =(0.9*($X$4-30)*$X$3*0.5*$X$15*0.5)/1000 -> 363.375 | H73: =MIN(F73:G73) -> 84.08541 | I73: =MAX(ABS(G37),ABS(H37)) -> 65.194031 | J73: =IF(H73>I73,"OK","NO") -> OK | N73: =8*E5 -> 96 | Q73: =ASIN(SQRT(2*D73^2/4*PI()*$X$7/($X$3*E73*0.5*$X$15))) -> 0.34707418 | R73: =DEGREES(Q73) -> 19.885886 | S73: 200 | T73: =(0.9*($X$4-30)*(2*PI()*8^2/4)/S73*$X$7)/1000*_xlfn.COT(Q73) -> 92.984916 | U73: =(0.9*($X$4-30)*$X$3*0.5*$X$15)*(_xlfn.COT(Q73))/(1+_xlfn.COT(Q73)^2)/1000 -> 232.46229 | V73: =MIN(T73:U73) -> 92.984916
B74: end | C74: =500 -> 500 | D74: 8 | E74: 80 | F74: =(0.9*($X$4-30)*(2*PI()*D74^2/4)/E74*$X$7)/1000 -> 84.08541 | G74: =(0.9*($X$4-30)*$X$3*0.5*$X$15*0.5)/1000 -> 363.375 | H74: =MIN(F74:G74) -> 84.08541 | I74: =MAX(ABS(G38),ABS(H38)) -> 65.194031 | J74: =IF(H74>I74,"OK","NO") -> OK | N74: =8*E6 -> 96 | Q74: =ASIN(SQRT(2*D74^2/4*PI()*$X$7/($X$3*E74*0.5*$X$15))) -> 0.34707418 | R74: =DEGREES(Q74) -> 19.885886 | S74: 200 | T74: =(0.9*($X$4-30)*(2*PI()*8^2/4)/S74*$X$7)/1000*_xlfn.COT(Q74) -> 92.984916 | U74: =(0.9*($X$4-30)*$X$3*0.5*$X$15)*(_xlfn.COT(Q74))/(1+_xlfn.COT(Q74)^2)/1000 -> 232.46229 | V74: =MIN(T74:U74) -> 92.984916
A75: 3 | B75: start | C75: =500 -> 500 | D75: 8 | E75: 80 | F75: =(0.9*($X$4-30)*(2*PI()*D75^2/4)/E75*$X$7)/1000 -> 84.08541 | G75: =(0.9*($X$4-30)*$X$3*0.5*$X$15*0.5)/1000 -> 363.375 | H75: =MIN(F75:G75) -> 84.08541 | I75: =MAX(ABS(G39),ABS(H39)) -> 65.194031 | J75: =IF(H75>I75,"OK","NO") -> OK | N75: =8*E7 -> 96 | Q75: =ASIN(SQRT(2*D75^2/4*PI()*$X$7/($X$3*E75*0.5*$X$15))) -> 0.34707418 | R75: =DEGREES(Q75) -> 19.885886 | S75: 200 | T75: =(0.9*($X$4-30)*(2*PI()*8^2/4)/S75*$X$7)/1000*_xlfn.COT(Q75) -> 92.984916 | U75: =(0.9*($X$4-30)*$X$3*0.5*$X$15)*(_xlfn.COT(Q75))/(1+_xlfn.COT(Q75)^2)/1000 -> 232.46229 | V75: =MIN(T75:U75) -> 92.984916
B76: end | C76: =500 -> 500 | D76: 8 | E76: 80 | F76: =(0.9*($X$4-30)*(2*PI()*D76^2/4)/E76*$X$7)/1000 -> 84.08541 | G76: =(0.9*($X$4-30)*$X$3*0.5*$X$15*0.5)/1000 -> 363.375 | H76: =MIN(F76:G76) -> 84.08541 | I76: =MAX(ABS(G40),ABS(H40)) -> 65.194031 | J76: =IF(H76>I76,"OK","NO") -> OK | N76: =8*E8 -> 96 | Q76: =ASIN(SQRT(2*D76^2/4*PI()*$X$7/($X$3*E76*0.5*$X$15))) -> 0.34707418 | R76: =DEGREES(Q76) -> 19.885886 | S76: 200 | T76: =(0.9*($X$4-30)*(2*PI()*8^2/4)/S76*$X$7)/1000*_xlfn.COT(Q76) -> 92.984916 | U76: =(0.9*($X$4-30)*$X$3*0.5*$X$15)*(_xlfn.COT(Q76))/(1+_xlfn.COT(Q76)^2)/1000 -> 232.46229 | V76: =MIN(T76:U76) -> 92.984916
A77: 4 | B77: start | C77: =500 -> 500 | D77: 8 | E77: 80 | F77: =(0.9*($X$4-30)*(2*PI()*D77^2/4)/E77*$X$7)/1000 -> 84.08541 | G77: =(0.9*($X$4-30)*$X$3*0.5*$X$15*0.5)/1000 -> 363.375 | H77: =MIN(F77:G77) -> 84.08541 | I77: =MAX(ABS(G41),ABS(H41)) -> 65.194031 | J77: =IF(H77>I77,"OK","NO") -> OK
B78: end | C78: =500 -> 500 | D78: 8 | E78: 80 | F78: =(0.9*($X$4-30)*(2*PI()*D78^2/4)/E78*$X$7)/1000 -> 84.08541 | G78: =(0.9*($X$4-30)*$X$3*0.5*$X$15*0.5)/1000 -> 363.375 | H78: =MIN(F78:G78) -> 84.08541 | I78: =MAX(ABS(G42),ABS(H42)) -> 65.194031 | J78: =IF(H78>I78,"OK","NO") -> OK
A79: P2 | B79: SEZ. | C79: Zona critica | D79: $\phi Staffe$ | E79: s staffe | F79: $V_{Rsd}$ | G79: $V_{Rcd}$ | H79: $V_{Rd}$ | I79: $V_{ED}$ | N79: =8*E11 -> 0
A80: Camp. | C80: mm | D80: mm | E80: mm | F80: KN | G80: KN | H80: KN | I80: KN | N80: =8*E12 -> #VALUE!
A81: 1 | B81: start | C81: =500 -> 500 | D81: 8 | E81: 80 | F81: =(0.9*($X$4-30)*(2*PI()*D81^2/4)/E81*$X$7)/1000 -> 84.08541 | G81: =(0.9*($X$4-30)*$X$3*0.5*$X$15*0.5)/1000 -> 363.375 | H81: =MIN(F81:G81) -> 84.08541 | I81: =MAX(ABS(G45),ABS(H45)) -> 65.194031 | J81: =IF(H81>I81,"OK","NO") -> OK | N81: =8*E13 -> 96
B82: end | C82: =500 -> 500 | D82: 8 | E82: 80 | F82: =(0.9*($X$4-30)*(2*PI()*D82^2/4)/E82*$X$7)/1000 -> 84.08541 | G82: =(0.9*($X$4-30)*$X$3*0.5*$X$15*0.5)/1000 -> 363.375 | H82: =MIN(F82:G82) -> 84.08541 | I82: =MAX(ABS(G46),ABS(H46)) -> 65.194031 | J82: =IF(H82>I82,"OK","NO") -> OK | N82: =8*E14 -> 96
A83: 2 | B83: start | C83: =500 -> 500 | D83: 8 | E83: 80 | F83: =(0.9*($X$4-30)*(2*PI()*D83^2/4)/E83*$X$7)/1000 -> 84.08541 | G83: =(0.9*($X$4-30)*$X$3*0.5*$X$15*0.5)/1000 -> 363.375 | H83: =MIN(F83:G83) -> 84.08541 | I83: =MAX(ABS(G47),ABS(H47)) -> 65.194031 | J83: =IF(H83>I83,"OK","NO") -> OK | N83: =8*E15 -> 96
B84: end | C84: =500 -> 500 | D84: 8 | E84: 80 | F84: =(0.9*($X$4-30)*(2*PI()*D84^2/4)/E84*$X$7)/1000 -> 84.08541 | G84: =(0.9*($X$4-30)*$X$3*0.5*$X$15*0.5)/1000 -> 363.375 | H84: =MIN(F84:G84) -> 84.08541 | I84: =MAX(ABS(G48),ABS(H48)) -> 65.194031 | J84: =IF(H84>I84,"OK","NO") -> OK | N84: =8*E16 -> 96
A85: 3 | B85: start | C85: =500 -> 500 | D85: 8 | E85: 80 | F85: =(0.9*($X$4-30)*(2*PI()*D85^2/4)/E85*$X$7)/1000 -> 84.08541 | G85: =(0.9*($X$4-30)*$X$3*0.5*$X$15*0.5)/1000 -> 363.375 | H85: =MIN(F85:G85) -> 84.08541 | I85: =MAX(ABS(G49),ABS(H49)) -> 65.194031 | J85: =IF(H85>I85,"OK","NO") -> OK
B86: end | C86: =500 -> 500 | D86: 8 | E86: 80 | F86: =(0.9*($X$4-30)*(2*PI()*D86^2/4)/E86*$X$7)/1000 -> 84.08541 | G86: =(0.9*($X$4-30)*$X$3*0.5*$X$15*0.5)/1000 -> 363.375 | H86: =MIN(F86:G86) -> 84.08541 | I86: =MAX(ABS(G50),ABS(H50)) -> 65.194031 | J86: =IF(H86>I86,"OK","NO") -> OK
A87: 4 | B87: start | C87: =500 -> 500 | D87: 8 | E87: 80 | F87: =(0.9*($X$4-30)*(2*PI()*D87^2/4)/E87*$X$7)/1000 -> 84.08541 | G87: =(0.9*($X$4-30)*$X$3*0.5*$X$15*0.5)/1000 -> 363.375 | H87: =MIN(F87:G87) -> 84.08541 | I87: =MAX(ABS(G51),ABS(H51)) -> 65.194031 | J87: =IF(H87>I87,"OK","NO") -> OK | N87: =8*E19 -> 96
B88: end | C88: =500 -> 500 | D88: 8 | E88: 80 | F88: =(0.9*($X$4-30)*(2*PI()*D88^2/4)/E88*$X$7)/1000 -> 84.08541 | G88: =(0.9*($X$4-30)*$X$3*0.5*$X$15*0.5)/1000 -> 363.375 | H88: =MIN(F88:G88) -> 84.08541 | I88: =MAX(ABS(G52),ABS(H52)) -> 65.194031 | J88: =IF(H88>I88,"OK","NO") -> OK | N88: =8*C20 -> 96
A89: P3 | B89: SEZ. | C89: Zona critica | D89: $\phi Staffe$ | E89: s staffe | F89: $V_{Rsd}$ | G89: $V_{Rcd}$ | H89: $V_{Rd}$ | I89: $V_{ED}$
A90: Camp. | C90: mm | D90: mm | E90: mm | F90: KN | G90: KN | H90: KN | I90: KN
A91: 1 | B91: start | C91: =500 -> 500 | D91: 8 | E91: 80 | F91: =(0.9*($X$4-30)*(2*PI()*D91^2/4)/E91*$X$7)/1000 -> 84.08541 | G91: =(0.9*($X$4-30)*$X$3*0.5*$X$15*0.5)/1000 -> 363.375 | H91: =MIN(F91:G91) -> 84.08541 | I91: =MAX(ABS(G55),ABS(H55)) -> 65.194031 | J91: =IF(H91>I91,"OK","NO") -> OK
B92: end | C92: =500 -> 500 | D92: 8 | E92: 80 | F92: =(0.9*($X$4-30)*(2*PI()*D92^2/4)/E92*$X$7)/1000 -> 84.08541 | G92: =(0.9*($X$4-30)*$X$3*0.5*$X$15*0.5)/1000 -> 363.375 | H92: =MIN(F92:G92) -> 84.08541 | I92: =MAX(ABS(G56),ABS(H56)) -> 65.194031 | J92: =IF(H92>I92,"OK","NO") -> OK
A93: 2 | B93: start | C93: =500 -> 500 | D93: 8 | E93: 80 | F93: =(0.9*($X$4-30)*(2*PI()*D93^2/4)/E93*$X$7)/1000 -> 84.08541 | G93: =(0.9*($X$4-30)*$X$3*0.5*$X$15*0.5)/1000 -> 363.375 | H93: =MIN(F93:G93) -> 84.08541 | I93: =MAX(ABS(G57),ABS(H57)) -> 65.194031 | J93: =IF(H93>I93,"OK","NO") -> OK
B94: end | C94: =500 -> 500 | D94: 8 | E94: 80 | F94: =(0.9*($X$4-30)*(2*PI()*D94^2/4)/E94*$X$7)/1000 -> 84.08541 | G94: =(0.9*($X$4-30)*$X$3*0.5*$X$15*0.5)/1000 -> 363.375 | H94: =MIN(F94:G94) -> 84.08541 | I94: =MAX(ABS(G58),ABS(H58)) -> 65.194031 | J94: =IF(H94>I94,"OK","NO") -> OK
A95: 3 | B95: start | C95: =500 -> 500 | D95: 8 | E95: 80 | F95: =(0.9*($X$4-30)*(2*PI()*D95^2/4)/E95*$X$7)/1000 -> 84.08541 | G95: =(0.9*($X$4-30)*$X$3*0.5*$X$15*0.5)/1000 -> 363.375 | H95: =MIN(F95:G95) -> 84.08541 | I95: =MAX(ABS(G59),ABS(H59)) -> 65.194031 | J95: =IF(H95>I95,"OK","NO") -> OK | N95: =8*C21 -> #VALUE!
B96: end | C96: =500 -> 500 | D96: 8 | E96: 80 | F96: =(0.9*($X$4-30)*(2*PI()*D96^2/4)/E96*$X$7)/1000 -> 84.08541 | G96: =(0.9*($X$4-30)*$X$3*0.5*$X$15*0.5)/1000 -> 363.375 | H96: =MIN(F96:G96) -> 84.08541 | I96: =MAX(ABS(G60),ABS(H60)) -> 65.194031 | J96: =IF(H96>I96,"OK","NO") -> OK | N96: =8*C22 -> #VALUE!
A97: 4 | B97: start | C97: =500 -> 500 | D97: 8 | E97: 80 | F97: =(0.9*($X$4-30)*(2*PI()*D97^2/4)/E97*$X$7)/1000 -> 84.08541 | G97: =(0.9*($X$4-30)*$X$3*0.5*$X$15*0.5)/1000 -> 363.375 | H97: =MIN(F97:G97) -> 84.08541 | I97: =MAX(ABS(G61),ABS(H61)) -> 65.194031 | J97: =IF(H97>I97,"OK","NO") -> OK | N97: =8*C23 -> 96
B98: end | C98: =500 -> 500 | D98: 8 | E98: 80 | F98: =(0.9*($X$4-30)*(2*PI()*D98^2/4)/E98*$X$7)/1000 -> 84.08541 | G98: =(0.9*($X$4-30)*$X$3*0.5*$X$15*0.5)/1000 -> 363.375 | H98: =MIN(F98:G98) -> 84.08541 | I98: =MAX(ABS(G62),ABS(H62)) -> 65.194031 | J98: =IF(H98>I98,"OK","NO") -> OK | N98: =8*E24 -> 96
A101: VERIFICA DI DUTTILITA' EU8
A102: $\mu_{\phi}$ | B102: =1.2*(2*3.9) -> 9.36
A104: P1 | B104: SEZ. | C104: $A_{sup}$ | D104: $A_{inf}$ | E104: $\rho-\rho'$
A105: Camp. | C105: mm^2 | D105: mm^2 | E105: -
A106: 1 | B106: start | C106: =G3 -> 678.58401 | D106: =L3 -> 678.58401 | E106: =(C106-D106)/($X$3*$X$4) -> 0 | F106: =0.0018*$X$15/($B$102*1.86/1000*$X$7) -> 0.0044917747 | G106: =IF(E106<F106,"OK","NO") -> OK
B107: end | C107: =G4 -> 678.58401 | D107: =L4 -> 678.58401 | E107: =(C107-D107)/($X$3*$X$4) -> 0 | F107: =0.0018*$X$15/($B$102*1.86/1000*$X$7) -> 0.0044917747 | G107: =IF(E107<F107,"OK","NO") -> OK
A108: 2 | B108: start | C108: =G5 -> 678.58401 | D108: =L5 -> 678.58401 | E108: =(C108-D108)/($X$3*$X$4) -> 0 | F108: =0.0018*$X$15/($B$102*1.86/1000*$X$7) -> 0.0044917747 | G108: =IF(E108<F108,"OK","NO") -> OK
...

Sheet TAGLIO SLV (trave esterna)
A1: P1 | B1: SEZ. | C1: $A_{sup}$ | H1: $A_{inf}$ | M1: $\rho_{sup}$ | O1: $\rho_{inf}$ | Q1: y | AE1: $\rho_{min}$ | AF1: $\rho_{max}$ | AH1: TRAVE ESTERNA | AL1: b | AM1: h | AN1: d
A2: Camp. | C2: $\phi$ | D2: N$\phi$ | E2: $\phi$ | F2: N$\phi$ | G2: A (mm^2) | H2: $\phi$ | I2: N$\phi$ | J2: $\phi$ | K2: N$\phi$ | L2: A (mm^2) | M2: - | O2: - | Q2: mm | T2: a | U2: b | V2: c | W2: y | X2: $\delta$ | Z2: y1 | AE2: - | AF2: - | AH2: campata 1 | AL2: mm | AM2: mm | AN2: mm
A3: 1 | B3: start | C3: 20 | D3: 2 | E3: 18 | F3: 2 | G3: =(C3^2/4*D3+E3^2/4*F3)*PI() -> 1137.2565 | H3: 18 | I3: 2 | J3: 18 | K3: 2 | L3: =(H3^2/4*I3+J3^2/4*K3)*PI() -> 1017.876 | M3: =G3/($AL$3*$AM$3) -> 0.0075817103 | N3: =IF($AE$3<=M3,"OK","NO") -> OK | O3: =L3/($AL$3*$AM$3) -> 0.0067858401 | P3: =IF(O3>$AE$3,"OK","NO") -> OK | Q3: =ABS($AI$6*(G3-L3)/($AI$14*0.8*$AI$3)) -> 11.449538 | T3: =$AI$3*$AI$14*0.8 -> 4080 | U3: =L3*$AI$15*3.5/1000-G3*$AI$6 -> 303125.45 | V3: =$AI$6,$AI$6,L3*$AI$15*(3.5/1000)*($AI$4-40) -> #VALUE! | W3: =CONCATENATE(T3," y^2 ",IF(U3>0," + "," "),U3," y",IF(V3>0," + "," "),V3, " = 0 ") -> #VALUE! | X3: =U3^2-4*T3*V3 -> #VALUE! | Y3: =IF(X3>0,"2 soluzioni distinte",IF(X3=0,"2 soluzioni coincidenti","nessuna soluzione")) -> #VALUE! | Z3: =IF(X3<0," ",(-U3+SQRT(X3))/(2*T3)) -> #VALUE! | AA3: =IF(X3<0," ",(-U3-SQRT(X3))/(2*T3)) -> #VALUE! | AE3: =1.4/$AI$5 -> 0.0031111111 | AF3: =3.5/$AI$5 -> 0.0077777778 | AH3: b | AI3: =300 -> 300 | AJ3: mm | AL3: 300 | AM3: 500 | AN3: =AM3-40 -> 460
B4: end | C4: 18 | D4: 2 | E4: 18 | F4: 2 | G4: =(C4^2/4*D4+E4^2/4*F4)*PI() -> 1017.876 | H4: 18 | I4: 2 | J4: 18 | K4: 2 | L4: =(H4^2/4*I4+J4^2/4*K4)*PI() -> 1017.876 | M4: =G4/($AL$3*$AM$3) -> 0.0067858401 | N4: =IF($AE$3<=M4,"OK","NO") -> OK | O4: =L4/($AL$3*$AM$3) -> 0.0067858401 | P4: =IF(O4>$AE$3,"OK","NO") -> OK | Q4: =ABS($AI$6*(G4-L4)/($AI$14*0.8*$AI$3)) -> 0 | T4: =$AI$3*$AI$14*0.8 -> 4080 | U4: =G4*$AI$15*3.5/1000-L4*$AI$6 -> 349839.56 | V4: =IF($AI$15*(3.5/1000)*(AA4-40)/(AA4)>$AI$6,$AI$6,L4*$AI$15*(3.5/1000)*($AI$4-40)) -> 0 | W4: =CONCATENATE(T4," y^2 ",IF(U4>0," + "," "),U4," y",IF(V4>0," + "," "),V4, " = 0 ") -> #VALUE! | X4: =U4^2-4*T4*V4 -> #VALUE! | Y4: =IF(X4>0,"2 soluzioni distinte",IF(X4=0,"2 soluzioni coincidenti","nessuna soluzione")) -> #VALUE! | Z4: =IF(X4<0," ",(-U4+SQRT(X4))/(2*T4)) -> #VALUE! | AA4: =IF(X4<0," ",(-U4-SQRT(X4))/(2*T4)) -> #VALUE! | AH4: h | AI4: 500 | AJ4: mm
A5: 2 | B5: start | C5: 18 | D5: 2 | E5: 18 | F5: 2 | G5: =(C5^2/4*D5+E5^2/4*F5)*PI() -> 1017.876 | H5: 18 | I5: 2 | J5: 18 | K5: 2 | L5: =(H5^2/4*I5+J5^2/4*K5)*PI() -> 1017.876 | M5: =G5/($AL$3*$AM$3) -> 0.0067858401 | N5: =IF($AE$3<=M5,"OK","NO") -> OK | O5: =L5/($AL$3*$AM$3) -> 0.0067858401 | P5: =IF(O5>$AE$3,"OK","NO") -> OK | Q5: =ABS($AI$6*(G5-L5)/($AI$14*0.8*$AI$3)) -> 0 | T5: =$AI$3*$AI$14*0.8 -> 4080 | U5: =L5*$AI$15*3.5/1000-G5*$AI$6 -> 349839.56 | V5: =IF($AI$15*(3.5/1000)*(AA5-40)/(AA5)>$AI$6,$AI$6,L5*$AI$15*(3.5/1000)*($AI$4-40)) -> 0 | W5: =CONCATENATE(T5," y^2 ",IF(U5>0," + "," "),U5," y",IF(V5>0," + "," "),V5, " = 0 ") -> #VALUE! | X5: =U5^2-4*T5*V5 -> #VALUE! | Y5: =IF(X5>0,"2 soluzioni distinte",IF(X5=0,"2 soluzioni coincidenti","nessuna soluzione")) -> #VALUE! | Z5: =IF(X5<0," ",(-U5+SQRT(X5))/(2*T5)) -> #VALUE! | AA5: =IF(X5<0," ",(-U5-SQRT(X5))/(2*T5)) -> #VALUE! | AH5: $f_{yk}$ | AI5: =450 -> 450 | AJ5: N/mm^2 | AL5: 300 | AM5: 500 | AN5: =AM5-40 -> 460
B6: end | C6: 18 | D6: 2 | E6: 18 | F6: 2 | G6: =(C6^2/4*D6+E6^2/4*F6)*PI() -> 1017.876 | H6: 18 | I6: 2 | J6: 18 | K6: 2 | L6: =(H6^2/4*I6+J6^2/4*K6)*PI() -> 1017.876 | M6: =G6/($AL$3*$AM$3) -> 0.0067858401 | N6: =IF($AE$3<=M6,"OK","NO") -> OK | O6: =L6/($AL$3*$AM$3) -> 0.0067858401 | P6: =IF(O6>$AE$3,"OK","NO") -> OK | Q6: =ABS($AI$6*(G6-L6)/($AI$14*0.8*$AI$3)) -> 0 | T6: =$AI$3*$AI$14*0.8 -> 4080 | U6: =G6*$AI$15*3.5/1000-L6*$AI$6 -> 349839.56 | V6: =IF($AI$15*(3.5/1000)*(AA6-40)/(AA6)>$AI$6,$AI$6,L6*$AI$15*(3.5/1000)*($AI$4-40)) -> 0 | W6: =CONCATENATE(T6," y^2 ",IF(U6>0," + "," "),U6," y",IF(V6>0," + "," "),V6, " = 0 ") -> #VALUE! | X6: =U6^2-4*T6*V6 -> #VALUE! | Y6: =IF(X6>0,"2 soluzioni distinte",IF(X6=0,"2 soluzioni coincidenti","nessuna soluzione")) -> #VALUE! | Z6: =IF(X6<0," ",(-U6+SQRT(X6))/(2*T6)) -> #VALUE! | AA6: =IF(X6<0," ",(-U6-SQRT(X6))/(2*T6)) -> #VALUE! | AH6: $f_{yd}$ | AI6: =AI5/1.15 -> 391.30435
A7: 3 | B7: start | C7: 18 | D7: 2 | E7: 18 | F7: 2 | G7: =(C7^2/4*D7+E7^2/4*F7)*PI() -> 1017.876 | H7: 18 | I7: 2 | J7: 14 | K7: 2 | L7: =(H7^2/4*I7+J7^2/4*K7)*PI() -> 816.81409 | M7: =G7/($AL$3*$AM$3) -> 0.0067858401 | N7: =IF($AE$3<=M7,"OK","NO") -> OK | O7: =L7/($AL$3*$AM$3) -> 0.0054454273 | P7: =IF(O7>$AE$3,"OK","NO") -> OK | Q7: =ABS($AI$6*(G7-L7)/($AI$14*0.8*$AI$3)) -> 19.283433 | T7: =$AI$3*$AI$14*0.8 -> 4080 | U7: =L7*$AI$15*3.5/1000-G7*$AI$6 -> 202059.04 | V7: =IF($AI$15*(3.5/1000)*(AA7-40)/(AA7)>$AI$6,$AI$6,L7*$AI$15*(3.5/1000)*($AI$4-40)) -> 0 | W7: =CONCATENATE(T7," y^2 ",IF(U7>0," + "," "),U7," y",IF(V7>0," + "," "),V7, " = 0 ") -> #VALUE! | X7: =U7^2-4*T7*V7 -> #VALUE! | Y7: =IF(X7>0,"2 soluzioni distinte",IF(X7=0,"2 soluzioni coincidenti","nessuna soluzione")) -> #VALUE! | Z7: =IF(X7<0," ",(-U7+SQRT(X7))/(2*T7)) -> #VALUE! | AA7: =IF(X7<0," ",(-U7-SQRT(X7))/(2*T7)) -> #VALUE! | AH7: $A_s$ | AI7: =1.4/AI5*AI3*AI4 -> 466.66667 | AJ7: mm^2 | AL7: 300 | AM7: 500 | AN7: =AM7-40 -> 460
B8: end | C8: 20 | D8: 2 | E8: 18 | F8: 2 | G8: =(C8^2/4*D8+E8^2/4*F8)*PI() -> 1137.2565 | H8: 18 | I8: 2 | J8: 14 | K8: 2 | L8: =(H8^2/4*I8+J8^2/4*K8)*PI() -> 816.81409 | M8: =G8/($AL$3*$AM$3) -> 0.0075817103 | N8: =IF($AE$3<=M8,"OK","NO") -> OK | O8: =L8/($AL$3*$AM$3) -> 0.0054454273 | P8: =IF(O8>$AE$3,"OK","NO") -> OK | Q8: =ABS($AI$6*(G8-L8)/($AI$14*0.8*$AI$3)) -> 30.732972 | T8: =$AI$3*$AI$14*0.8 -> 4080 | U8: =G8*$AI$15*3.5/1000-L8*$AI$6 -> 516260.65 | V8: =IF($AI$15*(3.5/1000)*(AA8-40)/(AA8)>$AI$6,$AI$6,L8*$AI$15*(3.5/1000)*($AI$4-40)) -> 0 | W8: =CONCATENATE(T8," y^2 ",IF(U8>0," + "," "),U8," y",IF(V8>0," + "," "),V8, " = 0 ") -> #VALUE! | X8: =U8^2-4*T8*V8 -> #VALUE! | Y8: =IF(X8>0,"2 soluzioni distinte",IF(X8=0,"2 soluzioni coincidenti","nessuna soluzione")) -> #VALUE! | Z8: =IF(X8<0," ",(-U8+SQRT(X8))/(2*T8)) -> #VALUE! | AA8: =IF(X8<0," ",(-U8-SQRT(X8))/(2*T8)) -> #VALUE! | AH8: $A_s-A_s^{comp}$ | AI8: =3.5/AI5*AI3*AI4 -> 1166.6667 | AJ8: mm^2
A9: 4 | B9: start | C9: 20 | D9: 2 | E9: 18 | F9: 2 | G9: =(C9^2/4*D9+E9^2/4*F9)*PI() -> 1137.2565 | H9: 18 | I9: 2 | J9: 18 | K9: 2 | L9: =(H9^2/4*I9+J9^2/4*K9)*PI() -> 1017.876 | M9: =G9/($AL$3*$AM$3) -> 0.0075817103 | N9: =IF($AE$3<=M9,"OK","NO") -> OK | O9: =L9/($AL$3*$AM$3) -> 0.0067858401 | P9: =IF(O9>$AE$3,"OK","NO") -> OK | Q9: =ABS($AI$6*(G9-L9)/($AI$14*0.8*$AI$3)) -> 11.449538 | AH9: $\rho_{min}$ | AI9: =AI7/(AI4*AI3) -> 0.0031111111 | AL9: b | AM9: h | AN9: d
B10: end | C10: 20 | D10: 2 | E10: 18 | F10: 2 | G10: =(C10^2/4*D10+E10^2/4*F10)*PI() -> 1137.2565 | H10: 18 | I10: 2 | J10: 18 | K10: 2 | L10: =(H10^2/4*I10+J10^2/4*K10)*PI() -> 1017.876 | M10: =G10/($AL$3*$AM$3) -> 0.0075817103 | N10: =IF($AE$3<=M10,"OK","NO") -> OK | O10: =L10/($AL$3*$AM$3) -> 0.0067858401 | P10: =IF(O10>$AE$3,"OK","NO") -> OK | Q10: =ABS($AI$6*(G10-L10)/($AI$14*0.8*$AI$3)) -> 11.449538 | AH10: $\rho_{comp}$ | AI10: =0.25*AI9 -> 0.00077777778 | AL10: mm | AM10: mm | AN10: mm
A11: P2 | B11: SEZ. | C11: $A_{sup}$ | H11: $A_{inf}$ | M11: $\rho_{sup}$ | O11: $\rho_{inf}$ | Q11: y | AH11: $\rho_{comp}$ | AI11: =0.5*AI9 -> 0.0015555556 | AJ11: Nelle zone dissipative | AL11: 300 | AM11: 500 | AN11: =AM11-40 -> 460
A12: Camp. | C12: $\phi$ | D12: N$\phi$ | E12: $\phi$ | F12: N$\phi$ | G12: A (mm^2) | H12: $\phi$ | I12: N$\phi$ | J12: $\phi$ | K12: N$\phi$ | L12: A (mm^2) | M12: - | O12: - | Q12: mm
A13: 1 | B13: start | C13: 20 | D13: 2 | E13: 18 | F13: 2 | G13: =(C13^2/4*D13+E13^2/4*F13)*PI() -> 1137.2565 | H13: 18 | I13: 2 | J13: 18 | K13: 2 | L13: =(H13^2/4*I13+J13^2/4*K13)*PI() -> 1017.876 | M13: =G13/($AL$3*$AM$3) -> 0.0075817103 | N13: =IF($AE$3<=M13,"OK","NO") -> OK | O13: =L13/($AL$3*$AM$3) -> 0.0067858401 | P13: =IF(O13>$AE$3,"OK","NO") -> OK | Q13: =ABS($AI$6*(G13-L13)/($AI$14*0.8*$AI$3)) -> 11.449538 | AI13: =269*1000^2/(0.9*AN3*391) -> 1661.7863 | AL13: 300 | AM13: 500 | AN13: =AM13-40 -> 460
B14: end | C14: 18 | D14: 2 | E14: 18 | F14: 2 | G14: =(C14^2/4*D14+E14^2/4*F14)*PI() -> 1017.876 | H14: 18 | I14: 2 | J14: 18 | K14: 2 | L14: =(H14^2/4*I14+J14^2/4*K14)*PI() -> 1017.876 | M14: =G14/($AL$3*$AM$3) -> 0.0067858401 | N14: =IF($AE$3<=M14,"OK","NO") -> OK | O14: =L14/($AL$3*$AM$3) -> 0.0067858401 | P14: =IF(O14>$AE$3,"OK","NO") -> OK | Q14: =ABS($AI$6*(G14-L14)/($AI$14*0.8*$AI$3)) -> 0 | AH14: fcd | AI14: =0.85*30/1.5 -> 17
A15: 2 | B15: start | C15: 18 | D15: 2 | E15: 18 | F15: 2 | G15: =(C15^2/4*D15+E15^2/4*F15)*PI() -> 1017.876 | H15: 18 | I15: 2 | J15: 18 | K15: 2 | L15: =(H15^2/4*I15+J15^2/4*K15)*PI() -> 1017.876 | M15: =G15/($AL$3*$AM$3) -> 0.0067858401 | N15: =IF($AE$3<=M15,"OK","NO") -> OK | O15: =L15/($AL$3*$AM$3) -> 0.0067858401 | P15: =IF(O15>$AE$3,"OK","NO") -> OK | Q15: =ABS($AI$6*(G15-L15)/($AI$14*0.8*$AI$3)) -> 0 | AH15: Es | AI15: 210000 | AL15: 300 | AM15: 500 | AN15: =AM15-40 -> 460
B16: end | C16: 18 | D16: 2 | E16: 18 | F16: 2 | G16: =(C16^2/4*D16+E16^2/4*F16)*PI() -> 1017.876 | H16: 18 | I16: 2 | J16: 18 | K16: 2 | L16: =(H16^2/4*I16+J16^2/4*K16)*PI() -> 1017.876 | M16: =G16/($AL$3*$AM$3) -> 0.0067858401 | N16: =IF($AE$3<=M16,"OK","NO") -> OK | O16: =L16/($AL$3*$AM$3) -> 0.0067858401 | P16: =IF(O16>$AE$3,"OK","NO") -> OK | Q16: =ABS($AI$6*(G16-L16)/($AI$14*0.8*$AI$3)) -> 0
A17: 3 | B17: start | C17: 18 | D17: 2 | E17: 18 | F17: 2 | G17: =(C17^2/4*D17+E17^2/4*F17)*PI() -> 1017.876 | H17: 18 | I17: 2 | J17: 14 | K17: 2 | L17: =(H17^2/4*I17+J17^2/4*K17)*PI() -> 816.81409 | M17: =G17/($AL$3*$AM$3) -> 0.0067858401 | N17: =IF($AE$3<=M17,"OK","NO") -> OK | O17: =L17/($AL$3*$AM$3) -> 0.0054454273 | P17: =IF(O17>$AE$3,"OK","NO") -> OK | Q17: =ABS($AI$6*(G17-L17)/($AI$14*0.8*$AI$3)) -> 19.283433 | AL17: b | AM17: h | AN17: d
B18: end | C18: 18 | D18: 2 | E18: 18 | F18: 2 | G18: =(C18^2/4*D18+E18^2/4*F18)*PI() -> 1017.876 | H18: 18 | I18: 2 | J18: 14 | K18: 2 | L18: =(H18^2/4*I18+J18^2/4*K18)*PI() -> 816.81409 | M18: =G18/($AL$3*$AM$3) -> 0.0067858401 | N18: =IF($AE$3<=M18,"OK","NO") -> OK | O18: =L18/($AL$3*$AM$3) -> 0.0054454273 | P18: =IF(O18>$AE$3,"OK","NO") -> OK | Q18: =ABS($AI$6*(G18-L18)/($AI$14*0.8*$AI$3)) -> 19.283433 | AL18: mm | AM18: mm | AN18: mm
A19: 4 | B19: start | C19: 18 | D19: 2 | E19: 18 | F19: 2 | G19: =(C19^2/4*D19+E19^2/4*F19)*PI() -> 1017.876 | H19: 18 | I19: 2 | J19: 18 | K19: 2 | L19: =(H19^2/4*I19+J19^2/4*K19)*PI() -> 1017.876 | M19: =G19/($AL$3*$AM$3) -> 0.0067858401 | N19: =IF($AE$3<=M19,"OK","NO") -> OK | O19: =L19/($AL$3*$AM$3) -> 0.0067858401 | P19: =IF(O19>$AE$3,"OK","NO") -> OK | Q19: =ABS($AI$6*(G19-L19)/($AI$14*0.8*$AI$3)) -> 0 | AL19: 300 | AM19: 500 | AN19: =AM19-40 -> 460
B20: end | C20: 20 | D20: 2 | E20: 18 | F20: 2 | G20: =(C20^2/4*D20+E20^2/4*F20)*PI() -> 1137.2565 | H20: 18 | I20: 2 | J20: 18 | K20: 2 | L20: =(H20^2/4*I20+J20^2/4*K20)*PI() -> 1017.876 | M20: =G20/($AL$3*$AM$3) -> 0.0075817103 | N20: =IF($AE$3<=M20,"OK","NO") -> OK | O20: =L20/($AL$3*$AM$3) -> 0.0067858401 | P20: =IF(O20>$AE$3,"OK","NO") -> OK | Q20: =ABS($AI$6*(G20-L20)/($AI$14*0.8*$AI$3)) -> 11.449538
A21: P3 | B21: SEZ. | C21: $A_{sup}$ | H21: $A_{inf}$ | M21: $\rho_{sup}$ | O21: $\rho_{inf}$ | Q21: y | AL21: 300 | AM21: 500 | AN21: =AM21-40 -> 460
A22: Camp. | C22: $\phi$ | D22: N$\phi$ | E22: $\phi$ | F22: N$\phi$ | G22: A (mm^2) | H22: $\phi$ | I22: N$\phi$ | J22: $\phi$ | K22: N$\phi$ | L22: A (mm^2) | M22: - | O22: - | Q22: mm
A23: 1 | B23: start | C23: 18 | D23: 2 | E23: 14 | F23: 2 | G23: =(C23^2/4*D23+E23^2/4*F23)*PI() -> 816.81409 | H23: 14 | I23: 2 | J23: 14 | K23: 2 | L23: =(H23^2/4*I23+J23^2/4*K23)*PI() -> 615.75216 | M23: =G23/($AL$3*$AM$3) -> 0.0054454273 | N23: =IF($AE$3<=M23,"OK","NO") -> OK | O23: =L23/($AL$3*$AM$3) -> 0.0041050144 | P23: =IF(O23>$AE$3,"OK","NO") -> OK | Q23: =ABS($AI$6*(G23-L23)/($AI$14*0.8*$AI$3)) -> 19.283433 | AL23: 300 | AM23: 500 | AN23: =AM23-40 -> 460
B24: end | C24: 18 | D24: 2 | E24: 12 | F24: 2 | G24: =(C24^2/4*D24+E24^2/4*F24)*PI() -> 735.13268 | H24: 14 | I24: 2 | J24: 14 | K24: 2 | L24: =(H24^2/4*I24+J24^2/4*K24)*PI() -> 615.75216 | M24: =G24/($AL$3*$AM$3) -> 0.0049008845 | N24: =IF($AE$3<=M24,"OK","NO") -> OK | O24: =L24/($AL$3*$AM$3) -> 0.0041050144 | P24: =IF(O24>$AE$3,"OK","NO") -> OK | Q24: =ABS($AI$6*(G24-L24)/($AI$14*0.8*$AI$3)) -> 11.449538
A25: 2 | B25: start | C25: 18 | D25: 2 | E25: 12 | F25: 2 | G25: =(C25^2/4*D25+E25^2/4*F25)*PI() -> 735.13268 | H25: 14 | I25: 2 | J25: 14 | K25: 2 | L25: =(H25^2/4*I25+J25^2/4*K25)*PI() -> 615.75216 | M25: =G25/($AL$3*$AM$3) -> 0.0049008845 | N25: =IF($AE$3<=M25,"OK","NO") -> OK | O25: =L25/($AL$3*$AM$3) -> 0.0041050144 | P25: =IF(O25>$AE$3,"OK","NO") -> OK | Q25: =ABS($AI$6*(G25-L25)/($AI$14*0.8*$AI$3)) -> 11.449538
B26: end | C26: 18 | D26: 2 | E26: 12 | F26: 2 | G26: =(C26^2/4*D26+E26^2/4*F26)*PI() -> 735.13268 | H26: 14 | I26: 2 | J26: 14 | K26: 2 | L26: =(H26^2/4*I26+J26^2/4*K26)*PI() -> 615.75216 | M26: =G26/($AL$3*$AM$3) -> 0.0049008845 | N26: =IF($AE$3<=M26,"OK","NO") -> OK | O26: =L26/($AL$3*$AM$3) -> 0.0041050144 | P26: =IF(O26>$AE$3,"OK","NO") -> OK | Q26: =ABS($AI$6*(G26-L26)/($AI$14*0.8*$AI$3)) -> 11.449538
A27: 3 | B27: start | C27: 18 | D27: 2 | E27: 12 | F27: 2 | G27: =(C27^2/4*D27+E27^2/4*F27)*PI() -> 735.13268 | H27: 14 | I27: 2 | J27: 14 | K27: 2 | L27: =(H27^2/4*I27+J27^2/4*K27)*PI() -> 615.75216 | M27: =G27/($AL$3*$AM$3) -> 0.0049008845 | N27: =IF($AE$3<=M27,"OK","NO") -> OK | O27: =L27/($AL$3*$AM$3) -> 0.0041050144 | P27: =IF(O27>$AE$3,"OK","NO") -> OK | Q27: =ABS($AI$6*(G27-L27)/($AI$14*0.8*$AI$3)) -> 11.449538
B28: end | C28: 18 | D28: 2 | E28: 12 | F28: 2 | G28: =(C28^2/4*D28+E28^2/4*F28)*PI() -> 735.13268 | H28: 14 | I28: 2 | J28: 14 | K28: 2 | L28: =(H28^2/4*I28+J28^2/4*K28)*PI() -> 615.75216 | M28: =G28/($AL$3*$AM$3) -> 0.0049008845 | N28: =IF($AE$3<=M28,"OK","NO") -> OK | O28: =L28/($AL$3*$AM$3) -> 0.0041050144 | P28: =IF(O28>$AE$3,"OK","NO") -> OK | Q28: =ABS($AI$6*(G28-L28)/($AI$14*0.8*$AI$3)) -> 11.449538
A29: 4 | B29: start | C29: 18 | D29: 2 | E29: 12 | F29: 2 | G29: =(C29^2/4*D29+E29^2/4*F29)*PI() -> 735.13268 | H29: 14 | I29: 2 | J29: 14 | K29: 2 | L29: =(H29^2/4*I29+J29^2/4*K29)*PI() -> 615.75216 | M29: =G29/($AL$3*$AM$3) -> 0.0049008845 | N29: =IF($AE$3<=M29,"OK","NO") -> OK | O29: =L29/($AL$3*$AM$3) -> 0.0041050144 | P29: =IF(O29>$AE$3,"OK","NO") -> OK | Q29: =ABS($AI$6*(G29-L29)/($AI$14*0.8*$AI$3)) -> 11.449538
B30: end | C30: 18 | D30: 2 | E30: 14 | F30: 2 | G30: =(C30^2/4*D30+E30^2/4*F30)*PI() -> 816.81409 | H30: 14 | I30: 2 | J30: 14 | K30: 2 | L30: =(H30^2/4*I30+J30^2/4*K30)*PI() -> 615.75216 | M30: =G30/($AL$3*$AM$3) -> 0.0054454273 | N30: =IF($AE$3<=M30,"OK","NO") -> OK | O30: =L30/($AL$3*$AM$3) -> 0.0041050144 | P30: =IF(O30>$AE$3,"OK","NO") -> OK | Q30: =ABS($AI$6*(G30-L30)/($AI$14*0.8*$AI$3)) -> 19.283433
A31: P4 | B31: SEZ. | C31: $A_{sup}$ | H31: $A_{inf}$ | M31: $\rho_{sup}$ | O31: $\rho_{inf}$ | Q31: y
A32: Camp. | C32: $\phi$ | D32: N$\phi$ | E32: $\phi$ | F32: N$\phi$ | G32: A (mm^2) | H32: $\phi$ | I32: N$\phi$ | J32: $\phi$ | K32: N$\phi$ | L32: A (mm^2) | M32: - | O32: - | Q32: mm
A33: 1 | B33: start | C33: 14 | D33: 2 | E33: 12 | F33: 2 | G33: =(C33^2/4*D33+E33^2/4*F33)*PI() -> 534.07075 | H33: 14 | I33: 2 | J33: 12 | K33: 2 | L33: =(H33^2/4*I33+J33^2/4*K33)*PI() -> 534.07075 | M33: =G33/($AL$3*$AM$3) -> 0.0035604717 | N33: =IF($AE$3<=M33,"OK","NO") -> OK | O33: =L33/($AL$3*$AM$3) -> 0.0035604717 | P33: =IF(O33>$AE$3,"OK","NO") -> OK | Q33: =ABS($AI$6*(G33-L33)/($AI$14*0.8*$AI$3)) -> 0
B34: end | C34: 14 | D34: 2 | E34: 12 | F34: 2 | G34: =(C34^2/4*D34+E34^2/4*F34)*PI() -> 534.07075 | H34: 14 | I34: 2 | J34: 12 | K34: 2 | L34: =(H34^2/4*I34+J34^2/4*K34)*PI() -> 534.07075 | M34: =G34/($AL$3*$AM$3) -> 0.0035604717 | N34: =IF($AE$3<=M34,"OK","NO") -> OK | O34: =L34/($AL$3*$AM$3) -> 0.0035604717 | P34: =IF(O34>$AE$3,"OK","NO") -> OK | Q34: =ABS($AI$6*(G34-L34)/($AI$14*0.8*$AI$3)) -> 0
A35: 2 | B35: start | C35: 14 | D35: 2 | E35: 12 | F35: 2 | G35: =(C35^2/4*D35+E35^2/4*F35)*PI() -> 534.07075 | H35: 14 | I35: 2 | J35: 12 | K35: 2 | L35: =(H35^2/4*I35+J35^2/4*K35)*PI() -> 534.07075 | M35: =G35/($AL$3*$AM$3) -> 0.0035604717 | N35: =IF($AE$3<=M35,"OK","NO") -> OK | O35: =L35/($AL$3*$AM$3) -> 0.0035604717 | P35: =IF(O35>$AE$3,"OK","NO") -> OK | Q35: =ABS($AI$6*(G35-L35)/($AI$14*0.8*$AI$3)) -> 0
B36: end | C36: 14 | D36: 2 | E36: 12 | F36: 2 | G36: =(C36^2/4*D36+E36^2/4*F36)*PI() -> 534.07075 | H36: 14 | I36: 2 | J36: 12 | K36: 2 | L36: =(H36^2/4*I36+J36^2/4*K36)*PI() -> 534.07075 | M36: =G36/($AL$3*$AM$3) -> 0.0035604717 | N36: =IF($AE$3<=M36,"OK","NO") -> OK | O36: =L36/($AL$3*$AM$3) -> 0.0035604717 | P36: =IF(O36>$AE$3,"OK","NO") -> OK | Q36: =ABS($AI$6*(G36-L36)/($AI$14*0.8*$AI$3)) -> 0
A37: 3 | B37: start | C37: 14 | D37: 2 | E37: 12 | F37: 2 | G37: =(C37^2/4*D37+E37^2/4*F37)*PI() -> 534.07075 | H37: 14 | I37: 2 | J37: 12 | K37: 2 | L37: =(H37^2/4*I37+J37^2/4*K37)*PI() -> 534.07075 | M37: =G37/($AL$3*$AM$3) -> 0.0035604717 | N37: =IF($AE$3<=M37,"OK","NO") -> OK | O37: =L37/($AL$3*$AM$3) -> 0.0035604717 | P37: =IF(O37>$AE$3,"OK","NO") -> OK | Q37: =ABS($AI$6*(G37-L37)/($AI$14*0.8*$AI$3)) -> 0
B38: end | C38: 14 | D38: 2 | E38: 12 | F38: 2 | G38: =(C38^2/4*D38+E38^2/4*F38)*PI() -> 534.07075 | H38: 14 | I38: 2 | J38: 12 | K38: 2 | L38: =(H38^2/4*I38+J38^2/4*K38)*PI() -> 534.07075 | M38: =G38/($AL$3*$AM$3) -> 0.0035604717 | N38: =IF($AE$3<=M38,"OK","NO") -> OK | O38: =L38/($AL$3*$AM$3) -> 0.0035604717 | P38: =IF(O38>$AE$3,"OK","NO") -> OK | Q38: =ABS($AI$6*(G38-L38)/($AI$14*0.8*$AI$3)) -> 0
A39: 4 | B39: start | C39: 14 | D39: 2 | E39: 12 | F39: 2 | G39: =(C39^2/4*D39+E39^2/4*F39)*PI() -> 534.07075 | H39: 14 | I39: 2 | J39: 12 | K39: 2 | L39: =(H39^2/4*I39+J39^2/4*K39)*PI() -> 534.07075 | M39: =G39/($AL$3*$AM$3) -> 0.0035604717 | N39: =IF($AE$3<=M39,"OK","NO") -> OK | O39: =L39/($AL$3*$AM$3) -> 0.0035604717 | P39: =IF(O39>$AE$3,"OK","NO") -> OK | Q39: =ABS($AI$6*(G39-L39)/($AI$14*0.8*$AI$3)) -> 0
B40: end | C40: 14 | D40: 2 | E40: 12 | F40: 2 | G40: =(C40^2/4*D40+E40^2/4*F40)*PI() -> 534.07075 | H40: 14 | I40: 2 | J40: 12 | K40: 2 | L40: =(H40^2/4*I40+J40^2/4*K40)*PI() -> 534.07075 | M40: =G40/($AL$3*$AM$3) -> 0.0035604717 | N40: =IF($AE$3<=M40,"OK","NO") -> OK | O40: =L40/($AL$3*$AM$3) -> 0.0035604717 | P40: =IF(O40>$AE$3,"OK","NO") -> OK | Q40: =ABS($AI$6*(G40-L40)/($AI$14*0.8*$AI$3)) -> 0
A45: CALCOLO TAGLIO SOLLECITANTE IN Capacity design
A47: P1 | B47: SEZ. | C47: Mu+ | D47: Mu- | E47: carico distr. (sisma) | F47: L | G47: V+ | H47: V-
A48: Camp. | C48: KNm | D48: KNm | E48: KN/m | F48: m | G48: KN | H48: KN
A49: 1 | B49: start | C49: =(G3*$AI$6*($AI$4-40-0.8*Q3/2)+L3*$AI$6*(0.8*Q3/2-40))/1000^2 -> 188.56026 | D49: =-(L3*$AI$6*($AI$4-40-0.8*Q3/2)+G3*$AI$6*(0.8*Q3/2-40))/1000^2 -> -165.63109 | E49: =7.297*2+7.78 -> 22.374 | F49: 4 | G49: =$E49*$F49/2+($C49+$C50)/$F49*1.1 -> 142.60564 | H49: =$E49*$F49/2+($D49+$D50)/$F49*1.1 -> -46.80412
B50: end | C50: =(L4*$AI$6*($AI$4-40-0.8*Q4/2)+G4*$AI$6*(0.8*Q4/2-40))/1000^2 -> 167.28571 | D50: =-(G4*$AI$6*($AI$4-40-0.8*Q4/2)+L4*$AI$6*(0.8*Q4/2-40))/1000^2 -> -167.28571 | E50: =7.297*2+7.78 -> 22.374 | F50: 4 | G50: =-$E50*$F50/2+($C49+$C50)/$F50*1.1 -> 53.109643 | H50: =-$E50*$F50/2+($D49+$D50)/$F50*1.1 -> -136.30012
A51: 2 | B51: start | C51: =(G5*$AI$6*($AI$4-40-0.8*Q5/2)+L5*$AI$6*(0.8*Q5/2-40))/1000^2 -> 167.28571 | D51: =-(L5*$AI$6*($AI$4-40-0.8*Q5/2)+G5*$AI$6*(0.8*Q5/2-40))/1000^2 -> -167.28571 | E51: =7.297*2+7.78 -> 22.374 | F51: 4 | G51: =$E51*$F51/2+($C51+$C52)/$F51*1.1 -> 136.75514 | H51: =$E51*$F51/2+($D51+$D52)/$F51*1.1 -> -47.259141
B52: end | C52: =(L6*$AI$6*($AI$4-40-0.8*Q6/2)+G6*$AI$6*(0.8*Q6/2-40))/1000^2 -> 167.28571 | D52: =-(G6*$AI$6*($AI$4-40-0.8*Q6/2)+L6*$AI$6*(0.8*Q6/2-40))/1000^2 -> -167.28571 | E52: =7.297*2+7.78 -> 22.374 | F52: 4 | G52: =-$E52*$F52/2+($C51+$C52)/$F52*1.1 -> 47.259141 | H52: =-$E52*$F52/2+($D51+$D52)/$F52*1.1 -> -136.75514
A53: 3 | B53: start | C53: =(G7*$AI$6*($AI$4-40-0.8*Q7/2)+L7*$AI$6*(0.8*Q7/2-40))/1000^2 -> 169.82591 | D53: =-(L7*$AI$6*($AI$4-40-0.8*Q7/2)+G7*$AI$6*(0.8*Q7/2-40))/1000^2 -> -131.70142 | E53: =7.297*2+7.78 -> 22.374 | F53: 5.5 | G53: =$E53*$F53/2+($C53+$C54)/$F53*1.1 -> 121.64717 | H53: =$E53*$F53/2+($D53+$D54)/$F53*1.1 -> -2.8877472
B54: end | C54: =(L8*$AI$6*($AI$4-40-0.8*Q8/2)+G8*$AI$6*(0.8*Q8/2-40))/1000^2 -> 130.76745 | D54: =-(G8*$AI$6*($AI$4-40-0.8*Q8/2)+L8*$AI$6*(0.8*Q8/2-40))/1000^2 -> -190.37981 | E54: =7.297*2+7.78 -> 22.374 | F54: 5.5 | G54: =-$E54*$F54/2+($C53+$C54)/$F54*1.1 -> -1.4098289 | H54: =-$E54*$F54/2+($D53+$D54)/$F54*1.1 -> -125.94475
A55: 4 | B55: start | C55: =(G9*$AI$6*($AI$4-40-0.8*Q9/2)+L9*$AI$6*(0.8*Q9/2-40))/1000^2 -> 188.56026 | D55: =-(L9*$AI$6*($AI$4-40-0.8*Q9/2)+G9*$AI$6*(0.8*Q9/2-40))/1000^2 -> -165.63109 | E55: =7.297*2+7.78 -> 22.374 | F55: 4 | G55: =$E55*$F55/2+($C55+$C56)/$F55*1.1 -> 142.15062 | H55: =$E55*$F55/2+($D55+$D56)/$F55*1.1 -> -52.654622
B56: end | C56: =(L10*$AI$6*($AI$4-40-0.8*Q10/2)+G10*$AI$6*(0.8*Q10/2-40))/1000^2 -> 165.63109 | D56: =-(G10*$AI$6*($AI$4-40-0.8*Q10/2)+L10*$AI$6*(0.8*Q10/2-40))/1000^2 -> -188.56026 | E56: =7.297*2+7.78 -> 22.374 | F56: 4 | G56: =-$E56*$F56/2+($C55+$C56)/$F56*1.1 -> 52.654622 | H56: =-$E56*$F56/2+($D55+$D56)/$F56*1.1 -> -142.15062
A57: P2 | B57: SEZ. | C57: Mu+ | D57: Mu- | E57: carico distr. (sisma) | F57: L | G57: V+ | H57: V-
A58: Camp. | C58: KNm | D58: KNm | E58: KN/m | F58: m | G58: KN | H58: KN
A59: 1 | B59: start | C59: =(G13*$AI$6*($AI$4-40-0.8*Q13/2)+L13*$AI$6*(0.8*Q13/2-40))/1000^2 -> 188.56026 | D59: =-(L13*$AI$6*($AI$4-40-0.8*Q13/2)+G13*$AI$6*(0.8*Q13/2-40))/1000^2 -> -165.63109 | E59: =7.297*2+7.78 -> 22.374 | F59: 4 | G59: =$E59*$F59/2+($C59+$C60)/$F59*1.1 -> 142.60564 | H59: =$E59*$F59/2+($D59+$D60)/$F59*1.1 -> -46.80412
B60: end | C60: =(L14*$AI$6*($AI$4-40-0.8*Q14/2)+G14*$AI$6*(0.8*Q14/2-40))/1000^2 -> 167.28571 | D60: =-(G14*$AI$6*($AI$4-40-0.8*Q14/2)+L14*$AI$6*(0.8*Q14/2-40))/1000^2 -> -167.28571 | E60: =7.297*2+7.78 -> 22.374 | F60: 4 | G60: =-$E60*$F60/2+($C59+$C60)/$F60*1.1 -> 53.109643 | H60: =-$E60*$F60/2+($D59+$D60)/$F60*1.1 -> -136.30012
A61: 2 | B61: start | C61: =(G15*$AI$6*($AI$4-40-0.8*Q15/2)+L15*$AI$6*(0.8*Q15/2-40))/1000^2 -> 167.28571 | D61: =-(L15*$AI$6*($AI$4-40-0.8*Q15/2)+G15*$AI$6*(0.8*Q15/2-40))/1000^2 -> -167.28571 | E61: =7.297*2+7.78 -> 22.374 | F61: 4 | G61: =$E61*$F61/2+($C61+$C62)/$F61*1.1 -> 136.75514 | H61: =$E61*$F61/2+($D61+$D62)/$F61*1.1 -> -47.259141
B62: end | C62: =(L16*$AI$6*($AI$4-40-0.8*Q16/2)+G16*$AI$6*(0.8*Q16/2-40))/1000^2 -> 167.28571 | D62: =-(G16*$AI$6*($AI$4-40-0.8*Q16/2)+L16*$AI$6*(0.8*Q16/2-40))/1000^2 -> -167.28571 | E62: =7.297*2+7.78 -> 22.374 | F62: 4 | G62: =-$E62*$F62/2+($C61+$C62)/$F62*1.1 -> 47.259141 | H62: =-$E62*$F62/2+($D61+$D62)/$F62*1.1 -> -136.75514
A63: 3 | B63: start | C63: =(G17*$AI$6*($AI$4-40-0.8*Q17/2)+L17*$AI$6*(0.8*Q17/2-40))/1000^2 -> 169.82591 | D63: =-(L17*$AI$6*($AI$4-40-0.8*Q17/2)+G17*$AI$6*(0.8*Q17/2-40))/1000^2 -> -131.70142 | E63: =7.297*2+7.78 -> 22.374 | F63: 5.5 | G63: =$E63*$F63/2+($C63+$C64)/$F63*1.1 -> 121.83397 | H63: =$E63*$F63/2+($D63+$D64)/$F63*1.1 -> 1.2230338
B64: end | C64: =(L18*$AI$6*($AI$4-40-0.8*Q18/2)+G18*$AI$6*(0.8*Q18/2-40))/1000^2 -> 131.70142 | D64: =-(G18*$AI$6*($AI$4-40-0.8*Q18/2)+L18*$AI$6*(0.8*Q18/2-40))/1000^2 -> -169.82591 | E64: =7.297*2+7.78 -> 22.374 | F64: 5.5 | G64: =-$E64*$F64/2+($C63+$C64)/$F64*1.1 -> -1.2230338 | H64: =-$E64*$F64/2+($D63+$D64)/$F64*1.1 -> -121.83397
A65: 4 | B65: start | C65: =(G19*$AI$6*($AI$4-40-0.8*Q19/2)+L19*$AI$6*(0.8*Q19/2-40))/1000^2 -> 167.28571 | D65: =-(L19*$AI$6*($AI$4-40-0.8*Q19/2)+G19*$AI$6*(0.8*Q19/2-40))/1000^2 -> -167.28571 | E65: =7.297*2+7.78 -> 22.374 | F65: 4 | G65: =$E65*$F65/2+($C65+$C66)/$F65*1.1 -> 136.30012 | H65: =$E65*$F65/2+($D65+$D66)/$F65*1.1 -> -53.109643
B66: end | C66: =(L20*$AI$6*($AI$4-40-0.8*Q20/2)+G20*$AI$6*(0.8*Q20/2-40))/1000^2 -> 165.63109 | D66: =-(G20*$AI$6*($AI$4-40-0.8*Q20/2)+L20*$AI$6*(0.8*Q20/2-40))/1000^2 -> -188.56026 | E66: =7.297*2+7.78 -> 22.374 | F66: 4 | G66: =-$E66*$F66/2+($C65+$C66)/$F66*1.1 -> 46.80412 | H66: =-$E66*$F66/2+($D65+$D66)/$F66*1.1 -> -142.60564
A67: P2 | B67: SEZ. | C67: Mu+ | D67: Mu- | E67: carico distr. (sisma) | F67: L | G67: V+ | H67: V-
A68: Camp. | C68: KNm | D68: KNm | E68: KN/m | F68: m | G68: KN | H68: KN
A69: 1 | B69: start | C69: =(G23*$AI$6*($AI$4-40-0.8*Q23/2)+L23*$AI$6*(0.8*Q23/2-40))/1000^2 -> 136.78182 | D69: =-(L23*$AI$6*($AI$4-40-0.8*Q23/2)+G23*$AI$6*(0.8*Q23/2-40))/1000^2 -> -98.657333 | E69: =7.297*2+7.78 -> 22.374 | F69: 4 | G69: =$E69*$F69/2+($C69+$C70)/$F69*1.1 -> 109.7373 | H69: =$E69*$F69/2+($D69+$D70)/$F69*1.1 -> -16.062589
B70: end | C70: =(L24*$AI$6*($AI$4-40-0.8*Q24/2)+G24*$AI$6*(0.8*Q24/2-40))/1000^2 -> 99.542906 | D70: =-(G24*$AI$6*($AI$4-40-0.8*Q24/2)+L24*$AI$6*(0.8*Q24/2-40))/1000^2 -> -122.47208 | E70: =7.297*2+7.78 -> 22.374 | F70: 4 | G70: =-$E70*$F70/2+($C69+$C70)/$F70*1.1 -> 20.241299 | H70: =-$E70*$F70/2+($D69+$D70)/$F70*1.1 -> -105.55859
A71: 2 | B71: start | C71: =(G25*$AI$6*($AI$4-40-0.8*Q25/2)+L25*$AI$6*(0.8*Q25/2-40))/1000^2 -> 122.47208 | D71: =-(L25*$AI$6*($AI$4-40-0.8*Q25/2)+G25*$AI$6*(0.8*Q25/2-40))/1000^2 -> -99.542906 | E71: =7.297*2+7.78 -> 22.374 | F71: 4 | G71: =$E71*$F71/2+($C71+$C72)/$F71*1.1 -> 105.80212 | H71: =$E71*$F71/2+($D71+$D72)/$F71*1.1 -> -16.306121
B72: end | C72: =(L26*$AI$6*($AI$4-40-0.8*Q26/2)+G26*$AI$6*(0.8*Q26/2-40))/1000^2 -> 99.542906 | D72: =-(G26*$AI$6*($AI$4-40-0.8*Q26/2)+L26*$AI$6*(0.8*Q26/2-40))/1000^2 -> -122.47208 | E72: =7.297*2+7.78 -> 22.374 | F72: 4 | G72: =-$E72*$F72/2+($C71+$C72)/$F72*1.1 -> 16.306121 | H72: =-$E72*$F72/2+($D71+$D72)/$F72*1.1 -> -105.80212
A73: 3 | B73: start | C73: =(G27*$AI$6*($AI$4-40-0.8*Q27/2)+L27*$AI$6*(0.8*Q27/2-40))/1000^2 -> 122.47208 | D73: =-(L27*$AI$6*($AI$4-40-0.8*Q27/2)+G27*$AI$6*(0.8*Q27/2-40))/1000^2 -> -99.542906 | E73: =7.297*2+7.78 -> 22.374 | F73: 5.5 | G73: =$E73*$F73/2+($C73+$C74)/$F73*1.1 -> 105.9315 | H73: =$E73*$F73/2+($D73+$D74)/$F73*1.1 -> 17.125503
B74: end | C74: =(L28*$AI$6*($AI$4-40-0.8*Q28/2)+G28*$AI$6*(0.8*Q28/2-40))/1000^2 -> 99.542906 | D74: =-(G28*$AI$6*($AI$4-40-0.8*Q28/2)+L28*$AI$6*(0.8*Q28/2-40))/1000^2 -> -122.47208 | E74: =7.297*2+7.78 -> 22.374 | F74: 5.5 | G74: =-$E74*$F74/2+($C73+$C74)/$F74*1.1 -> -17.125503 | H74: =-$E74*$F74/2+($D73+$D74)/$F74*1.1 -> -105.9315
A75: 4 | B75: start | C75: =(G29*$AI$6*($AI$4-40-0.8*Q29/2)+L29*$AI$6*(0.8*Q29/2-40))/1000^2 -> 122.47208 | D75: =-(L29*$AI$6*($AI$4-40-0.8*Q29/2)+G29*$AI$6*(0.8*Q29/2-40))/1000^2 -> -99.542906 | E75: =7.297*2+7.78 -> 22.374 | F75: 4 | G75: =$E75*$F75/2+($C75+$C76)/$F75*1.1 -> 105.55859 | H75: =$E75*$F75/2+($D75+$D76)/$F75*1.1 -> -20.241299
B76: end | C76: =(L30*$AI$6*($AI$4-40-0.8*Q30/2)+G30*$AI$6*(0.8*Q30/2-40))/1000^2 -> 98.657333 | D76: =-(G30*$AI$6*($AI$4-40-0.8*Q30/2)+L30*$AI$6*(0.8*Q30/2-40))/1000^2 -> -136.78182 | E76: =7.297*2+7.78 -> 22.374 | F76: 4 | G76: =-$E76*$F76/2+($C75+$C76)/$F76*1.1 -> 16.062589 | H76: =-$E76*$F76/2+($D75+$D76)/$F76*1.1 -> -109.7373
A80: VERIFICA A TAGLIO
R81: ZONE NON CRITICHE
A83: P1 | B83: SEZ. | C83: Zona critica | D83: Diametro | E83: passo | F83: VRsd | G83: VRcd | H83: VRd | I83: VED | P83: passo | Q83: θ | R83: θ | T83: θ | U83: θ | V83: VRsd | W83: VRcd | X83: VRd | Z83: a1 | AA83: a1
A84: Camp. | C84: mm | D84: mm | E84: mm | F84: KN | G84: KN | H84: KN | I84: KN | L84: verifica passo | P84: mm | Q84: [rad] | R84: [gradi] | T84: [gradi] | U84: [rad] | V84: KN | W84: KN | X84: KN | Z84: mm | AA84: mm
A85: 1 | B85: start | C85: =500 -> 500 | D85: 8 | E85: 100 | F85: =(0.9*($AI$4-30)*(2*PI()*D85^2/4)/E85*$AI$6)/1000 -> 166.4006 | G85: =(0.9*($AI$4-30)*$AI$3*0.5*$AI$14*0.5)/1000 -> 539.325 | H85: =MIN(F85:G85) -> 166.4006 | I85: =MAX(ABS(G49),ABS(H49)) -> 142.60564 | J85: =IF(H85>I85,"OK","NO") -> OK | L85: =(500-40)/4 -> 115 | M85: 175 | N85: =8*E3 -> 144 | P85: 200 | Q85: =ASIN(SQRT(2*D85^2/4*PI()*$AI$6/($AI$3*P85*0.5*$AI$14))) -> 0.28142993 | R85: =DEGREES(Q85) -> 16.124747 | T85: =21.8 -> 21.8 | U85: =RADIANS(T85) -> 0.38048178 | V85: =(0.9*($AI$4-30)*(2*PI()*8^2/4)/P85*$AI$6)/1000*_xlfn.COT(U85) -> 208.01559 | W85: =(0.9*($AI$4-30)*$AI$3*0.5*$AI$14)*(_xlfn.COT(U85))/(1+_xlfn.COT(U85)^2)/1000 -> 371.92906 | X85: =MIN(V85:W85) -> 208.01559 | Z85: =0.9*460/2*_xlfn.COT(U85) -> 517.53692 | AA85: =0.9*460/2*_xlfn.COT($T$92) -> 207
B86: end | C86: =500 -> 500 | D86: 8 | E86: 100 | F86: =(0.9*($AI$4-30)*(2*PI()*D86^2/4)/E86*$AI$6)/1000 -> 166.4006 | G86: =(0.9*($AI$4-30)*$AI$3*0.5*$AI$14*0.5)/1000 -> 539.325 | H86: =MIN(F86:G86) -> 166.4006 | I86: =MAX(ABS(G50),ABS(H50)) -> 136.30012 | J86: =IF(H86>I86,"OK","NO") -> OK | N86: =8*E4 -> 144
A87: 2 | B87: start | C87: =500 -> 500 | D87: 8 | E87: 100 | F87: =(0.9*($AI$4-30)*(2*PI()*D87^2/4)/E87*$AI$6)/1000 -> 166.4006 | G87: =(0.9*($AI$4-30)*$AI$3*0.5*$AI$14*0.5)/1000 -> 539.325 | H87: =MIN(F87:G87) -> 166.4006 | I87: =MAX(ABS(G51),ABS(H51)) -> 136.75514 | J87: =IF(H87>I87,"OK","NO") -> OK | N87: =8*E5 -> 144
B88: end | C88: =500 -> 500 | D88: 8 | E88: 100 | F88: =(0.9*($AI$4-30)*(2*PI()*D88^2/4)/E88*$AI$6)/1000 -> 166.4006 | G88: =(0.9*($AI$4-30)*$AI$3*0.5*$AI$14*0.5)/1000 -> 539.325 | H88: =MIN(F88:G88) -> 166.4006 | I88: =MAX(ABS(G52),ABS(H52)) -> 136.75514 | J88: =IF(H88>I88,"OK","NO") -> OK | N88: =8*E6 -> 144
A89: 3 | B89: start | C89: =500 -> 500 | D89: 8 | E89: 100 | F89: =(0.9*($AI$4-30)*(2*PI()*D89^2/4)/E89*$AI$6)/1000 -> 166.4006 | G89: =(0.9*($AI$4-30)*$AI$3*0.5*$AI$14*0.5)/1000 -> 539.325 | H89: =MIN(F89:G89) -> 166.4006 | I89: =MAX(ABS(G53),ABS(H53)) -> 121.64717 | J89: =IF(H89>I89,"OK","NO") -> OK | N89: =8*E7 -> 144
B90: end | C90: =500 -> 500 | D90: 8 | E90: 100 | F90: =(0.9*($AI$4-30)*(2*PI()*D90^2/4)/E90*$AI$6)/1000 -> 166.4006 | G90: =(0.9*($AI$4-30)*$AI$3*0.5*$AI$14*0.5)/1000 -> 539.325 | H90: =MIN(F90:G90) -> 166.4006 | I90: =MAX(ABS(G54),ABS(H54)) -> 125.94475 | J90: =IF(H90>I90,"OK","NO") -> OK | N90: =8*E8 -> 144
A91: 4 | B91: start | C91: =500 -> 500 | D91: 8 | E91: 100 | F91: =(0.9*($AI$4-30)*(2*PI()*D91^2/4)/E91*$AI$6)/1000 -> 166.4006 | G91: =(0.9*($AI$4-30)*$AI$3*0.5*$AI$14*0.5)/1000 -> 539.325 | H91: =MIN(F91:G91) -> 166.4006 | I91: =MAX(ABS(G55),ABS(H55)) -> 142.15062 | J91: =IF(H91>I91,"OK","NO") -> OK
B92: end | C92: =500 -> 500 | D92: 8 | E92: 100 | F92: =(0.9*($AI$4-30)*(2*PI()*D92^2/4)/E92*$AI$6)/1000 -> 166.4006 | G92: =(0.9*($AI$4-30)*$AI$3*0.5*$AI$14*0.5)/1000 -> 539.325 | H92: =MIN(F92:G92) -> 166.4006 | I92: =MAX(ABS(G56),ABS(H56)) -> 142.15062 | J92: =IF(H92>I92,"OK","NO") -> OK | R92: 2,5 | T92: =RADIANS(45) -> 0.78539816
A93: P2 | B93: SEZ. | C93: Zona critica | D93: Diametro | E93: passo | F93: VRsd | G93: VRcd | H93: VRd | I93: VED | N93: =8*E11 -> 0
A94: Camp. | C94: mm | D94: mm | E94: mm | F94: KN | G94: KN | H94: KN | I94: KN | N94: =8*E12 -> #VALUE! | P94: 200 | Q94: =ASIN(SQRT(2*D86^2/4*PI()*$AI$6/($AI$3*P94*0.5*$AI$14))) -> 0.28142993 | R94: =DEGREES(Q94) -> 16.124747 | T94: =21.8 -> 21.8 | U94: =RADIANS(T94) -> 0.38048178 | V94: =(0.9*($AI$4-30)*(2*PI()*8^2/4)/P94*$AI$6)/1000*_xlfn.COT(U94) -> 208.01559 | W94: =(0.9*($AI$4-30)*$AI$3*0.5*$AI$14)*(_xlfn.COT(U94))/(1+_xlfn.COT(U94)^2)/1000 -> 371.92906 | X94: =MIN(V94:W94) -> 208.01559
A95: 1 | B95: start | C95: =500 -> 500 | D95: 8 | E95: 100 | F95: =(0.9*($AI$4-30)*(2*PI()*D95^2/4)/E95*$AI$6)/1000 -> 166.4006 | G95: =(0.9*($AI$4-30)*$AI$3*0.5*$AI$14*0.5)/1000 -> 539.325 | H95: =MIN(F95:G95) -> 166.4006 | I95: =MAX(ABS(G59),ABS(H59)) -> 142.60564 | J95: =IF(H95>I95,"OK","NO") -> OK | N95: =8*E13 -> 144 | P95: 200 | Q95: =ASIN(SQRT(2*D87^2/4*PI()*$AI$6/($AI$3*P95*0.5*$AI$14))) -> 0.28142993 | R95: =DEGREES(Q95) -> 16.124747 | T95: =21.8 -> 21.8 | U95: =RADIANS(T95) -> 0.38048178 | V95: =(0.9*($AI$4-30)*(2*PI()*8^2/4)/P95*$AI$6)/1000*_xlfn.COT(U95) -> 208.01559 | W95: =(0.9*($AI$4-30)*$AI$3*0.5*$AI$14)*(_xlfn.COT(U95))/(1+_xlfn.COT(U95)^2)/1000 -> 371.92906 | X95: =MIN(V95:W95) -> 208.01559
B96: end | C96: =500 -> 500 | D96: 8 | E96: 100 | F96: =(0.9*($AI$4-30)*(2*PI()*D96^2/4)/E96*$AI$6)/1000 -> 166.4006 | G96: =(0.9*($AI$4-30)*$AI$3*0.5*$AI$14*0.5)/1000 -> 539.325 | H96: =MIN(F96:G96) -> 166.4006 | I96: =MAX(ABS(G60),ABS(H60)) -> 136.30012 | J96: =IF(H96>I96,"OK","NO") -> OK | N96: =8*E14 -> 144 | P96: 200 | Q96: =ASIN(SQRT(2*D88^2/4*PI()*$AI$6/($AI$3*P96*0.5*$AI$14))) -> 0.28142993 | R96: =DEGREES(Q96) -> 16.124747 | T96: =21.8 -> 21.8 | U96: =RADIANS(T96) -> 0.38048178 | V96: =(0.9*($AI$4-30)*(2*PI()*8^2/4)/P96*$AI$6)/1000*_xlfn.COT(U96) -> 208.01559 | W96: =(0.9*($AI$4-30)*$AI$3*0.5*$AI$14)*(_xlfn.COT(U96))/(1+_xlfn.COT(U96)^2)/1000 -> 371.92906 | X96: =MIN(V96:W96) -> 208.01559
A97: 2 | B97: start | C97: =500 -> 500 | D97: 8 | E97: 100 | F97: =(0.9*($AI$4-30)*(2*PI()*D97^2/4)/E97*$AI$6)/1000 -> 166.4006 | G97: =(0.9*($AI$4-30)*$AI$3*0.5*$AI$14*0.5)/1000 -> 539.325 | H97: =MIN(F97:G97) -> 166.4006 | I97: =MAX(ABS(G61),ABS(H61)) -> 136.75514 | J97: =IF(H97>I97,"OK","NO") -> OK | N97: =8*E15 -> 144 | P97: 200 | Q97: =ASIN(SQRT(2*D89^2/4*PI()*$AI$6/($AI$3*P97*0.5*$AI$14))) -> 0.28142993 | R97: =DEGREES(Q97) -> 16.124747 | T97: =21.8 -> 21.8 | U97: =RADIANS(T97) -> 0.38048178 | V97: =(0.9*($AI$4-30)*(2*PI()*8^2/4)/P97*$AI$6)/1000*_xlfn.COT(U97) -> 208.01559 | W97: =(0.9*($AI$4-30)*$AI$3*0.5*$AI$14)*(_xlfn.COT(U97))/(1+_xlfn.COT(U97)^2)/1000 -> 371.92906 | X97: =MIN(V97:W97) -> 208.01559
B98: end | C98: =500 -> 500 | D98: 8 | E98: 100 | F98: =(0.9*($AI$4-30)*(2*PI()*D98^2/4)/E98*$AI$6)/1000 -> 166.4006 | G98: =(0.9*($AI$4-30)*$AI$3*0.5*$AI$14*0.5)/1000 -> 539.325 | H98: =MIN(F98:G98) -> 166.4006 | I98: =MAX(ABS(G62),ABS(H62)) -> 136.75514 | J98: =IF(H98>I98,"OK","NO") -> OK | N98: =8*E16 -> 144 | P98: 200 | Q98: =ASIN(SQRT(2*D90^2/4*PI()*$AI$6/($AI$3*P98*0.5*$AI$14))) -> 0.28142993 | R98: =DEGREES(Q98) -> 16.124747 | T98: =21.8 -> 21.8 | U98: =RADIANS(T98) -> 0.38048178 | V98: =(0.9*($AI$4-30)*(2*PI()*8^2/4)/P98*$AI$6)/1000*_xlfn.COT(U98) -> 208.01559 | W98: =(0.9*($AI$4-30)*$AI$3*0.5*$AI$14)*(_xlfn.COT(U98))/(1+_xlfn.COT(U98)^2)/1000 -> 371.92906 | X98: =MIN(V98:W98) -> 208.01559
A99: 3 | B99: start | C99: =500 -> 500 | D99: 8 | E99: 100 | F99: =(0.9*($AI$4-30)*(2*PI()*D99^2/4)/E99*$AI$6)/1000 -> 166.4006 | G99: =(0.9*($AI$4-30)*$AI$3*0.5*$AI$14*0.5)/1000 -> 539.325 | H99: =MIN(F99:G99) -> 166.4006 | I99: =MAX(ABS(G63),ABS(H63)) -> 121.83397 | J99: =IF(H99>I99,"OK","NO") -> OK
B100: end | C100: =500 -> 500 | D100: 8 | E100: 100 | F100: =(0.9*($AI$4-30)*(2*PI()*D100^2/4)/E100*$AI$6)/1000 -> 166.4006 | G100: =(0.9*($AI$4-30)*$AI$3*0.5*$AI$14*0.5)/1000 -> 539.325 | H100: =MIN(F100:G100) -> 166.4006 | I100: =MAX(ABS(G64),ABS(H64)) -> 121.83397 | J100: =IF(H100>I100,"OK","NO") -> OK
A101: 4 | B101: start | C101: =500 -> 500 | D101: 8 | E101: 100 | F101: =(0.9*($AI$4-30)*(2*PI()*D101^2/4)/E101*$AI$6)/1000 -> 166.4006 | G101: =(0.9*($AI$4-30)*$AI$3*0.5*$AI$14*0.5)/1000 -> 539.325 | H101: =MIN(F101:G101) -> 166.4006 | I101: =MAX(ABS(G65),ABS(H65)) -> 136.30012 | J101: =IF(H101>I101,"OK","NO") -> OK | N101: =8*E19 -> 144
B102: end | C102: =500 -> 500 | D102: 8 | E102: 100 | F102: =(0.9*($AI$4-30)*(2*PI()*D102^2/4)/E102*$AI$6)/1000 -> 166.4006 | G102: =(0.9*($AI$4-30)*$AI$3*0.5*$AI$14*0.5)/1000 -> 539.325 | H102: =MIN(F102:G102) -> 166.4006 | I102: =MAX(ABS(G66),ABS(H66)) -> 142.60564 | J102: =IF(H102>I102,"OK","NO") -> OK | N102: =8*C20 -> 160
A103: P3 | B103: SEZ. | C103: Zona critica | D103: Diametro | E103: passo | F103: VRsd | G103: VRcd | H103: VRd | I103: VED
A104: Camp. | C104: mm | D104: mm | E104: mm | F104: KN | G104: KN | H104: KN | I104: KN
A105: 1 | B105: start | C105: =500 -> 500 | D105: 8 | E105: 100 | F105: =(0.9*($AI$4-30)*(2*PI()*D105^2/4)/E105*$AI$6)/1000 -> 166.4006 | G105: =(0.9*($AI$4-30)*$AI$3*0.5*$AI$14*0.5)/1000 -> 539.325 | H105: =MIN(F105:G105) -> 166.4006 | I105: =MAX(ABS(G69),ABS(H69)) -> 109.7373 | J105: =IF(H105>I105,"OK","NO") -> OK
B106: end | C106: =500 -> 500 | D106: 8 | E106: 100 | F106: =(0.9*($AI$4-30)*(2*PI()*D106^2/4)/E106*$AI$6)/1000 -> 166.4006 | G106: =(0.9*($AI$4-30)*$AI$3*0.5*$AI$14*0.5)/1000 -> 539.325 | H106: =MIN(F106:G106) -> 166.4006 | I106: =MAX(ABS(G70),ABS(H70)) -> 105.55859 | J106: =IF(H106>I106,"OK","NO") -> OK
A107: 2 | B107: start | C107: =500 -> 500 | D107: 8 | E107: 100 | F107: =(0.9*($AI$4-30)*(2*PI()*D107^2/4)/E107*$AI$6)/1000 -> 166.4006 | G107: =(0.9*($AI$4-30)*$AI$3*0.5*$AI$14*0.5)/1000 -> 539.325 | H107: =MIN(F107:G107) -> 166.4006 | I107: =MAX(ABS(G71),ABS(H71)) -> 105.80212 | J107: =IF(H107>I107,"OK","NO") -> OK
B108: end | C108: =500 -> 500 | D108: 8 | E108: 100 | F108: =(0.9*($AI$4-30)*(2*PI()*D108^2/4)/E108*$AI$6)/1000 -> 166.4006 | G108: =(0.9*($AI$4-30)*$AI$3*0.5*$AI$14*0.5)/1000 -> 539.325 | H108: =MIN(F108:G108) -> 166.4006 | I108: =MAX(ABS(G72),ABS(H72)) -> 105.80212 | J108: =IF(H108>I108,"OK","NO") -> OK
A109: 3 | B109: start | C109: =500 -> 500 | D109: 8 | E109: 100 | F109: =(0.9*($AI$4-30)*(2*PI()*D109^2/4)/E109*$AI$6)/1000 -> 166.4006 | G109: =(0.9*($AI$4-30)*$AI$3*0.5*$AI$14*0.5)/1000 -> 539.325 | H109: =MIN(F109:G109) -> 166.4006 | I109: =MAX(ABS(G73),ABS(H73)) -> 105.9315 | J109: =IF(H109>I109,"OK","NO") -> OK | N109: =8*C21 -> #VALUE!
...

Sheet TAGLIO SLV (P1-P2) 
A1: TEL. 1 | B1: SEZ. | C1: $A_{sup}$ | H1: $A_{inf}$ | M1: $\rho_{sup}$ | O1: $\rho_{inf}$ | Q1: y | AE1: $\rho_{min}$ | AF1: $\rho_{max}$ | AH1: TRAVE ESTERNA | AL1: b | AM1: h | AN1: d
A2: Camp. | C2: $\phi$ | D2: N$\phi$ | E2: $\phi$ | F2: N$\phi$ | G2: A (mm^2) | H2: $\phi$ | I2: N$\phi$ | J2: $\phi$ | K2: N$\phi$ | L2: A (mm^2) | M2: - | O2: - | Q2: mm | T2: a | U2: b | V2: c | W2: y | X2: $\delta$ | Z2: y1 | AE2: - | AF2: - | AH2: campata 1 | AL2: mm | AM2: mm | AN2: mm
A3: 1 | B3: start | C3: 20 | D3: 2 | E3: 14 | F3: 2 | G3: =(C3^2/4*D3+E3^2/4*F3)*PI() -> 936.19461 | H3: 14 | I3: 2 | J3: 14 | K3: 2 | L3: =(H3^2/4*I3+J3^2/4*K3)*PI() -> 615.75216 | M3: =G3/($AL$3*$AM$3) -> 0.0062412974 | N3: =IF($AE$3<=M3,"OK","NO") -> OK | O3: =L3/($AL$3*$AM$3) -> 0.0041050144 | P3: =IF(O3>$AE$3,"OK","NO") -> OK | Q3: =ABS($AI$6*(G3-L3)/($AI$14*0.8*$AI$3)) -> 30.732972 | T3: =$AI$3*$AI$14*0.8 -> 4080 | U3: =L3*$AI$15*3.5/1000-G3*$AI$6 -> 86240.816 | V3: =$AI$6,$AI$6,L3*$AI$15*(3.5/1000)*($AI$4-40) -> #VALUE! | W3: =CONCATENATE(T3," y^2 ",IF(U3>0," + "," "),U3," y",IF(V3>0," + "," "),V3, " = 0 ") -> #VALUE! | X3: =U3^2-4*T3*V3 -> #VALUE! | Y3: =IF(X3>0,"2 soluzioni distinte",IF(X3=0,"2 soluzioni coincidenti","nessuna soluzione")) -> #VALUE! | Z3: =IF(X3<0," ",(-U3+SQRT(X3))/(2*T3)) -> #VALUE! | AA3: =IF(X3<0," ",(-U3-SQRT(X3))/(2*T3)) -> #VALUE! | AE3: =1.4/$AI$5 -> 0.0031111111 | AF3: =3.5/$AI$5 -> 0.0077777778 | AH3: b | AI3: =300 -> 300 | AJ3: mm | AL3: 300 | AM3: 500 | AN3: =AM3-40 -> 460
B4: end | C4: 20 | D4: 2 | E4: 18 | F4: 2 | G4: =(C4^2/4*D4+E4^2/4*F4)*PI() -> 1137.2565 | H4: 14 | I4: 2 | J4: 14 | K4: 2 | L4: =(H4^2/4*I4+J4^2/4*K4)*PI() -> 615.75216 | M4: =G4/($AL$3*$AM$3) -> 0.0075817103 | N4: =IF($AE$3<=M4,"OK","NO") -> OK | O4: =L4/($AL$3*$AM$3) -> 0.0041050144 | P4: =IF(O4>$AE$3,"OK","NO") -> OK | Q4: =ABS($AI$6*(G4-L4)/($AI$14*0.8*$AI$3)) -> 50.016405 | T4: =$AI$3*$AI$14*0.8 -> 4080 | U4: =G4*$AI$15*3.5/1000-L4*$AI$6 -> 594937.06 | V4: =IF($AI$15*(3.5/1000)*(AA4-40)/(AA4)>$AI$6,$AI$6,L4*$AI$15*(3.5/1000)*($AI$4-40)) -> 0 | W4: =CONCATENATE(T4," y^2 ",IF(U4>0," + "," "),U4," y",IF(V4>0," + "," "),V4, " = 0 ") -> #VALUE! | X4: =U4^2-4*T4*V4 -> #VALUE! | Y4: =IF(X4>0,"2 soluzioni distinte",IF(X4=0,"2 soluzioni coincidenti","nessuna soluzione")) -> #VALUE! | Z4: =IF(X4<0," ",(-U4+SQRT(X4))/(2*T4)) -> #VALUE! | AA4: =IF(X4<0," ",(-U4-SQRT(X4))/(2*T4)) -> #VALUE! | AH4: h | AI4: 500 | AJ4: mm
A5: 2 | B5: start | C5: 20 | D5: 2 | E5: 18 | F5: 2 | G5: =(C5^2/4*D5+E5^2/4*F5)*PI() -> 1137.2565 | H5: 14 | I5: 2 | J5: 14 | K5: 2 | L5: =(H5^2/4*I5+J5^2/4*K5)*PI() -> 615.75216 | M5: =G5/($AL$3*$AM$3) -> 0.0075817103 | N5: =IF($AE$3<=M5,"OK","NO") -> OK | O5: =L5/($AL$3*$AM$3) -> 0.0041050144 | P5: =IF(O5>$AE$3,"OK","NO") -> OK | Q5: =ABS($AI$6*(G5-L5)/($AI$14*0.8*$AI$3)) -> 50.016405 | T5: =$AI$3*$AI$14*0.8 -> 4080 | U5: =L5*$AI$15*3.5/1000-G5*$AI$6 -> 7564.4087 | V5: =IF($AI$15*(3.5/1000)*(AA5-40)/(AA5)>$AI$6,$AI$6,L5*$AI$15*(3.5/1000)*($AI$4-40)) -> 0 | W5: =CONCATENATE(T5," y^2 ",IF(U5>0," + "," "),U5," y",IF(V5>0," + "," "),V5, " = 0 ") -> #VALUE! | X5: =U5^2-4*T5*V5 -> #VALUE! | Y5: =IF(X5>0,"2 soluzioni distinte",IF(X5=0,"2 soluzioni coincidenti","nessuna soluzione")) -> #VALUE! | Z5: =IF(X5<0," ",(-U5+SQRT(X5))/(2*T5)) -> #VALUE! | AA5: =IF(X5<0," ",(-U5-SQRT(X5))/(2*T5)) -> #VALUE! | AH5: $f_{yk}$ | AI5: =450 -> 450 | AJ5: N/mm^2 | AL5: 300 | AM5: 500 | AN5: =AM5-40 -> 460
B6: end | C6: 20 | D6: 2 | E6: 18 | F6: 2 | G6: =(C6^2/4*D6+E6^2/4*F6)*PI() -> 1137.2565 | H6: 14 | I6: 2 | J6: 14 | K6: 2 | L6: =(H6^2/4*I6+J6^2/4*K6)*PI() -> 615.75216 | M6: =G6/($AL$3*$AM$3) -> 0.0075817103 | N6: =IF($AE$3<=M6,"OK","NO") -> OK | O6: =L6/($AL$3*$AM$3) -> 0.0041050144 | P6: =IF(O6>$AE$3,"OK","NO") -> OK | Q6: =ABS($AI$6*(G6-L6)/($AI$14*0.8*$AI$3)) -> 50.016405 | T6: =$AI$3*$AI$14*0.8 -> 4080 | U6: =G6*$AI$15*3.5/1000-L6*$AI$6 -> 594937.06 | V6: =IF($AI$15*(3.5/1000)*(AA6-40)/(AA6)>$AI$6,$AI$6,L6*$AI$15*(3.5/1000)*($AI$4-40)) -> 0 | W6: =CONCATENATE(T6," y^2 ",IF(U6>0," + "," "),U6," y",IF(V6>0," + "," "),V6, " = 0 ") -> #VALUE! | X6: =U6^2-4*T6*V6 -> #VALUE! | Y6: =IF(X6>0,"2 soluzioni distinte",IF(X6=0,"2 soluzioni coincidenti","nessuna soluzione")) -> #VALUE! | Z6: =IF(X6<0," ",(-U6+SQRT(X6))/(2*T6)) -> #VALUE! | AA6: =IF(X6<0," ",(-U6-SQRT(X6))/(2*T6)) -> #VALUE! | AH6: $f_{yd}$ | AI6: =AI5/1.15 -> 391.30435
A7: 3 | B7: start | C7: 20 | D7: 2 | E7: 18 | F7: 2 | G7: =(C7^2/4*D7+E7^2/4*F7)*PI() -> 1137.2565 | H7: 14 | I7: 2 | J7: 14 | K7: 2 | L7: =(H7^2/4*I7+J7^2/4*K7)*PI() -> 615.75216 | M7: =G7/($AL$3*$AM$3) -> 0.0075817103 | N7: =IF($AE$3<=M7,"OK","NO") -> OK | O7: =L7/($AL$3*$AM$3) -> 0.0041050144 | P7: =IF(O7>$AE$3,"OK","NO") -> OK | Q7: =ABS($AI$6*(G7-L7)/($AI$14*0.8*$AI$3)) -> 50.016405 | T7: =$AI$3*$AI$14*0.8 -> 4080 | U7: =L7*$AI$15*3.5/1000-G7*$AI$6 -> 7564.4087 | V7: =IF($AI$15*(3.5/1000)*(AA7-40)/(AA7)>$AI$6,$AI$6,L7*$AI$15*(3.5/1000)*($AI$4-40)) -> 0 | W7: =CONCATENATE(T7," y^2 ",IF(U7>0," + "," "),U7," y",IF(V7>0," + "," "),V7, " = 0 ") -> #VALUE! | X7: =U7^2-4*T7*V7 -> #VALUE! | Y7: =IF(X7>0,"2 soluzioni distinte",IF(X7=0,"2 soluzioni coincidenti","nessuna soluzione")) -> #VALUE! | Z7: =IF(X7<0," ",(-U7+SQRT(X7))/(2*T7)) -> #VALUE! | AA7: =IF(X7<0," ",(-U7-SQRT(X7))/(2*T7)) -> #VALUE! | AH7: $A_s$ | AI7: =1.4/AI5*AI3*AI4 -> 466.66667 | AJ7: mm^2 | AL7: 300 | AM7: 500 | AN7: =AM7-40 -> 460
B8: end | C8: 20 | D8: 2 | E8: 14 | F8: 2 | G8: =(C8^2/4*D8+E8^2/4*F8)*PI() -> 936.19461 | H8: 14 | I8: 2 | J8: 14 | K8: 2 | L8: =(H8^2/4*I8+J8^2/4*K8)*PI() -> 615.75216 | M8: =G8/($AL$3*$AM$3) -> 0.0062412974 | N8: =IF($AE$3<=M8,"OK","NO") -> OK | O8: =L8/($AL$3*$AM$3) -> 0.0041050144 | P8: =IF(O8>$AE$3,"OK","NO") -> OK | Q8: =ABS($AI$6*(G8-L8)/($AI$14*0.8*$AI$3)) -> 30.732972 | T8: =$AI$3*$AI$14*0.8 -> 4080 | U8: =G8*$AI$15*3.5/1000-L8*$AI$6 -> 447156.54 | V8: =IF($AI$15*(3.5/1000)*(AA8-40)/(AA8)>$AI$6,$AI$6,L8*$AI$15*(3.5/1000)*($AI$4-40)) -> 0 | W8: =CONCATENATE(T8," y^2 ",IF(U8>0," + "," "),U8," y",IF(V8>0," + "," "),V8, " = 0 ") -> #VALUE! | X8: =U8^2-4*T8*V8 -> #VALUE! | Y8: =IF(X8>0,"2 soluzioni distinte",IF(X8=0,"2 soluzioni coincidenti","nessuna soluzione")) -> #VALUE! | Z8: =IF(X8<0," ",(-U8+SQRT(X8))/(2*T8)) -> #VALUE! | AA8: =IF(X8<0," ",(-U8-SQRT(X8))/(2*T8)) -> #VALUE! | AH8: $A_s-A_s^{comp}$ | AI8: =3.5/AI5*AI3*AI4 -> 1166.6667 | AJ8: mm^2
A9: TEL.2 | B9: sezione | C9: $A_{sup}$ | H9: $A_{inf}$ | M9: $\rho_{sup}$ | O9: $\rho_{inf}$ | Q9: y | AH9: $\rho_{min}$ | AI9: =AI7/(AI4*AI3) -> 0.0031111111 | AL9: b | AM9: h | AN9: d
A10: Camp. | C10: $\phi$ | D10: N$\phi$ | E10: $\phi$ | F10: N$\phi$ | G10: A (mm^2) | H10: $\phi$ | I10: N$\phi$ | J10: $\phi$ | K10: N$\phi$ | L10: A (mm^2) | M10: - | O10: - | Q10: mm | AH10: $\rho_{comp}$ | AI10: =0.25*AI9 -> 0.00077777778 | AL10: mm | AM10: mm | AN10: mm
A11: 1 | B11: start | C11: 20 | D11: 2 | E11: 14 | F11: 2 | G11: =(C11^2/4*D11+E11^2/4*F11)*PI() -> 936.19461 | H11: 14 | I11: 2 | J11: 12 | K11: 2 | L11: =(H11^2/4*I11+J11^2/4*K11)*PI() -> 534.07075 | M11: =G11/($AL$3*$AM$3) -> 0.0062412974 | N11: =IF($AE$3<=M11,"OK","NO") -> OK | O11: =L11/($AL$3*$AM$3) -> 0.0035604717 | P11: =IF(O11>$AE$3,"OK","NO") -> OK | Q11: =ABS($AI$6*(G11-L11)/($AI$14*0.8*$AI$3)) -> 38.566866 | AH11: $\rho_{comp}$ | AI11: =0.5*AI9 -> 0.0015555556 | AJ11: Nelle zone dissipative | AL11: 300 | AM11: 500 | AN11: =AM11-40 -> 460
B12: end | C12: 20 | D12: 2 | E12: 18 | F12: 2 | G12: =(C12^2/4*D12+E12^2/4*F12)*PI() -> 1137.2565 | H12: 14 | I12: 2 | J12: 14 | K12: 2 | L12: =(H12^2/4*I12+J12^2/4*K12)*PI() -> 615.75216 | M12: =G12/($AL$3*$AM$3) -> 0.0075817103 | N12: =IF($AE$3<=M12,"OK","NO") -> OK | O12: =L12/($AL$3*$AM$3) -> 0.0041050144 | P12: =IF(O12>$AE$3,"OK","NO") -> OK | Q12: =ABS($AI$6*(G12-L12)/($AI$14*0.8*$AI$3)) -> 50.016405
A13: 2 | B13: start | C13: 20 | D13: 2 | E13: 18 | F13: 2 | G13: =(C13^2/4*D13+E13^2/4*F13)*PI() -> 1137.2565 | H13: 14 | I13: 2 | J13: 14 | K13: 2 | L13: =(H13^2/4*I13+J13^2/4*K13)*PI() -> 615.75216 | M13: =G13/($AL$3*$AM$3) -> 0.0075817103 | N13: =IF($AE$3<=M13,"OK","NO") -> OK | O13: =L13/($AL$3*$AM$3) -> 0.0041050144 | P13: =IF(O13>$AE$3,"OK","NO") -> OK | Q13: =ABS($AI$6*(G13-L13)/($AI$14*0.8*$AI$3)) -> 50.016405 | AI13: =269*1000^2/(0.9*AN3*391) -> 1661.7863 | AL13: 300 | AM13: 500 | AN13: =AM13-40 -> 460
B14: end | C14: 20 | D14: 2 | E14: 18 | F14: 2 | G14: =(C14^2/4*D14+E14^2/4*F14)*PI() -> 1137.2565 | H14: 14 | I14: 2 | J14: 14 | K14: 2 | L14: =(H14^2/4*I14+J14^2/4*K14)*PI() -> 615.75216 | M14: =G14/($AL$3*$AM$3) -> 0.0075817103 | N14: =IF($AE$3<=M14,"OK","NO") -> OK | O14: =L14/($AL$3*$AM$3) -> 0.0041050144 | P14: =IF(O14>$AE$3,"OK","NO") -> OK | Q14: =ABS($AI$6*(G14-L14)/($AI$14*0.8*$AI$3)) -> 50.016405 | AH14: fcd | AI14: =0.85*30/1.5 -> 17
A15: 3 | B15: start | C15: 20 | D15: 2 | E15: 18 | F15: 2 | G15: =(C15^2/4*D15+E15^2/4*F15)*PI() -> 1137.2565 | H15: 14 | I15: 2 | J15: 14 | K15: 2 | L15: =(H15^2/4*I15+J15^2/4*K15)*PI() -> 615.75216 | M15: =G15/($AL$3*$AM$3) -> 0.0075817103 | N15: =IF($AE$3<=M15,"OK","NO") -> OK | O15: =L15/($AL$3*$AM$3) -> 0.0041050144 | P15: =IF(O15>$AE$3,"OK","NO") -> OK | Q15: =ABS($AI$6*(G15-L15)/($AI$14*0.8*$AI$3)) -> 50.016405 | AH15: Es | AI15: 210000 | AL15: 300 | AM15: 500 | AN15: =AM15-40 -> 460
B16: end | C16: 20 | D16: 2 | E16: 14 | F16: 2 | G16: =(C16^2/4*D16+E16^2/4*F16)*PI() -> 936.19461 | H16: 14 | I16: 2 | J16: 12 | K16: 2 | L16: =(H16^2/4*I16+J16^2/4*K16)*PI() -> 534.07075 | M16: =G16/($AL$3*$AM$3) -> 0.0062412974 | N16: =IF($AE$3<=M16,"OK","NO") -> OK | O16: =L16/($AL$3*$AM$3) -> 0.0035604717 | P16: =IF(O16>$AE$3,"OK","NO") -> OK | Q16: =ABS($AI$6*(G16-L16)/($AI$14*0.8*$AI$3)) -> 38.566866
A17: TEL. 3 | B17: sezione | C17: $A_{sup}$ | H17: $A_{inf}$ | M17: $\rho_{sup}$ | O17: $\rho_{inf}$ | Q17: y | AL17: b | AM17: h | AN17: d
A18: Camp. | C18: $\phi$ | D18: N$\phi$ | E18: $\phi$ | F18: N$\phi$ | G18: A (mm^2) | H18: $\phi$ | I18: N$\phi$ | J18: $\phi$ | K18: N$\phi$ | L18: A (mm^2) | M18: - | O18: - | Q18: mm | AL18: mm | AM18: mm | AN18: mm
A19: 1 | B19: start | C19: 20 | D19: 2 | E19: 14 | F19: 2 | G19: =(C19^2/4*D19+E19^2/4*F19)*PI() -> 936.19461 | H19: 14 | I19: 2 | J19: 12 | K19: 2 | L19: =(H19^2/4*I19+J19^2/4*K19)*PI() -> 534.07075 | M19: =G19/($AL$3*$AM$3) -> 0.0062412974 | N19: =IF($AE$3<=M19,"OK","NO") -> OK | O19: =L19/($AL$3*$AM$3) -> 0.0035604717 | P19: =IF(O19>$AE$3,"OK","NO") -> OK | Q19: =ABS($AI$6*(G19-L19)/($AI$14*0.8*$AI$3)) -> 38.566866 | AL19: 300 | AM19: 500 | AN19: =AM19-40 -> 460
B20: end | C20: 20 | D20: 4 | E20: 0 | F20: 0 | G20: =(C20^2/4*D20+E20^2/4*F20)*PI() -> 1256.6371 | H20: 14 | I20: 2 | J20: 14 | K20: 2 | L20: =(H20^2/4*I20+J20^2/4*K20)*PI() -> 615.75216 | M20: =G20/($AL$3*$AM$3) -> 0.0083775804 | N20: =IF($AE$3<=M20,"OK","NO") -> OK | O20: =L20/($AL$3*$AM$3) -> 0.0041050144 | P20: =IF(O20>$AE$3,"OK","NO") -> OK | Q20: =ABS($AI$6*(G20-L20)/($AI$14*0.8*$AI$3)) -> 61.465943
A21: 2 | B21: start | C21: 20 | D21: 4 | E21: 0 | F21: 0 | G21: =(C21^2/4*D21+E21^2/4*F21)*PI() -> 1256.6371 | H21: 14 | I21: 2 | J21: 14 | K21: 2 | L21: =(H21^2/4*I21+J21^2/4*K21)*PI() -> 615.75216 | M21: =G21/($AL$3*$AM$3) -> 0.0083775804 | N21: =IF($AE$3<=M21,"OK","NO") -> OK | O21: =L21/($AL$3*$AM$3) -> 0.0041050144 | P21: =IF(O21>$AE$3,"OK","NO") -> OK | Q21: =ABS($AI$6*(G21-L21)/($AI$14*0.8*$AI$3)) -> 61.465943 | AL21: 300 | AM21: 500 | AN21: =AM21-40 -> 460
B22: end | C22: 20 | D22: 4 | E22: 0 | F22: 0 | G22: =(C22^2/4*D22+E22^2/4*F22)*PI() -> 1256.6371 | H22: 14 | I22: 2 | J22: 14 | K22: 2 | L22: =(H22^2/4*I22+J22^2/4*K22)*PI() -> 615.75216 | M22: =G22/($AL$3*$AM$3) -> 0.0083775804 | N22: =IF($AE$3<=M22,"OK","NO") -> OK | O22: =L22/($AL$3*$AM$3) -> 0.0041050144 | P22: =IF(O22>$AE$3,"OK","NO") -> OK | Q22: =ABS($AI$6*(G22-L22)/($AI$14*0.8*$AI$3)) -> 61.465943
A23: 3 | B23: start | C23: 20 | D23: 4 | E23: 0 | F23: 0 | G23: =(C23^2/4*D23+E23^2/4*F23)*PI() -> 1256.6371 | H23: 14 | I23: 2 | J23: 14 | K23: 2 | L23: =(H23^2/4*I23+J23^2/4*K23)*PI() -> 615.75216 | M23: =G23/($AL$3*$AM$3) -> 0.0083775804 | N23: =IF($AE$3<=M23,"OK","NO") -> OK | O23: =L23/($AL$3*$AM$3) -> 0.0041050144 | P23: =IF(O23>$AE$3,"OK","NO") -> OK | Q23: =ABS($AI$6*(G23-L23)/($AI$14*0.8*$AI$3)) -> 61.465943 | AL23: 300 | AM23: 500 | AN23: =AM23-40 -> 460
B24: end | C24: 20 | D24: 2 | E24: 14 | F24: 2 | G24: =(C24^2/4*D24+E24^2/4*F24)*PI() -> 936.19461 | H24: 14 | I24: 2 | J24: 12 | K24: 2 | L24: =(H24^2/4*I24+J24^2/4*K24)*PI() -> 534.07075 | M24: =G24/($AL$3*$AM$3) -> 0.0062412974 | N24: =IF($AE$3<=M24,"OK","NO") -> OK | O24: =L24/($AL$3*$AM$3) -> 0.0035604717 | P24: =IF(O24>$AE$3,"OK","NO") -> OK | Q24: =ABS($AI$6*(G24-L24)/($AI$14*0.8*$AI$3)) -> 38.566866
A26: CALCOLO TAGLIO SOLLECITANTE IN Capacity design
A28: TEL. 1 | B28: SEZ. | C28: Mu+ | D28: Mu- | E28: carico distr. (sisma) | F28: L | G28: V+ | H28: V-
A29: Camp. | C29: KNm | D29: KNm | E29: KN/m | F29: m | G29: KN | H29: KN
A30: 1 | B30: start | C30: =(G3*$AI$6*($AI$4-40-0.8*Q3/2)+L3*$AI$6*(0.8*Q3/2-40))/1000^2 -> 157.33572 | D30: =-(L3*$AI$6*($AI$4-40-0.8*Q3/2)+G3*$AI$6*(0.8*Q3/2-40))/1000^2 -> -97.723357 | E30: =7.297*2+7.78 -> 22.374 | F30: 4 | G30: =$E30*$F30/2+($C30+$C31)/$F30*1.1 -> 114.72264 | H30: =$E30*$F30/2+($D30+$D31)/$F30*1.1 -> -34.646974 | I30: 157 | J30: 105.2
B31: end | C31: =(L4*$AI$6*($AI$4-40-0.8*Q4/2)+G4*$AI$6*(0.8*Q4/2-40))/1000^2 -> 97.117529 | D31: =-(G4*$AI$6*($AI$4-40-0.8*Q4/2)+L4*$AI$6*(0.8*Q4/2-40))/1000^2 -> -190.98564 | E31: =7.297*2+7.78 -> 22.374 | F31: 4 | G31: =-$E31*$F31/2+($C30+$C31)/$F31*1.1 -> 25.226644 | H31: =-$E31*$F31/2+($D30+$D31)/$F31*1.1 -> -124.14297 | I31: 105.2 | J31: 190,1
A32: 2 | B32: start | C32: =(G5*$AI$6*($AI$4-40-0.8*Q5/2)+L5*$AI$6*(0.8*Q5/2-40))/1000^2 -> 190.98564 | D32: =-(L5*$AI$6*($AI$4-40-0.8*Q5/2)+G5*$AI$6*(0.8*Q5/2-40))/1000^2 -> -97.117529 | E32: =7.297*2+7.78 -> 22.374 | F32: 5.5 | G32: =$E32*$F32/2+($C32+$C33)/$F32*1.1 -> 119.14913 | H32: =$E32*$F32/2+($D32+$D33)/$F32*1.1 -> 3.9078662 | I32: 190,1 | J32: 105.2
B33: end | C33: =(L6*$AI$6*($AI$4-40-0.8*Q6/2)+G6*$AI$6*(0.8*Q6/2-40))/1000^2 -> 97.117529 | D33: =-(G6*$AI$6*($AI$4-40-0.8*Q6/2)+L6*$AI$6*(0.8*Q6/2-40))/1000^2 -> -190.98564 | E33: =7.297*2+7.78 -> 22.374 | F33: 5.5 | G33: =-$E33*$F33/2+($C32+$C33)/$F33*1.1 -> -3.9078662 | H33: =-$E33*$F33/2+($D32+$D33)/$F33*1.1 -> -119.14913 | I33: 105.2 | J33: 190,1 | L33: -106.01489
A34: 3 | B34: start | C34: =(G7*$AI$6*($AI$4-40-0.8*Q7/2)+L7*$AI$6*(0.8*Q7/2-40))/1000^2 -> 190.98564 | D34: =-(L7*$AI$6*($AI$4-40-0.8*Q7/2)+G7*$AI$6*(0.8*Q7/2-40))/1000^2 -> -97.117529 | E34: =7.297*2+7.78 -> 22.374 | F34: 4 | G34: =$E34*$F34/2+($C34+$C35)/$F34*1.1 -> 124.14297 | H34: =$E34*$F34/2+($D34+$D35)/$F34*1.1 -> -25.226644 | I34: 190,1 | J34: 105.2
B35: end | C35: =(L8*$AI$6*($AI$4-40-0.8*Q8/2)+G8*$AI$6*(0.8*Q8/2-40))/1000^2 -> 97.723357 | D35: =-(G8*$AI$6*($AI$4-40-0.8*Q8/2)+L8*$AI$6*(0.8*Q8/2-40))/1000^2 -> -157.33572 | E35: =7.297*2+7.78 -> 22.374 | F35: 4 | G35: =-$E35*$F35/2+($C34+$C35)/$F35*1.1 -> 34.646974 | H35: =-$E35*$F35/2+($D34+$D35)/$F35*1.1 -> -114.72264 | I35: 105.2 | J35: 157
A36: TEL.2 | B36: SEZ. | C36: Mu+ | D36: Mu- | E36: carico distr. (sisma) | F36: L | G36: V+ | H36: V-
A37: Camp. | C37: KNm | D37: KNm | E37: KN/m | F37: m | G37: KN | H37: KN
A38: 1 | B38: start | C38: =(G11*$AI$6*($AI$4-40-0.8*Q11/2)+L11*$AI$6*(0.8*Q11/2-40))/1000^2 -> 157.72822 | D38: =-(L11*$AI$6*($AI$4-40-0.8*Q11/2)+G11*$AI$6*(0.8*Q11/2-40))/1000^2 -> -83.906696 | E38: =7.297*4 -> 29.188 | F38: 4 | G38: =$E38*$F38/2+($C38+$C39)/$F38*1.1 -> 128.45858 | H38: =$E38*$F38/2+($D38+$D39)/$F38*1.1 -> -17.219392 | I38: 157 | J38: 91.67
B39: end | C39: =(L12*$AI$6*($AI$4-40-0.8*Q12/2)+G12*$AI$6*(0.8*Q12/2-40))/1000^2 -> 97.117529 | D39: =-(G12*$AI$6*($AI$4-40-0.8*Q12/2)+L12*$AI$6*(0.8*Q12/2-40))/1000^2 -> -190.98564 | E39: =7.297*4 -> 29.188 | F39: 4 | G39: =-$E39*$F39/2+($C38+$C39)/$F39*1.1 -> 11.706581 | H39: =-$E39*$F39/2+($D38+$D39)/$F39*1.1 -> -133.97139
A40: 2 | B40: start | C40: =(G13*$AI$6*($AI$4-40-0.8*Q13/2)+L13*$AI$6*(0.8*Q13/2-40))/1000^2 -> 190.98564 | D40: =-(L13*$AI$6*($AI$4-40-0.8*Q13/2)+G13*$AI$6*(0.8*Q13/2-40))/1000^2 -> -97.117529 | E40: =7.297*4 -> 29.188 | F40: 5.5 | G40: =$E40*$F40/2+($C40+$C41)/$F40*1.1 -> 137.88763 | H40: =$E40*$F40/2+($D40+$D41)/$F40*1.1 -> 22.646366
B41: end | C41: =(L14*$AI$6*($AI$4-40-0.8*Q14/2)+G14*$AI$6*(0.8*Q14/2-40))/1000^2 -> 97.117529 | D41: =-(G14*$AI$6*($AI$4-40-0.8*Q14/2)+L14*$AI$6*(0.8*Q14/2-40))/1000^2 -> -190.98564 | E41: =7.297*4 -> 29.188 | F41: 5.5 | G41: =-$E41*$F41/2+($C40+$C41)/$F41*1.1 -> -22.646366 | H41: =-$E41*$F41/2+($D40+$D41)/$F41*1.1 -> -137.88763
A42: 3 | B42: start | C42: =(G15*$AI$6*($AI$4-40-0.8*Q15/2)+L15*$AI$6*(0.8*Q15/2-40))/1000^2 -> 190.98564 | D42: =-(L15*$AI$6*($AI$4-40-0.8*Q15/2)+G15*$AI$6*(0.8*Q15/2-40))/1000^2 -> -97.117529 | E42: =7.297*4 -> 29.188 | F42: 4 | G42: =$E42*$F42/2+($C42+$C43)/$F42*1.1 -> 133.97139 | H42: =$E42*$F42/2+($D42+$D43)/$F42*1.1 -> -11.706581
B43: end | C43: =(L16*$AI$6*($AI$4-40-0.8*Q16/2)+G16*$AI$6*(0.8*Q16/2-40))/1000^2 -> 83.906696 | D43: =-(G16*$AI$6*($AI$4-40-0.8*Q16/2)+L16*$AI$6*(0.8*Q16/2-40))/1000^2 -> -157.72822 | E43: =7.297*4 -> 29.188 | F43: 4 | G43: =-$E43*$F43/2+($C42+$C43)/$F43*1.1 -> 17.219392 | H43: =-$E43*$F43/2+($D42+$D43)/$F43*1.1 -> -128.45858
A44: TEL. 3 | B44: SEZ. | C44: Mu+ | D44: Mu- | E44: carico distr. (sisma) | F44: L | G44: V+ | H44: V-
A45: Camp. | C45: KNm | D45: KNm | E45: KN/m | F45: m | G45: KN | H45: KN
A46: 1 | B46: start | C46: =(G19*$AI$6*($AI$4-40-0.8*Q19/2)+L19*$AI$6*(0.8*Q19/2-40))/1000^2 -> 157.72822 | D46: =-(L19*$AI$6*($AI$4-40-0.8*Q19/2)+G19*$AI$6*(0.8*Q19/2-40))/1000^2 -> -83.906696 | E46: =7.297*4.75 -> 34.66075 | F46: 4 | G46: =$E46*$F46/2+($C46+$C47)/$F46*1.1 -> 139.46308 | H46: =$E46*$F46/2+($D46+$D47)/$F46*1.1 -> -11.61037
B47: end | C47: =(L20*$AI$6*($AI$4-40-0.8*Q20/2)+G20*$AI$6*(0.8*Q20/2-40))/1000^2 -> 97.332084 | D47: =-(G20*$AI$6*($AI$4-40-0.8*Q20/2)+L20*$AI$6*(0.8*Q20/2-40))/1000^2 -> -210.39101 | E47: =7.297*4.75 -> 34.66075 | F47: 4 | G47: =-$E47*$F47/2+($C46+$C47)/$F47*1.1 -> 0.82008364 | H47: =-$E47*$F47/2+($D46+$D47)/$F47*1.1 -> -150.25337
A48: 2 | B48: start | C48: =(G21*$AI$6*($AI$4-40-0.8*Q21/2)+L21*$AI$6*(0.8*Q21/2-40))/1000^2 -> 210.39101 | D48: =-(L21*$AI$6*($AI$4-40-0.8*Q21/2)+G21*$AI$6*(0.8*Q21/2-40))/1000^2 -> -97.332084 | E48: =7.297*4.75 -> 34.66075 | F48: 5.5 | G48: =$E48*$F48/2+($C48+$C49)/$F48*1.1 -> 156.86168 | H48: =$E48*$F48/2+($D48+$D49)/$F48*1.1 -> 33.772443
B49: end | C49: =(L22*$AI$6*($AI$4-40-0.8*Q22/2)+G22*$AI$6*(0.8*Q22/2-40))/1000^2 -> 97.332084 | D49: =-(G22*$AI$6*($AI$4-40-0.8*Q22/2)+L22*$AI$6*(0.8*Q22/2-40))/1000^2 -> -210.39101 | E49: =7.297*4.75 -> 34.66075 | F49: 5.5 | G49: =-$E49*$F49/2+($C48+$C49)/$F49*1.1 -> -33.772443 | H49: =-$E49*$F49/2+($D48+$D49)/$F49*1.1 -> -156.86168
A50: 3 | B50: start | C50: =(G23*$AI$6*($AI$4-40-0.8*Q23/2)+L23*$AI$6*(0.8*Q23/2-40))/1000^2 -> 210.39101 | D50: =-(L23*$AI$6*($AI$4-40-0.8*Q23/2)+G23*$AI$6*(0.8*Q23/2-40))/1000^2 -> -97.332084 | E50: =7.297*4.75 -> 34.66075 | F50: 4 | G50: =$E50*$F50/2+($C50+$C51)/$F50*1.1 -> 150.25337 | H50: =$E50*$F50/2+($D50+$D51)/$F50*1.1 -> -0.82008364
B51: end | C51: =(L24*$AI$6*($AI$4-40-0.8*Q24/2)+G24*$AI$6*(0.8*Q24/2-40))/1000^2 -> 83.906696 | D51: =-(G24*$AI$6*($AI$4-40-0.8*Q24/2)+L24*$AI$6*(0.8*Q24/2-40))/1000^2 -> -157.72822 | E51: =7.297*4.75 -> 34.66075 | F51: 4 | G51: =-$E51*$F51/2+($C50+$C51)/$F51*1.1 -> 11.61037 | H51: =-$E51*$F51/2+($D50+$D51)/$F51*1.1 -> -139.46308
A54: VERIFICA A TAGLIO
Q55: ZONE NON CRITICHE
A57: TEL. 1 | B57: SEZ. | C57: Zona critica | D57: Diametro | E57: passo | F57: VRsd | G57: VRcd | H57: VRd | I57: VED | Q57: $\theta$ | R57: $\theta$ | S57: s staffe | T57: $V_{Rsd}$ | U57: $V_{Rcd}$ | V57: $V_{Rd}$
A58: Camp. | C58: mm | D58: mm | E58: mm | F58: KN | G58: KN | H58: KN | I58: KN | L58: verifica passo | Q58: [rad] | R58: [gradi] | S58: mm | T58: KN | U58: KN | V58: KN
A59: 1 | B59: start | C59: =500 -> 500 | D59: 8 | E59: 100 | F59: =(0.9*($AI$4-30)*(2*PI()*D59^2/4)/E59*$AI$6)/1000 -> 166.4006 | G59: =(0.9*($AI$4-30)*$AI$3*0.5*$AI$14*0.5)/1000 -> 539.325 | H59: =MIN(F59:G59) -> 166.4006 | I59: =MAX(ABS(G30),ABS(H30)) -> 114.72264 | J59: =IF(H59>I59,"OK","NO") -> OK | L59: =(500-40)/4 -> 115 | M59: 175 | N59: =8*E3 -> 112 | Q59: =ASIN(SQRT(2*D59^2/4*PI()*$AI$6/($AI$3*E59*0.5*$AI$14))) -> 0.4036406 | R59: =DEGREES(Q59) -> 23.126903 | S59: 200 | T59: =(0.9*($AI$4-30)*(2*PI()*8^2/4)/S59*$AI$6)/1000*_xlfn.COT(Q59) -> 194.80686 | U59: =(0.9*($AI$4-30)*$AI$3*0.5*$AI$14)*(_xlfn.COT(Q59))/(1+_xlfn.COT(Q59)^2)/1000 -> 389.61372 | V59: =MIN(T59:U59) -> 194.80686
B60: end | C60: =500 -> 500 | D60: 8 | E60: 100 | F60: =(0.9*($AI$4-30)*(2*PI()*D60^2/4)/E60*$AI$6)/1000 -> 166.4006 | G60: =(0.9*($AI$4-30)*$AI$3*0.5*$AI$14*0.5)/1000 -> 539.325 | H60: =MIN(F60:G60) -> 166.4006 | I60: =MAX(ABS(G31),ABS(H31)) -> 124.14297 | J60: =IF(H60>I60,"OK","NO") -> OK | N60: =8*E4 -> 144 | Q60: =ASIN(SQRT(2*D60^2/4*PI()*$AI$6/($AI$3*E60*0.5*$AI$14))) -> 0.4036406 | R60: =DEGREES(Q60) -> 23.126903 | S60: 200 | T60: =(0.9*($AI$4-30)*(2*PI()*8^2/4)/S60*$AI$6)/1000*_xlfn.COT(Q60) -> 194.80686 | U60: =(0.9*($AI$4-30)*$AI$3*0.5*$AI$14)*(_xlfn.COT(Q60))/(1+_xlfn.COT(Q60)^2)/1000 -> 389.61372 | V60: =MIN(T60:U60) -> 194.80686
A61: 2 | B61: start | C61: =500 -> 500 | D61: 8 | E61: 100 | F61: =(0.9*($AI$4-30)*(2*PI()*D61^2/4)/E61*$AI$6)/1000 -> 166.4006 | G61: =(0.9*($AI$4-30)*$AI$3*0.5*$AI$14*0.5)/1000 -> 539.325 | H61: =MIN(F61:G61) -> 166.4006 | I61: =MAX(ABS(G32),ABS(H32)) -> 119.14913 | J61: =IF(H61>I61,"OK","NO") -> OK | N61: =8*E5 -> 144 | Q61: =ASIN(SQRT(2*D61^2/4*PI()*$AI$6/($AI$3*E61*0.5*$AI$14))) -> 0.4036406 | R61: =DEGREES(Q61) -> 23.126903 | S61: 200 | T61: =(0.9*($AI$4-30)*(2*PI()*8^2/4)/S61*$AI$6)/1000*_xlfn.COT(Q61) -> 194.80686 | U61: =(0.9*($AI$4-30)*$AI$3*0.5*$AI$14)*(_xlfn.COT(Q61))/(1+_xlfn.COT(Q61)^2)/1000 -> 389.61372 | V61: =MIN(T61:U61) -> 194.80686
B62: end | C62: =500 -> 500 | D62: 8 | E62: 100 | F62: =(0.9*($AI$4-30)*(2*PI()*D62^2/4)/E62*$AI$6)/1000 -> 166.4006 | G62: =(0.9*($AI$4-30)*$AI$3*0.5*$AI$14*0.5)/1000 -> 539.325 | H62: =MIN(F62:G62) -> 166.4006 | I62: =MAX(ABS(G33),ABS(H33)) -> 119.14913 | J62: =IF(H62>I62,"OK","NO") -> OK | N62: =8*E6 -> 144 | Q62: =ASIN(SQRT(2*D62^2/4*PI()*$AI$6/($AI$3*E62*0.5*$AI$14))) -> 0.4036406 | R62: =DEGREES(Q62) -> 23.126903 | S62: 200 | T62: =(0.9*($AI$4-30)*(2*PI()*8^2/4)/S62*$AI$6)/1000*_xlfn.COT(Q62) -> 194.80686 | U62: =(0.9*($AI$4-30)*$AI$3*0.5*$AI$14)*(_xlfn.COT(Q62))/(1+_xlfn.COT(Q62)^2)/1000 -> 389.61372 | V62: =MIN(T62:U62) -> 194.80686
A63: 3 | B63: start | C63: =500 -> 500 | D63: 8 | E63: 100 | F63: =(0.9*($AI$4-30)*(2*PI()*D63^2/4)/E63*$AI$6)/1000 -> 166.4006 | G63: =(0.9*($AI$4-30)*$AI$3*0.5*$AI$14*0.5)/1000 -> 539.325 | H63: =MIN(F63:G63) -> 166.4006 | I63: =MAX(ABS(G34),ABS(H34)) -> 124.14297 | J63: =IF(H63>I63,"OK","NO") -> OK | N63: =8*E7 -> 144 | Q63: =ASIN(SQRT(2*D63^2/4*PI()*$AI$6/($AI$3*E63*0.5*$AI$14))) -> 0.4036406 | R63: =DEGREES(Q63) -> 23.126903 | S63: 200 | T63: =(0.9*($AI$4-30)*(2*PI()*8^2/4)/S63*$AI$6)/1000*_xlfn.COT(Q63) -> 194.80686 | U63: =(0.9*($AI$4-30)*$AI$3*0.5*$AI$14)*(_xlfn.COT(Q63))/(1+_xlfn.COT(Q63)^2)/1000 -> 389.61372 | V63: =MIN(T63:U63) -> 194.80686
B64: end | C64: =500 -> 500 | D64: 8 | E64: 100 | F64: =(0.9*($AI$4-30)*(2*PI()*D64^2/4)/E64*$AI$6)/1000 -> 166.4006 | G64: =(0.9*($AI$4-30)*$AI$3*0.5*$AI$14*0.5)/1000 -> 539.325 | H64: =MIN(F64:G64) -> 166.4006 | I64: =MAX(ABS(G35),ABS(H35)) -> 114.72264 | J64: =IF(H64>I64,"OK","NO") -> OK | N64: =8*E8 -> 112 | Q64: =ASIN(SQRT(2*D64^2/4*PI()*$AI$6/($AI$3*E64*0.5*$AI$14))) -> 0.4036406 | R64: =DEGREES(Q64) -> 23.126903 | S64: 200 | T64: =(0.9*($AI$4-30)*(2*PI()*8^2/4)/S64*$AI$6)/1000*_xlfn.COT(Q64) -> 194.80686 | U64: =(0.9*($AI$4-30)*$AI$3*0.5*$AI$14)*(_xlfn.COT(Q64))/(1+_xlfn.COT(Q64)^2)/1000 -> 389.61372 | V64: =MIN(T64:U64) -> 194.80686
A65: TEL.2 | B65: SEZ. | C65: Zona critica | D65: Diametro | E65: passo | F65: VRsd | G65: VRcd | H65: VRd | I65: VED
A66: Camp. | C66: mm | D66: mm | E66: mm | F66: KN | G66: KN | H66: KN | I66: KN
A67: 1 | B67: start | C67: =500 -> 500 | D67: 8 | E67: 100 | F67: =(0.9*($AI$4-30)*(2*PI()*D67^2/4)/E67*$AI$6)/1000 -> 166.4006 | G67: =(0.9*($AI$4-30)*$AI$3*0.5*$AI$14*0.5)/1000 -> 539.325 | H67: =MIN(F67:G67) -> 166.4006 | I67: =MAX(ABS(G38),ABS(H38)) -> 128.45858 | J67: =IF(H67>I67,"OK","NO") -> OK | N67: =8*E11 -> 112
B68: end | C68: =500 -> 500 | D68: 8 | E68: 100 | F68: =(0.9*($AI$4-30)*(2*PI()*D68^2/4)/E68*$AI$6)/1000 -> 166.4006 | G68: =(0.9*($AI$4-30)*$AI$3*0.5*$AI$14*0.5)/1000 -> 539.325 | H68: =MIN(F68:G68) -> 166.4006 | I68: =MAX(ABS(G39),ABS(H39)) -> 133.97139 | J68: =IF(H68>I68,"OK","NO") -> OK | N68: =8*E12 -> 144
A69: 2 | B69: start | C69: =500 -> 500 | D69: 8 | E69: 100 | F69: =(0.9*($AI$4-30)*(2*PI()*D69^2/4)/E69*$AI$6)/1000 -> 166.4006 | G69: =(0.9*($AI$4-30)*$AI$3*0.5*$AI$14*0.5)/1000 -> 539.325 | H69: =MIN(F69:G69) -> 166.4006 | I69: =MAX(ABS(G40),ABS(H40)) -> 137.88763 | J69: =IF(H69>I69,"OK","NO") -> OK | N69: =8*E13 -> 144
B70: end | C70: =500 -> 500 | D70: 8 | E70: 100 | F70: =(0.9*($AI$4-30)*(2*PI()*D70^2/4)/E70*$AI$6)/1000 -> 166.4006 | G70: =(0.9*($AI$4-30)*$AI$3*0.5*$AI$14*0.5)/1000 -> 539.325 | H70: =MIN(F70:G70) -> 166.4006 | I70: =MAX(ABS(G41),ABS(H41)) -> 137.88763 | J70: =IF(H70>I70,"OK","NO") -> OK | N70: =8*E14 -> 144
A71: 3 | B71: start | C71: =500 -> 500 | D71: 8 | E71: 100 | F71: =(0.9*($AI$4-30)*(2*PI()*D71^2/4)/E71*$AI$6)/1000 -> 166.4006 | G71: =(0.9*($AI$4-30)*$AI$3*0.5*$AI$14*0.5)/1000 -> 539.325 | H71: =MIN(F71:G71) -> 166.4006 | I71: =MAX(ABS(G42),ABS(H42)) -> 133.97139 | J71: =IF(H71>I71,"OK","NO") -> OK | N71: =8*E15 -> 144
B72: end | C72: =500 -> 500 | D72: 8 | E72: 100 | F72: =(0.9*($AI$4-30)*(2*PI()*D72^2/4)/E72*$AI$6)/1000 -> 166.4006 | G72: =(0.9*($AI$4-30)*$AI$3*0.5*$AI$14*0.5)/1000 -> 539.325 | H72: =MIN(F72:G72) -> 166.4006 | I72: =MAX(ABS(G43),ABS(H43)) -> 128.45858 | J72: =IF(H72>I72,"OK","NO") -> OK | N72: =8*E16 -> 112
A73: TEL. 3 | B73: SEZ. | C73: Zona critica | D73: Diametro | E73: passo | F73: VRsd | G73: VRcd | H73: VRd | I73: VED
A74: Camp. | C74: mm | D74: mm | E74: mm | F74: KN | G74: KN | H74: KN | I74: KN
A75: 1 | B75: start | C75: =500 -> 500 | D75: 8 | E75: 100 | F75: =(0.9*($AI$4-30)*(2*PI()*D75^2/4)/E75*$AI$6)/1000 -> 166.4006 | G75: =(0.9*($AI$4-30)*$AI$3*0.5*$AI$14*0.5)/1000 -> 539.325 | H75: =MIN(F75:G75) -> 166.4006 | I75: =MAX(ABS(G46),ABS(H46)) -> 139.46308 | J75: =IF(H75>I75,"OK","NO") -> OK | N75: =8*E19 -> 112
B76: end | C76: =500 -> 500 | D76: 8 | E76: 100 | F76: =(0.9*($AI$4-30)*(2*PI()*D76^2/4)/E76*$AI$6)/1000 -> 166.4006 | G76: =(0.9*($AI$4-30)*$AI$3*0.5*$AI$14*0.5)/1000 -> 539.325 | H76: =MIN(F76:G76) -> 166.4006 | I76: =MAX(ABS(G47),ABS(H47)) -> 150.25337 | J76: =IF(H76>I76,"OK","NO") -> OK | N76: =8*C20 -> 160
A77: 2 | B77: start | C77: =500 -> 500 | D77: 8 | E77: 100 | F77: =(0.9*($AI$4-30)*(2*PI()*D77^2/4)/E77*$AI$6)/1000 -> 166.4006 | G77: =(0.9*($AI$4-30)*$AI$3*0.5*$AI$14*0.5)/1000 -> 539.325 | H77: =MIN(F77:G77) -> 166.4006 | I77: =MAX(ABS(G48),ABS(H48)) -> 156.86168 | J77: =IF(H77>I77,"OK","NO") -> OK | N77: =8*C21 -> 160
B78: end | C78: =500 -> 500 | D78: 8 | E78: 100 | F78: =(0.9*($AI$4-30)*(2*PI()*D78^2/4)/E78*$AI$6)/1000 -> 166.4006 | G78: =(0.9*($AI$4-30)*$AI$3*0.5*$AI$14*0.5)/1000 -> 539.325 | H78: =MIN(F78:G78) -> 166.4006 | I78: =MAX(ABS(G49),ABS(H49)) -> 156.86168 | J78: =IF(H78>I78,"OK","NO") -> OK | N78: =8*C22 -> 160
A79: 3 | B79: start | C79: =500 -> 500 | D79: 8 | E79: 100 | F79: =(0.9*($AI$4-30)*(2*PI()*D79^2/4)/E79*$AI$6)/1000 -> 166.4006 | G79: =(0.9*($AI$4-30)*$AI$3*0.5*$AI$14*0.5)/1000 -> 539.325 | H79: =MIN(F79:G79) -> 166.4006 | I79: =MAX(ABS(G50),ABS(H50)) -> 150.25337 | J79: =IF(H79>I79,"OK","NO") -> OK | N79: =8*C23 -> 160
B80: end | C80: =500 -> 500 | D80: 8 | E80: 100 | F80: =(0.9*($AI$4-30)*(2*PI()*D80^2/4)/E80*$AI$6)/1000 -> 166.4006 | G80: =(0.9*($AI$4-30)*$AI$3*0.5*$AI$14*0.5)/1000 -> 539.325 | H80: =MIN(F80:G80) -> 166.4006 | I80: =MAX(ABS(G51),ABS(H51)) -> 139.46308 | J80: =IF(H80>I80,"OK","NO") -> OK | N80: =8*E24 -> 112
A83: VERIFICA DI DUTTILITA' EU8
A84: $\mu_{\phi}$ | B84: =1.2*(2*3.9) -> 9.36
A86: TEL. 1 | B86: SEZ. | C86: $A_{sup}$ | D86: $A_{inf}$ | E86: $\rho-\rho'$
A87: Camp. | C87: mm^2 | D87: mm^2 | E87: -
A88: 1 | B88: start | C88: =G3 -> 936.19461 | D88: =L3 -> 615.75216 | E88: =(C88-D88)/($AI$3*$AI$4) -> 0.002136283 | F88: =0.0018*$AI$14/($B$84*1.86/1000*$AI$6) -> 0.0044917747 | G88: =IF(E88<F88,"OK","NO") -> OK
B89: end | C89: =G4 -> 1137.2565 | D89: =L4 -> 615.75216 | E89: =(C89-D89)/($AI$3*$AI$4) -> 0.0034766959 | F89: =0.0018*$AI$14/($B$84*1.86/1000*$AI$6) -> 0.0044917747 | G89: =IF(E89<F89,"OK","NO") -> OK
A90: 2 | B90: start | C90: =G5 -> 1137.2565 | D90: =L5 -> 615.75216 | E90: =(C90-D90)/($AI$3*$AI$4) -> 0.0034766959 | F90: =0.0018*$AI$14/($B$84*1.86/1000*$AI$6) -> 0.0044917747 | G90: =IF(E90<F90,"OK","NO") -> OK
B91: end | C91: =G6 -> 1137.2565 | D91: =L6 -> 615.75216 | E91: =(C91-D91)/($AI$3*$AI$4) -> 0.0034766959 | F91: =0.0018*$AI$14/($B$84*1.86/1000*$AI$6) -> 0.0044917747 | G91: =IF(E91<F91,"OK","NO") -> OK
A92: 3 | B92: start | C92: =G7 -> 1137.2565 | D92: =L7 -> 615.75216 | E92: =(C92-D92)/($AI$3*$AI$4) -> 0.0034766959 | F92: =0.0018*$AI$14/($B$84*1.86/1000*$AI$6) -> 0.0044917747 | G92: =IF(E92<F92,"OK","NO") -> OK
B93: end | C93: =G8 -> 936.19461 | D93: =L8 -> 615.75216 | E93: =(C93-D93)/($AI$3*$AI$4) -> 0.002136283 | F93: =0.0018*$AI$14/($B$84*1.86/1000*$AI$6) -> 0.0044917747 | G93: =IF(E93<F93,"OK","NO") -> OK
A94: TEL.2 | B94: SEZ. | C94: $A_{sup}$ | D94: $A_{inf}$ | E94: $\rho-\rho'$
A95: Camp. | C95: mm^2 | D95: mm^2 | E95: -
A96: 1 | B96: start | C96: =G11 -> 936.19461 | D96: =L11 -> 534.07075 | E96: =(C96-D96)/($AI$3*$AI$4) -> 0.0026808257 | F96: =0.0018*$AI$14/($B$84*1.86/1000*$AI$6) -> 0.0044917747 | G96: =IF(E96<F96,"OK","NO") -> OK
B97: end | C97: =G12 -> 1137.2565 | D97: =L12 -> 615.75216 | E97: =(C97-D97)/($AI$3*$AI$4) -> 0.0034766959 | F97: =0.0018*$AI$14/($B$84*1.86/1000*$AI$6) -> 0.0044917747 | G97: =IF(E97<F97,"OK","NO") -> OK
A98: 2 | B98: start | C98: =G13 -> 1137.2565 | D98: =L13 -> 615.75216 | E98: =(C98-D98)/($AI$3*$AI$4) -> 0.0034766959 | F98: =0.0018*$AI$14/($B$84*1.86/1000*$AI$6) -> 0.0044917747 | G98: =IF(E98<F98,"OK","NO") -> OK
B99: end | C99: =G14 -> 1137.2565 | D99: =L14 -> 615.75216 | E99: =(C99-D99)/($AI$3*$AI$4) -> 0.0034766959 | F99: =0.0018*$AI$14/($B$84*1.86/1000*$AI$6) -> 0.0044917747 | G99: =IF(E99<F99,"OK","NO") -> OK
A100: 3 | B100: start | C100: =G15 -> 1137.2565 | D100: =L15 -> 615.75216 | E100: =(C100-D100)/($AI$3*$AI$4) -> 0.0034766959 | F100: =0.0018*$AI$14/($B$84*1.86/1000*$AI$6) -> 0.0044917747 | G100: =IF(E100<F100,"OK","NO") -> OK
B101: end | C101: =G16 -> 936.19461 | D101: =L16 -> 534.07075 | E101: =(C101-D101)/($AI$3*$AI$4) -> 0.0026808257 | F101: =0.0018*$AI$14/($B$84*1.86/1000*$AI$6) -> 0.0044917747 | G101: =IF(E101<F101,"OK","NO") -> OK
A102: TEL. 3 | B102: SEZ. | C102: $A_{sup}$ | D102: $A_{inf}$ | E102: $\rho-\rho'$
A103: Camp. | C103: mm^2 | D103: mm^2 | E103: -
A104: 1 | B104: start | C104: =G19 -> 936.19461 | D104: =L19 -> 534.07075 | E104: =(C104-D104)/($AI$3*$AI$4) -> 0.0026808257 | F104: =0.0018*$AI$14/($B$84*1.86/1000*$AI$6) -> 0.0044917747 | G104: =IF(E104<F104,"OK","NO") -> OK
B105: end | C105: =G20 -> 1256.6371 | D105: =L20 -> 615.75216 | E105: =(C105-D105)/($AI$3*$AI$4) -> 0.004272566 | F105: =0.0018*$AI$14/($B$84*1.86/1000*$AI$6) -> 0.0044917747 | G105: =IF(E105<F105,"OK","NO") -> OK
A106: 2 | B106: start | C106: =G21 -> 1256.6371 | D106: =L21 -> 615.75216 | E106: =(C106-D106)/($AI$3*$AI$4) -> 0.004272566 | F106: =0.0018*$AI$14/($B$84*1.86/1000*$AI$6) -> 0.0044917747 | G106: =IF(E106<F106,"OK","NO") -> OK
B107: end | C107: =G22 -> 1256.6371 | D107: =L22 -> 615.75216 | E107: =(C107-D107)/($AI$3*$AI$4) -> 0.004272566 | F107: =0.0018*$AI$14/($B$84*1.86/1000*$AI$6) -> 0.0044917747 | G107: =IF(E107<F107,"OK","NO") -> OK
A108: 3 | B108: start | C108: =G23 -> 1256.6371 | D108: =L23 -> 615.75216 | E108: =(C108-D108)/($AI$3*$AI$4) -> 0.004272566 | F108: =0.0018*$AI$14/($B$84*1.86/1000*$AI$6) -> 0.0044917747 | G108: =IF(E108<F108,"OK","NO") -> OK
...

Sheet TAGLIO SLV (P3)
A1: TEL. 1 | B1: SEZ. | C1: $A_{sup}$ | H1: $A_{inf}$ | M1: $\rho_{sup}$ | O1: $\rho_{inf}$ | Q1: y | AE1: $\rho_{min}$ | AF1: $\rho_{max}$ | AH1: TRAVE ESTERNA | AL1: b | AM1: h | AN1: d
A2: Camp. | C2: $\phi$ | D2: N$\phi$ | E2: $\phi$ | F2: N$\phi$ | G2: A (mm^2) | H2: $\phi$ | I2: N$\phi$ | J2: $\phi$ | K2: N$\phi$ | L2: A (mm^2) | M2: - | O2: - | Q2: mm | T2: a | U2: b | V2: c | W2: y | X2: $\delta$ | Z2: y1 | AE2: - | AF2: - | AH2: campata 1 | AL2: mm | AM2: mm | AN2: mm
A3: 1 | B3: start | C3: 14 | D3: 2 | E3: 14 | F3: 2 | G3: =(C3^2/4*D3+E3^2/4*F3)*PI() -> 615.75216 | H3: 14 | I3: 2 | J3: 12 | K3: 2 | L3: =(H3^2/4*I3+J3^2/4*K3)*PI() -> 534.07075 | M3: =G3/($AL$3*$AM$3) -> 0.0041050144 | N3: =IF($AE$3<=M3,"OK","NO") -> OK | O3: =L3/($AL$3*$AM$3) -> 0.0035604717 | P3: =IF(O3>$AE$3,"OK","NO") -> OK | Q3: =ABS($AI$6*(G3-L3)/($AI$14*0.8*$AI$3)) -> 7.8338947 | T3: =$AI$3*$AI$14*0.8 -> 4080 | U3: =L3*$AI$15*3.5/1000-G3*$AI$6 -> 151595.5 | V3: =$AI$6,$AI$6,L3*$AI$15*(3.5/1000)*($AI$4-40) -> #VALUE! | W3: =CONCATENATE(T3," y^2 ",IF(U3>0," + "," "),U3," y",IF(V3>0," + "," "),V3, " = 0 ") -> #VALUE! | X3: =U3^2-4*T3*V3 -> #VALUE! | Y3: =IF(X3>0,"2 soluzioni distinte",IF(X3=0,"2 soluzioni coincidenti","nessuna soluzione")) -> #VALUE! | Z3: =IF(X3<0," ",(-U3+SQRT(X3))/(2*T3)) -> #VALUE! | AA3: =IF(X3<0," ",(-U3-SQRT(X3))/(2*T3)) -> #VALUE! | AE3: =1.4/$AI$5 -> 0.0031111111 | AF3: =3.5/$AI$5 -> 0.0077777778 | AH3: b | AI3: =300 -> 300 | AJ3: mm | AL3: 300 | AM3: 500 | AN3: =AM3-40 -> 460
B4: end | C4: 18 | D4: 2 | E4: 18 | F4: 2 | G4: =(C4^2/4*D4+E4^2/4*F4)*PI() -> 1017.876 | H4: 14 | I4: 2 | J4: 12 | K4: 2 | L4: =(H4^2/4*I4+J4^2/4*K4)*PI() -> 534.07075 | M4: =G4/($AL$3*$AM$3) -> 0.0067858401 | N4: =IF($AE$3<=M4,"OK","NO") -> OK | O4: =L4/($AL$3*$AM$3) -> 0.0035604717 | P4: =IF(O4>$AE$3,"OK","NO") -> OK | Q4: =ABS($AI$6*(G4-L4)/($AI$14*0.8*$AI$3)) -> 46.400761 | T4: =$AI$3*$AI$14*0.8 -> 4080 | U4: =G4*$AI$15*3.5/1000-L4*$AI$6 -> 539154.67 | V4: =IF($AI$15*(3.5/1000)*(AA4-40)/(AA4)>$AI$6,$AI$6,L4*$AI$15*(3.5/1000)*($AI$4-40)) -> 0 | W4: =CONCATENATE(T4," y^2 ",IF(U4>0," + "," "),U4," y",IF(V4>0," + "," "),V4, " = 0 ") -> #VALUE! | X4: =U4^2-4*T4*V4 -> #VALUE! | Y4: =IF(X4>0,"2 soluzioni distinte",IF(X4=0,"2 soluzioni coincidenti","nessuna soluzione")) -> #VALUE! | Z4: =IF(X4<0," ",(-U4+SQRT(X4))/(2*T4)) -> #VALUE! | AA4: =IF(X4<0," ",(-U4-SQRT(X4))/(2*T4)) -> #VALUE! | AH4: h | AI4: 500 | AJ4: mm
A5: 2 | B5: start | C5: 18 | D5: 2 | E5: 18 | F5: 2 | G5: =(C5^2/4*D5+E5^2/4*F5)*PI() -> 1017.876 | H5: 14 | I5: 2 | J5: 14 | K5: 2 | L5: =(H5^2/4*I5+J5^2/4*K5)*PI() -> 615.75216 | M5: =G5/($AL$3*$AM$3) -> 0.0067858401 | N5: =IF($AE$3<=M5,"OK","NO") -> OK | O5: =L5/($AL$3*$AM$3) -> 0.0041050144 | P5: =IF(O5>$AE$3,"OK","NO") -> OK | Q5: =ABS($AI$6*(G5-L5)/($AI$14*0.8*$AI$3)) -> 38.566866 | T5: =$AI$3*$AI$14*0.8 -> 4080 | U5: =L5*$AI$15*3.5/1000-G5*$AI$6 -> 54278.526 | V5: =IF($AI$15*(3.5/1000)*(AA5-40)/(AA5)>$AI$6,$AI$6,L5*$AI$15*(3.5/1000)*($AI$4-40)) -> 0 | W5: =CONCATENATE(T5," y^2 ",IF(U5>0," + "," "),U5," y",IF(V5>0," + "," "),V5, " = 0 ") -> #VALUE! | X5: =U5^2-4*T5*V5 -> #VALUE! | Y5: =IF(X5>0,"2 soluzioni distinte",IF(X5=0,"2 soluzioni coincidenti","nessuna soluzione")) -> #VALUE! | Z5: =IF(X5<0," ",(-U5+SQRT(X5))/(2*T5)) -> #VALUE! | AA5: =IF(X5<0," ",(-U5-SQRT(X5))/(2*T5)) -> #VALUE! | AH5: $f_{yk}$ | AI5: =450 -> 450 | AJ5: N/mm^2 | AL5: 300 | AM5: 500 | AN5: =AM5-40 -> 460
B6: end | C6: 18 | D6: 2 | E6: 18 | F6: 2 | G6: =(C6^2/4*D6+E6^2/4*F6)*PI() -> 1017.876 | H6: 14 | I6: 2 | J6: 14 | K6: 2 | L6: =(H6^2/4*I6+J6^2/4*K6)*PI() -> 615.75216 | M6: =G6/($AL$3*$AM$3) -> 0.0067858401 | N6: =IF($AE$3<=M6,"OK","NO") -> OK | O6: =L6/($AL$3*$AM$3) -> 0.0041050144 | P6: =IF(O6>$AE$3,"OK","NO") -> OK | Q6: =ABS($AI$6*(G6-L6)/($AI$14*0.8*$AI$3)) -> 38.566866 | T6: =$AI$3*$AI$14*0.8 -> 4080 | U6: =G6*$AI$15*3.5/1000-L6*$AI$6 -> 507192.38 | V6: =IF($AI$15*(3.5/1000)*(AA6-40)/(AA6)>$AI$6,$AI$6,L6*$AI$15*(3.5/1000)*($AI$4-40)) -> 0 | W6: =CONCATENATE(T6," y^2 ",IF(U6>0," + "," "),U6," y",IF(V6>0," + "," "),V6, " = 0 ") -> #VALUE! | X6: =U6^2-4*T6*V6 -> #VALUE! | Y6: =IF(X6>0,"2 soluzioni distinte",IF(X6=0,"2 soluzioni coincidenti","nessuna soluzione")) -> #VALUE! | Z6: =IF(X6<0," ",(-U6+SQRT(X6))/(2*T6)) -> #VALUE! | AA6: =IF(X6<0," ",(-U6-SQRT(X6))/(2*T6)) -> #VALUE! | AH6: $f_{yd}$ | AI6: =AI5/1.15 -> 391.30435
A7: 3 | B7: start | C7: 18 | D7: 2 | E7: 18 | F7: 2 | G7: =(C7^2/4*D7+E7^2/4*F7)*PI() -> 1017.876 | H7: 14 | I7: 2 | J7: 12 | K7: 2 | L7: =(H7^2/4*I7+J7^2/4*K7)*PI() -> 534.07075 | M7: =G7/($AL$3*$AM$3) -> 0.0067858401 | N7: =IF($AE$3<=M7,"OK","NO") -> OK | O7: =L7/($AL$3*$AM$3) -> 0.0035604717 | P7: =IF(O7>$AE$3,"OK","NO") -> OK | Q7: =ABS($AI$6*(G7-L7)/($AI$14*0.8*$AI$3)) -> 46.400761 | T7: =$AI$3*$AI$14*0.8 -> 4080 | U7: =L7*$AI$15*3.5/1000-G7*$AI$6 -> -5757.31 | V7: =IF($AI$15*(3.5/1000)*(AA7-40)/(AA7)>$AI$6,$AI$6,L7*$AI$15*(3.5/1000)*($AI$4-40)) -> 0 | W7: =CONCATENATE(T7," y^2 ",IF(U7>0," + "," "),U7," y",IF(V7>0," + "," "),V7, " = 0 ") -> #VALUE! | X7: =U7^2-4*T7*V7 -> #VALUE! | Y7: =IF(X7>0,"2 soluzioni distinte",IF(X7=0,"2 soluzioni coincidenti","nessuna soluzione")) -> #VALUE! | Z7: =IF(X7<0," ",(-U7+SQRT(X7))/(2*T7)) -> #VALUE! | AA7: =IF(X7<0," ",(-U7-SQRT(X7))/(2*T7)) -> #VALUE! | AH7: $A_s$ | AI7: =1.4/AI5*AI3*AI4 -> 466.66667 | AJ7: mm^2 | AL7: 300 | AM7: 500 | AN7: =AM7-40 -> 460
B8: end | C8: 14 | D8: 2 | E8: 14 | F8: 2 | G8: =(C8^2/4*D8+E8^2/4*F8)*PI() -> 615.75216 | H8: 14 | I8: 2 | J8: 12 | K8: 2 | L8: =(H8^2/4*I8+J8^2/4*K8)*PI() -> 534.07075 | M8: =G8/($AL$3*$AM$3) -> 0.0041050144 | N8: =IF($AE$3<=M8,"OK","NO") -> OK | O8: =L8/($AL$3*$AM$3) -> 0.0035604717 | P8: =IF(O8>$AE$3,"OK","NO") -> OK | Q8: =ABS($AI$6*(G8-L8)/($AI$14*0.8*$AI$3)) -> 7.8338947 | T8: =$AI$3*$AI$14*0.8 -> 4080 | U8: =G8*$AI$15*3.5/1000-L8*$AI$6 -> 243593.63 | V8: =IF($AI$15*(3.5/1000)*(AA8-40)/(AA8)>$AI$6,$AI$6,L8*$AI$15*(3.5/1000)*($AI$4-40)) -> 0 | W8: =CONCATENATE(T8," y^2 ",IF(U8>0," + "," "),U8," y",IF(V8>0," + "," "),V8, " = 0 ") -> #VALUE! | X8: =U8^2-4*T8*V8 -> #VALUE! | Y8: =IF(X8>0,"2 soluzioni distinte",IF(X8=0,"2 soluzioni coincidenti","nessuna soluzione")) -> #VALUE! | Z8: =IF(X8<0," ",(-U8+SQRT(X8))/(2*T8)) -> #VALUE! | AA8: =IF(X8<0," ",(-U8-SQRT(X8))/(2*T8)) -> #VALUE! | AH8: $A_s-A_s^{comp}$ | AI8: =3.5/AI5*AI3*AI4 -> 1166.6667 | AJ8: mm^2
A9: TEL.2 | B9: sezione | C9: $A_{sup}$ | H9: $A_{inf}$ | M9: $\rho_{sup}$ | O9: $\rho_{inf}$ | Q9: y | AH9: $\rho_{min}$ | AI9: =AI7/(AI4*AI3) -> 0.0031111111 | AL9: b | AM9: h | AN9: d
A10: Camp. | C10: $\phi$ | D10: N$\phi$ | E10: $\phi$ | F10: N$\phi$ | G10: A (mm^2) | H10: $\phi$ | I10: N$\phi$ | J10: $\phi$ | K10: N$\phi$ | L10: A (mm^2) | M10: - | O10: - | Q10: mm | AH10: $\rho_{comp}$ | AI10: =0.25*AI9 -> 0.00077777778 | AL10: mm | AM10: mm | AN10: mm
A11: 1 | B11: start | C11: 14 | D11: 2 | E11: 14 | F11: 2 | G11: =(C11^2/4*D11+E11^2/4*F11)*PI() -> 615.75216 | H11: 14 | I11: 2 | J11: 12 | K11: 2 | L11: =(H11^2/4*I11+J11^2/4*K11)*PI() -> 534.07075 | M11: =G11/($AL$3*$AM$3) -> 0.0041050144 | N11: =IF($AE$3<=M11,"OK","NO") -> OK | O11: =L11/($AL$3*$AM$3) -> 0.0035604717 | P11: =IF(O11>$AE$3,"OK","NO") -> OK | Q11: =ABS($AI$6*(G11-L11)/($AI$14*0.8*$AI$3)) -> 7.8338947 | AH11: $\rho_{comp}$ | AI11: =0.5*AI9 -> 0.0015555556 | AJ11: Nelle zone dissipative | AL11: 300 | AM11: 500 | AN11: =AM11-40 -> 460
B12: end | C12: 18 | D12: 2 | E12: 18 | F12: 2 | G12: =(C12^2/4*D12+E12^2/4*F12)*PI() -> 1017.876 | H12: 14 | I12: 2 | J12: 12 | K12: 2 | L12: =(H12^2/4*I12+J12^2/4*K12)*PI() -> 534.07075 | M12: =G12/($AL$3*$AM$3) -> 0.0067858401 | N12: =IF($AE$3<=M12,"OK","NO") -> OK | O12: =L12/($AL$3*$AM$3) -> 0.0035604717 | P12: =IF(O12>$AE$3,"OK","NO") -> OK | Q12: =ABS($AI$6*(G12-L12)/($AI$14*0.8*$AI$3)) -> 46.400761
A13: 2 | B13: start | C13: 18 | D13: 2 | E13: 18 | F13: 2 | G13: =(C13^2/4*D13+E13^2/4*F13)*PI() -> 1017.876 | H13: 14 | I13: 2 | J13: 14 | K13: 2 | L13: =(H13^2/4*I13+J13^2/4*K13)*PI() -> 615.75216 | M13: =G13/($AL$3*$AM$3) -> 0.0067858401 | N13: =IF($AE$3<=M13,"OK","NO") -> OK | O13: =L13/($AL$3*$AM$3) -> 0.0041050144 | P13: =IF(O13>$AE$3,"OK","NO") -> OK | Q13: =ABS($AI$6*(G13-L13)/($AI$14*0.8*$AI$3)) -> 38.566866 | AI13: =269*1000^2/(0.9*AN3*391) -> 1661.7863 | AL13: 300 | AM13: 500 | AN13: =AM13-40 -> 460
B14: end | C14: 18 | D14: 2 | E14: 18 | F14: 2 | G14: =(C14^2/4*D14+E14^2/4*F14)*PI() -> 1017.876 | H14: 14 | I14: 2 | J14: 14 | K14: 2 | L14: =(H14^2/4*I14+J14^2/4*K14)*PI() -> 615.75216 | M14: =G14/($AL$3*$AM$3) -> 0.0067858401 | N14: =IF($AE$3<=M14,"OK","NO") -> OK | O14: =L14/($AL$3*$AM$3) -> 0.0041050144 | P14: =IF(O14>$AE$3,"OK","NO") -> OK | Q14: =ABS($AI$6*(G14-L14)/($AI$14*0.8*$AI$3)) -> 38.566866 | AH14: fcd | AI14: =0.85*30/1.5 -> 17
A15: 3 | B15: start | C15: 18 | D15: 2 | E15: 18 | F15: 2 | G15: =(C15^2/4*D15+E15^2/4*F15)*PI() -> 1017.876 | H15: 14 | I15: 2 | J15: 12 | K15: 2 | L15: =(H15^2/4*I15+J15^2/4*K15)*PI() -> 534.07075 | M15: =G15/($AL$3*$AM$3) -> 0.0067858401 | N15: =IF($AE$3<=M15,"OK","NO") -> OK | O15: =L15/($AL$3*$AM$3) -> 0.0035604717 | P15: =IF(O15>$AE$3,"OK","NO") -> OK | Q15: =ABS($AI$6*(G15-L15)/($AI$14*0.8*$AI$3)) -> 46.400761 | AH15: Es | AI15: 210000 | AL15: 300 | AM15: 500 | AN15: =AM15-40 -> 460
B16: end | C16: 14 | D16: 2 | E16: 14 | F16: 2 | G16: =(C16^2/4*D16+E16^2/4*F16)*PI() -> 615.75216 | H16: 14 | I16: 2 | J16: 12 | K16: 2 | L16: =(H16^2/4*I16+J16^2/4*K16)*PI() -> 534.07075 | M16: =G16/($AL$3*$AM$3) -> 0.0041050144 | N16: =IF($AE$3<=M16,"OK","NO") -> OK | O16: =L16/($AL$3*$AM$3) -> 0.0035604717 | P16: =IF(O16>$AE$3,"OK","NO") -> OK | Q16: =ABS($AI$6*(G16-L16)/($AI$14*0.8*$AI$3)) -> 7.8338947
A17: TEL. 3 | B17: sezione | C17: $A_{sup}$ | H17: $A_{inf}$ | M17: $\rho_{sup}$ | O17: $\rho_{inf}$ | Q17: y | AL17: b | AM17: h | AN17: d
A18: Camp. | C18: $\phi$ | D18: N$\phi$ | E18: $\phi$ | F18: N$\phi$ | G18: A (mm^2) | H18: $\phi$ | I18: N$\phi$ | J18: $\phi$ | K18: N$\phi$ | L18: A (mm^2) | M18: - | O18: - | Q18: mm | AL18: mm | AM18: mm | AN18: mm
A19: 1 | B19: start | C19: 18 | D19: 2 | E19: 12 | F19: 2 | G19: =(C19^2/4*D19+E19^2/4*F19)*PI() -> 735.13268 | H19: 14 | I19: 2 | J19: 12 | K19: 2 | L19: =(H19^2/4*I19+J19^2/4*K19)*PI() -> 534.07075 | M19: =G19/($AL$3*$AM$3) -> 0.0049008845 | N19: =IF($AE$3<=M19,"OK","NO") -> OK | O19: =L19/($AL$3*$AM$3) -> 0.0035604717 | P19: =IF(O19>$AE$3,"OK","NO") -> OK | Q19: =ABS($AI$6*(G19-L19)/($AI$14*0.8*$AI$3)) -> 19.283433 | AL19: 300 | AM19: 500 | AN19: =AM19-40 -> 460
B20: end | C20: 20 | D20: 2 | E20: 18 | F20: 2 | G20: =(C20^2/4*D20+E20^2/4*F20)*PI() -> 1137.2565 | H20: 14 | I20: 2 | J20: 12 | K20: 2 | L20: =(H20^2/4*I20+J20^2/4*K20)*PI() -> 534.07075 | M20: =G20/($AL$3*$AM$3) -> 0.0075817103 | N20: =IF($AE$3<=M20,"OK","NO") -> OK | O20: =L20/($AL$3*$AM$3) -> 0.0035604717 | P20: =IF(O20>$AE$3,"OK","NO") -> OK | Q20: =ABS($AI$6*(G20-L20)/($AI$14*0.8*$AI$3)) -> 57.8503
A21: 2 | B21: start | C21: 20 | D21: 2 | E21: 18 | F21: 2 | G21: =(C21^2/4*D21+E21^2/4*F21)*PI() -> 1137.2565 | H21: 14 | I21: 2 | J21: 14 | K21: 2 | L21: =(H21^2/4*I21+J21^2/4*K21)*PI() -> 615.75216 | M21: =G21/($AL$3*$AM$3) -> 0.0075817103 | N21: =IF($AE$3<=M21,"OK","NO") -> OK | O21: =L21/($AL$3*$AM$3) -> 0.0041050144 | P21: =IF(O21>$AE$3,"OK","NO") -> OK | Q21: =ABS($AI$6*(G21-L21)/($AI$14*0.8*$AI$3)) -> 50.016405 | AL21: 300 | AM21: 500 | AN21: =AM21-40 -> 460
B22: end | C22: 20 | D22: 2 | E22: 18 | F22: 2 | G22: =(C22^2/4*D22+E22^2/4*F22)*PI() -> 1137.2565 | H22: 14 | I22: 2 | J22: 14 | K22: 2 | L22: =(H22^2/4*I22+J22^2/4*K22)*PI() -> 615.75216 | M22: =G22/($AL$3*$AM$3) -> 0.0075817103 | N22: =IF($AE$3<=M22,"OK","NO") -> OK | O22: =L22/($AL$3*$AM$3) -> 0.0041050144 | P22: =IF(O22>$AE$3,"OK","NO") -> OK | Q22: =ABS($AI$6*(G22-L22)/($AI$14*0.8*$AI$3)) -> 50.016405
A23: 3 | B23: start | C23: 20 | D23: 2 | E23: 18 | F23: 2 | G23: =(C23^2/4*D23+E23^2/4*F23)*PI() -> 1137.2565 | H23: 14 | I23: 2 | J23: 12 | K23: 2 | L23: =(H23^2/4*I23+J23^2/4*K23)*PI() -> 534.07075 | M23: =G23/($AL$3*$AM$3) -> 0.0075817103 | N23: =IF($AE$3<=M23,"OK","NO") -> OK | O23: =L23/($AL$3*$AM$3) -> 0.0035604717 | P23: =IF(O23>$AE$3,"OK","NO") -> OK | Q23: =ABS($AI$6*(G23-L23)/($AI$14*0.8*$AI$3)) -> 57.8503 | AL23: 300 | AM23: 500 | AN23: =AM23-40 -> 460
B24: end | C24: 20 | D24: 2 | E24: 14 | F24: 2 | G24: =(C24^2/4*D24+E24^2/4*F24)*PI() -> 936.19461 | H24: 14 | I24: 2 | J24: 12 | K24: 2 | L24: =(H24^2/4*I24+J24^2/4*K24)*PI() -> 534.07075 | M24: =G24/($AL$3*$AM$3) -> 0.0062412974 | N24: =IF($AE$3<=M24,"OK","NO") -> OK | O24: =L24/($AL$3*$AM$3) -> 0.0035604717 | P24: =IF(O24>$AE$3,"OK","NO") -> OK | Q24: =ABS($AI$6*(G24-L24)/($AI$14*0.8*$AI$3)) -> 38.566866
A26: CALCOLO TAGLIO SOLLECITANTE IN Capacity design
A28: TEL. 1 | B28: SEZ. | C28: Mu+ | D28: Mu- | E28: carico distr. (sisma) | F28: L | G28: V+ | H28: V-
A29: Camp. | C29: KNm | D29: KNm | E29: KN/m | F29: m | G29: KN | H29: KN
A30: 1 | B30: start | C30: =(G3*$AI$6*($AI$4-40-0.8*Q3/2)+L3*$AI$6*(0.8*Q3/2-40))/1000^2 -> 102.37586 | D30: =-(L3*$AI$6*($AI$4-40-0.8*Q3/2)+G3*$AI$6*(0.8*Q3/2-40))/1000^2 -> -86.595031 | E30: =7.297*2+7.78 -> 22.374 | F30: 4 | G30: =$E30*$F30/2+($C30+$C31)/$F30*1.1 -> 95.922853 | H30: =$E30*$F30/2+($D30+$D31)/$F30*1.1 -> -26.18539
B31: end | C31: =(L4*$AI$6*($AI$4-40-0.8*Q4/2)+G4*$AI$6*(0.8*Q4/2-40))/1000^2 -> 83.714509 | D31: =-(G4*$AI$6*($AI$4-40-0.8*Q4/2)+L4*$AI$6*(0.8*Q4/2-40))/1000^2 -> -171.34457 | E31: =7.297*2+7.78 -> 22.374 | F31: 4 | G31: =-$E31*$F31/2+($C30+$C31)/$F31*1.1 -> 6.4268527 | H31: =-$E31*$F31/2+($D30+$D31)/$F31*1.1 -> -115.68139
A32: 2 | B32: start | C32: =(G5*$AI$6*($AI$4-40-0.8*Q5/2)+L5*$AI$6*(0.8*Q5/2-40))/1000^2 -> 171.15238 | D32: =-(L5*$AI$6*($AI$4-40-0.8*Q5/2)+G5*$AI$6*(0.8*Q5/2-40))/1000^2 -> -97.330858 | E32: =7.297*2+7.78 -> 22.374 | F32: 5.5 | G32: =$E32*$F32/2+($C32+$C33)/$F32*1.1 -> 115.22515 | H32: =$E32*$F32/2+($D32+$D33)/$F32*1.1 -> 7.831852
B33: end | C33: =(L6*$AI$6*($AI$4-40-0.8*Q6/2)+G6*$AI$6*(0.8*Q6/2-40))/1000^2 -> 97.330858 | D33: =-(G6*$AI$6*($AI$4-40-0.8*Q6/2)+L6*$AI$6*(0.8*Q6/2-40))/1000^2 -> -171.15238 | E33: =7.297*2+7.78 -> 22.374 | F33: 5.5 | G33: =-$E33*$F33/2+($C32+$C33)/$F33*1.1 -> -7.831852 | H33: =-$E33*$F33/2+($D32+$D33)/$F33*1.1 -> -115.22515
A34: 3 | B34: start | C34: =(G7*$AI$6*($AI$4-40-0.8*Q7/2)+L7*$AI$6*(0.8*Q7/2-40))/1000^2 -> 171.34457 | D34: =-(L7*$AI$6*($AI$4-40-0.8*Q7/2)+G7*$AI$6*(0.8*Q7/2-40))/1000^2 -> -83.714509 | E34: =7.297*2+7.78 -> 22.374 | F34: 4 | G34: =$E34*$F34/2+($C34+$C35)/$F34*1.1 -> 115.68139 | H34: =$E34*$F34/2+($D34+$D35)/$F34*1.1 -> -6.4268527
B35: end | C35: =(L8*$AI$6*($AI$4-40-0.8*Q8/2)+G8*$AI$6*(0.8*Q8/2-40))/1000^2 -> 86.595031 | D35: =-(G8*$AI$6*($AI$4-40-0.8*Q8/2)+L8*$AI$6*(0.8*Q8/2-40))/1000^2 -> -102.37586 | E35: =7.297*2+7.78 -> 22.374 | F35: 4 | G35: =-$E35*$F35/2+($C34+$C35)/$F35*1.1 -> 26.18539 | H35: =-$E35*$F35/2+($D34+$D35)/$F35*1.1 -> -95.922853
A36: TEL.2 | B36: SEZ. | C36: Mu+ | D36: Mu- | E36: carico distr. (sisma) | F36: L | G36: V+ | H36: V-
A37: Camp. | C37: KNm | D37: KNm | E37: KN/m | F37: m | G37: KN | H37: KN
A38: 1 | B38: start | C38: =(G11*$AI$6*($AI$4-40-0.8*Q11/2)+L11*$AI$6*(0.8*Q11/2-40))/1000^2 -> 102.37586 | D38: =-(L11*$AI$6*($AI$4-40-0.8*Q11/2)+G11*$AI$6*(0.8*Q11/2-40))/1000^2 -> -86.595031 | E38: =7.297*4 -> 29.188 | F38: 4 | G38: =$E38*$F38/2+($C38+$C39)/$F38*1.1 -> 109.55085 | H38: =$E38*$F38/2+($D38+$D39)/$F38*1.1 -> -12.55739
B39: end | C39: =(L12*$AI$6*($AI$4-40-0.8*Q12/2)+G12*$AI$6*(0.8*Q12/2-40))/1000^2 -> 83.714509 | D39: =-(G12*$AI$6*($AI$4-40-0.8*Q12/2)+L12*$AI$6*(0.8*Q12/2-40))/1000^2 -> -171.34457 | E39: =7.297*4 -> 29.188 | F39: 4 | G39: =-$E39*$F39/2+($C38+$C39)/$F39*1.1 -> -7.2011473 | H39: =-$E39*$F39/2+($D38+$D39)/$F39*1.1 -> -129.30939 | K39: -107.11371
A40: 2 | B40: start | C40: =(G13*$AI$6*($AI$4-40-0.8*Q13/2)+L13*$AI$6*(0.8*Q13/2-40))/1000^2 -> 171.15238 | D40: =-(L13*$AI$6*($AI$4-40-0.8*Q13/2)+G13*$AI$6*(0.8*Q13/2-40))/1000^2 -> -97.330858 | E40: =7.297*4 -> 29.188 | F40: 5.5 | G40: =$E40*$F40/2+($C40+$C41)/$F40*1.1 -> 133.96365 | H40: =$E40*$F40/2+($D40+$D41)/$F40*1.1 -> 26.570352
B41: end | C41: =(L14*$AI$6*($AI$4-40-0.8*Q14/2)+G14*$AI$6*(0.8*Q14/2-40))/1000^2 -> 97.330858 | D41: =-(G14*$AI$6*($AI$4-40-0.8*Q14/2)+L14*$AI$6*(0.8*Q14/2-40))/1000^2 -> -171.15238 | E41: =7.297*4 -> 29.188 | F41: 5.5 | G41: =-$E41*$F41/2+($C40+$C41)/$F41*1.1 -> -26.570352 | H41: =-$E41*$F41/2+($D40+$D41)/$F41*1.1 -> -133.96365
A42: 3 | B42: start | C42: =(G15*$AI$6*($AI$4-40-0.8*Q15/2)+L15*$AI$6*(0.8*Q15/2-40))/1000^2 -> 171.34457 | D42: =-(L15*$AI$6*($AI$4-40-0.8*Q15/2)+G15*$AI$6*(0.8*Q15/2-40))/1000^2 -> -83.714509 | E42: =7.297*4 -> 29.188 | F42: 4 | G42: =$E42*$F42/2+($C42+$C43)/$F42*1.1 -> 129.30939 | H42: =$E42*$F42/2+($D42+$D43)/$F42*1.1 -> 7.2011473
B43: end | C43: =(L16*$AI$6*($AI$4-40-0.8*Q16/2)+G16*$AI$6*(0.8*Q16/2-40))/1000^2 -> 86.595031 | D43: =-(G16*$AI$6*($AI$4-40-0.8*Q16/2)+L16*$AI$6*(0.8*Q16/2-40))/1000^2 -> -102.37586 | E43: =7.297*4 -> 29.188 | F43: 4 | G43: =-$E43*$F43/2+($C42+$C43)/$F43*1.1 -> 12.55739 | H43: =-$E43*$F43/2+($D42+$D43)/$F43*1.1 -> -109.55085
A44: TEL. 3 | B44: SEZ. | C44: Mu+ | D44: Mu- | E44: carico distr. (sisma) | F44: L | G44: V+ | H44: V-
A45: Camp. | C45: KNm | D45: KNm | E45: KN/m | F45: m | G45: KN | H45: KN
A46: 1 | B46: start | C46: =(G19*$AI$6*($AI$4-40-0.8*Q19/2)+L19*$AI$6*(0.8*Q19/2-40))/1000^2 -> 123.35765 | D46: =-(L19*$AI$6*($AI$4-40-0.8*Q19/2)+G19*$AI$6*(0.8*Q19/2-40))/1000^2 -> -85.233171 | E46: =7.297*4.75 -> 34.66075 | F46: 4 | G46: =$E46*$F46/2+($C46+$C47)/$F46*1.1 -> 126.28819 | H46: =$E46*$F46/2+($D46+$D47)/$F46*1.1 -> -6.6110148
B47: end | C47: =(L20*$AI$6*($AI$4-40-0.8*Q20/2)+G20*$AI$6*(0.8*Q20/2-40))/1000^2 -> 83.793943 | D47: =-(G20*$AI$6*($AI$4-40-0.8*Q20/2)+L20*$AI$6*(0.8*Q20/2-40))/1000^2 -> -190.88506 | E47: =7.297*4.75 -> 34.66075 | F47: 4 | G47: =-$E47*$F47/2+($C46+$C47)/$F47*1.1 -> -12.354811 | H47: =-$E47*$F47/2+($D46+$D47)/$F47*1.1 -> -145.25401
A48: 2 | B48: start | C48: =(G21*$AI$6*($AI$4-40-0.8*Q21/2)+L21*$AI$6*(0.8*Q21/2-40))/1000^2 -> 190.98564 | D48: =-(L21*$AI$6*($AI$4-40-0.8*Q21/2)+G21*$AI$6*(0.8*Q21/2-40))/1000^2 -> -97.117529 | E48: =7.297*4.75 -> 34.66075 | F48: 5.5 | G48: =$E48*$F48/2+($C48+$C49)/$F48*1.1 -> 152.9377 | H48: =$E48*$F48/2+($D48+$D49)/$F48*1.1 -> 37.696429
B49: end | C49: =(L22*$AI$6*($AI$4-40-0.8*Q22/2)+G22*$AI$6*(0.8*Q22/2-40))/1000^2 -> 97.117529 | D49: =-(G22*$AI$6*($AI$4-40-0.8*Q22/2)+L22*$AI$6*(0.8*Q22/2-40))/1000^2 -> -190.98564 | E49: =7.297*4.75 -> 34.66075 | F49: 5.5 | G49: =-$E49*$F49/2+($C48+$C49)/$F49*1.1 -> -37.696429 | H49: =-$E49*$F49/2+($D48+$D49)/$F49*1.1 -> -152.9377
A50: 3 | B50: start | C50: =(G23*$AI$6*($AI$4-40-0.8*Q23/2)+L23*$AI$6*(0.8*Q23/2-40))/1000^2 -> 190.88506 | D50: =-(L23*$AI$6*($AI$4-40-0.8*Q23/2)+G23*$AI$6*(0.8*Q23/2-40))/1000^2 -> -83.793943 | E50: =7.297*4.75 -> 34.66075 | F50: 4 | G50: =$E50*$F50/2+($C50+$C51)/$F50*1.1 -> 144.88923 | H50: =$E50*$F50/2+($D50+$D51)/$F50*1.1 -> 2.9029054
B51: end | C51: =(L24*$AI$6*($AI$4-40-0.8*Q24/2)+G24*$AI$6*(0.8*Q24/2-40))/1000^2 -> 83.906696 | D51: =-(G24*$AI$6*($AI$4-40-0.8*Q24/2)+L24*$AI$6*(0.8*Q24/2-40))/1000^2 -> -157.72822 | E51: =7.297*4.75 -> 34.66075 | F51: 4 | G51: =-$E51*$F51/2+($C50+$C51)/$F51*1.1 -> 6.2462342 | H51: =-$E51*$F51/2+($D50+$D51)/$F51*1.1 -> -135.74009
A54: VERIFICA A TAGLIO
Q55: ZONE NON CRITICHE
A57: TEL. 1 | B57: SEZ. | C57: Zona critica | D57: Diametro | E57: passo | F57: VRsd | G57: VRcd | H57: VRd | I57: VED | Q57: $\theta$ | R57: $\theta$ | S57: s staffe | T57: $V_{Rsd}$ | U57: $V_{Rcd}$ | V57: $V_{Rd}$
A58: Camp. | C58: mm | D58: mm | E58: mm | F58: KN | G58: KN | H58: KN | I58: KN | L58: verifica passo | Q58: [rad] | R58: [gradi] | S58: mm | T58: KN | U58: KN | V58: KN
A59: 1 | B59: start | C59: =500 -> 500 | D59: 8 | E59: 100 | F59: =(0.9*($AI$4-30)*(2*PI()*D59^2/4)/E59*$AI$6)/1000 -> 166.4006 | G59: =(0.9*($AI$4-30)*$AI$3*0.5*$AI$14*0.5)/1000 -> 539.325 | H59: =MIN(F59:G59) -> 166.4006 | I59: =MAX(ABS(G30),ABS(H30)) -> 95.922853 | J59: =IF(H59>I59,"OK","NO") -> OK | L59: =(500-40)/4 -> 115 | M59: 175 | N59: =8*12 -> 96 | Q59: =ASIN(SQRT(2*D59^2/4*PI()*$AI$6/($AI$3*E59*0.5*$AI$14))) -> 0.4036406 | R59: =DEGREES(Q59) -> 23.126903 | S59: 200 | T59: =(0.9*($AI$4-30)*(2*PI()*8^2/4)/S59*$AI$6)/1000*_xlfn.COT(Q59) -> 194.80686 | U59: =(0.9*($AI$4-30)*$AI$3*0.5*$AI$14)*(_xlfn.COT(Q59))/(1+_xlfn.COT(Q59)^2)/1000 -> 389.61372 | V59: =MIN(T59:U59) -> 194.80686
B60: end | C60: =500 -> 500 | D60: 8 | E60: 100 | F60: =(0.9*($AI$4-30)*(2*PI()*D60^2/4)/E60*$AI$6)/1000 -> 166.4006 | G60: =(0.9*($AI$4-30)*$AI$3*0.5*$AI$14*0.5)/1000 -> 539.325 | H60: =MIN(F60:G60) -> 166.4006 | I60: =MAX(ABS(G31),ABS(H31)) -> 115.68139 | J60: =IF(H60>I60,"OK","NO") -> OK | N60: =8*E4 -> 144 | Q60: =ASIN(SQRT(2*D60^2/4*PI()*$AI$6/($AI$3*E60*0.5*$AI$14))) -> 0.4036406 | R60: =DEGREES(Q60) -> 23.126903 | S60: 200 | T60: =(0.9*($AI$4-30)*(2*PI()*8^2/4)/S60*$AI$6)/1000*_xlfn.COT(Q60) -> 194.80686 | U60: =(0.9*($AI$4-30)*$AI$3*0.5*$AI$14)*(_xlfn.COT(Q60))/(1+_xlfn.COT(Q60)^2)/1000 -> 389.61372 | V60: =MIN(T60:U60) -> 194.80686
A61: 2 | B61: start | C61: =500 -> 500 | D61: 8 | E61: 100 | F61: =(0.9*($AI$4-30)*(2*PI()*D61^2/4)/E61*$AI$6)/1000 -> 166.4006 | G61: =(0.9*($AI$4-30)*$AI$3*0.5*$AI$14*0.5)/1000 -> 539.325 | H61: =MIN(F61:G61) -> 166.4006 | I61: =MAX(ABS(G32),ABS(H32)) -> 115.22515 | J61: =IF(H61>I61,"OK","NO") -> OK | N61: =8*E5 -> 144 | Q61: =ASIN(SQRT(2*D61^2/4*PI()*$AI$6/($AI$3*E61*0.5*$AI$14))) -> 0.4036406 | R61: =DEGREES(Q61) -> 23.126903 | S61: 200 | T61: =(0.9*($AI$4-30)*(2*PI()*8^2/4)/S61*$AI$6)/1000*_xlfn.COT(Q61) -> 194.80686 | U61: =(0.9*($AI$4-30)*$AI$3*0.5*$AI$14)*(_xlfn.COT(Q61))/(1+_xlfn.COT(Q61)^2)/1000 -> 389.61372 | V61: =MIN(T61:U61) -> 194.80686
B62: end | C62: =500 -> 500 | D62: 8 | E62: 100 | F62: =(0.9*($AI$4-30)*(2*PI()*D62^2/4)/E62*$AI$6)/1000 -> 166.4006 | G62: =(0.9*($AI$4-30)*$AI$3*0.5*$AI$14*0.5)/1000 -> 539.325 | H62: =MIN(F62:G62) -> 166.4006 | I62: =MAX(ABS(G33),ABS(H33)) -> 115.22515 | J62: =IF(H62>I62,"OK","NO") -> OK | N62: =8*E6 -> 144 | Q62: =ASIN(SQRT(2*D62^2/4*PI()*$AI$6/($AI$3*E62*0.5*$AI$14))) -> 0.4036406 | R62: =DEGREES(Q62) -> 23.126903 | S62: 200 | T62: =(0.9*($AI$4-30)*(2*PI()*8^2/4)/S62*$AI$6)/1000*_xlfn.COT(Q62) -> 194.80686 | U62: =(0.9*($AI$4-30)*$AI$3*0.5*$AI$14)*(_xlfn.COT(Q62))/(1+_xlfn.COT(Q62)^2)/1000 -> 389.61372 | V62: =MIN(T62:U62) -> 194.80686
A63: 3 | B63: start | C63: =500 -> 500 | D63: 8 | E63: 100 | F63: =(0.9*($AI$4-30)*(2*PI()*D63^2/4)/E63*$AI$6)/1000 -> 166.4006 | G63: =(0.9*($AI$4-30)*$AI$3*0.5*$AI$14*0.5)/1000 -> 539.325 | H63: =MIN(F63:G63) -> 166.4006 | I63: =MAX(ABS(G34),ABS(H34)) -> 115.68139 | J63: =IF(H63>I63,"OK","NO") -> OK | N63: =8*E7 -> 144 | Q63: =ASIN(SQRT(2*D63^2/4*PI()*$AI$6/($AI$3*E63*0.5*$AI$14))) -> 0.4036406 | R63: =DEGREES(Q63) -> 23.126903 | S63: 200 | T63: =(0.9*($AI$4-30)*(2*PI()*8^2/4)/S63*$AI$6)/1000*_xlfn.COT(Q63) -> 194.80686 | U63: =(0.9*($AI$4-30)*$AI$3*0.5*$AI$14)*(_xlfn.COT(Q63))/(1+_xlfn.COT(Q63)^2)/1000 -> 389.61372 | V63: =MIN(T63:U63) -> 194.80686
B64: end | C64: =500 -> 500 | D64: 8 | E64: 100 | F64: =(0.9*($AI$4-30)*(2*PI()*D64^2/4)/E64*$AI$6)/1000 -> 166.4006 | G64: =(0.9*($AI$4-30)*$AI$3*0.5*$AI$14*0.5)/1000 -> 539.325 | H64: =MIN(F64:G64) -> 166.4006 | I64: =MAX(ABS(G35),ABS(H35)) -> 95.922853 | J64: =IF(H64>I64,"OK","NO") -> OK | N64: =8*E8 -> 112 | Q64: =ASIN(SQRT(2*D64^2/4*PI()*$AI$6/($AI$3*E64*0.5*$AI$14))) -> 0.4036406 | R64: =DEGREES(Q64) -> 23.126903 | S64: 200 | T64: =(0.9*($AI$4-30)*(2*PI()*8^2/4)/S64*$AI$6)/1000*_xlfn.COT(Q64) -> 194.80686 | U64: =(0.9*($AI$4-30)*$AI$3*0.5*$AI$14)*(_xlfn.COT(Q64))/(1+_xlfn.COT(Q64)^2)/1000 -> 389.61372 | V64: =MIN(T64:U64) -> 194.80686
A65: TEL.2 | B65: SEZ. | C65: Zona critica | D65: Diametro | E65: passo | F65: VRsd | G65: VRcd | H65: VRd | I65: VED
A66: Camp. | C66: mm | D66: mm | E66: mm | F66: KN | G66: KN | H66: KN | I66: KN
A67: 1 | B67: start | C67: =500 -> 500 | D67: 8 | E67: 100 | F67: =(0.9*($AI$4-30)*(2*PI()*D67^2/4)/E67*$AI$6)/1000 -> 166.4006 | G67: =(0.9*($AI$4-30)*$AI$3*0.5*$AI$14*0.5)/1000 -> 539.325 | H67: =MIN(F67:G67) -> 166.4006 | I67: =MAX(ABS(G38),ABS(H38)) -> 109.55085 | J67: =IF(H67>I67,"OK","NO") -> OK | N67: =8*E11 -> 112
B68: end | C68: =500 -> 500 | D68: 8 | E68: 100 | F68: =(0.9*($AI$4-30)*(2*PI()*D68^2/4)/E68*$AI$6)/1000 -> 166.4006 | G68: =(0.9*($AI$4-30)*$AI$3*0.5*$AI$14*0.5)/1000 -> 539.325 | H68: =MIN(F68:G68) -> 166.4006 | I68: =MAX(ABS(G39),ABS(H39)) -> 129.30939 | J68: =IF(H68>I68,"OK","NO") -> OK | N68: =8*E12 -> 144
A69: 2 | B69: start | C69: =500 -> 500 | D69: 8 | E69: 100 | F69: =(0.9*($AI$4-30)*(2*PI()*D69^2/4)/E69*$AI$6)/1000 -> 166.4006 | G69: =(0.9*($AI$4-30)*$AI$3*0.5*$AI$14*0.5)/1000 -> 539.325 | H69: =MIN(F69:G69) -> 166.4006 | I69: =MAX(ABS(G40),ABS(H40)) -> 133.96365 | J69: =IF(H69>I69,"OK","NO") -> OK | N69: =8*E13 -> 144
B70: end | C70: =500 -> 500 | D70: 8 | E70: 100 | F70: =(0.9*($AI$4-30)*(2*PI()*D70^2/4)/E70*$AI$6)/1000 -> 166.4006 | G70: =(0.9*($AI$4-30)*$AI$3*0.5*$AI$14*0.5)/1000 -> 539.325 | H70: =MIN(F70:G70) -> 166.4006 | I70: =MAX(ABS(G41),ABS(H41)) -> 133.96365 | J70: =IF(H70>I70,"OK","NO") -> OK | N70: =8*E14 -> 144
A71: 3 | B71: start | C71: =500 -> 500 | D71: 8 | E71: 100 | F71: =(0.9*($AI$4-30)*(2*PI()*D71^2/4)/E71*$AI$6)/1000 -> 166.4006 | G71: =(0.9*($AI$4-30)*$AI$3*0.5*$AI$14*0.5)/1000 -> 539.325 | H71: =MIN(F71:G71) -> 166.4006 | I71: =MAX(ABS(G42),ABS(H42)) -> 129.30939 | J71: =IF(H71>I71,"OK","NO") -> OK | N71: =8*E15 -> 144
B72: end | C72: =500 -> 500 | D72: 8 | E72: 100 | F72: =(0.9*($AI$4-30)*(2*PI()*D72^2/4)/E72*$AI$6)/1000 -> 166.4006 | G72: =(0.9*($AI$4-30)*$AI$3*0.5*$AI$14*0.5)/1000 -> 539.325 | H72: =MIN(F72:G72) -> 166.4006 | I72: =MAX(ABS(G43),ABS(H43)) -> 109.55085 | J72: =IF(H72>I72,"OK","NO") -> OK | N72: =8*E16 -> 112
A73: TEL. 3 | B73: SEZ. | C73: Zona critica | D73: Diametro | E73: passo | F73: VRsd | G73: VRcd | H73: VRd | I73: VED
A74: Camp. | C74: mm | D74: mm | E74: mm | F74: KN | G74: KN | H74: KN | I74: KN
A75: 1 | B75: start | C75: =500 -> 500 | D75: 8 | E75: 100 | F75: =(0.9*($AI$4-30)*(2*PI()*D75^2/4)/E75*$AI$6)/1000 -> 166.4006 | G75: =(0.9*($AI$4-30)*$AI$3*0.5*$AI$14*0.5)/1000 -> 539.325 | H75: =MIN(F75:G75) -> 166.4006 | I75: =MAX(ABS(G46),ABS(H46)) -> 126.28819 | J75: =IF(H75>I75,"OK","NO") -> OK | N75: =8*E19 -> 96
B76: end | C76: =500 -> 500 | D76: 8 | E76: 100 | F76: =(0.9*($AI$4-30)*(2*PI()*D76^2/4)/E76*$AI$6)/1000 -> 166.4006 | G76: =(0.9*($AI$4-30)*$AI$3*0.5*$AI$14*0.5)/1000 -> 539.325 | H76: =MIN(F76:G76) -> 166.4006 | I76: =MAX(ABS(G47),ABS(H47)) -> 145.25401 | J76: =IF(H76>I76,"OK","NO") -> OK | N76: =8*C20 -> 160
A77: 2 | B77: start | C77: =500 -> 500 | D77: 8 | E77: 100 | F77: =(0.9*($AI$4-30)*(2*PI()*D77^2/4)/E77*$AI$6)/1000 -> 166.4006 | G77: =(0.9*($AI$4-30)*$AI$3*0.5*$AI$14*0.5)/1000 -> 539.325 | H77: =MIN(F77:G77) -> 166.4006 | I77: =MAX(ABS(G48),ABS(H48)) -> 152.9377 | J77: =IF(H77>I77,"OK","NO") -> OK | N77: =8*C21 -> 160
B78: end | C78: =500 -> 500 | D78: 8 | E78: 100 | F78: =(0.9*($AI$4-30)*(2*PI()*D78^2/4)/E78*$AI$6)/1000 -> 166.4006 | G78: =(0.9*($AI$4-30)*$AI$3*0.5*$AI$14*0.5)/1000 -> 539.325 | H78: =MIN(F78:G78) -> 166.4006 | I78: =MAX(ABS(G49),ABS(H49)) -> 152.9377 | J78: =IF(H78>I78,"OK","NO") -> OK | N78: =8*C22 -> 160
A79: 3 | B79: start | C79: =500 -> 500 | D79: 8 | E79: 100 | F79: =(0.9*($AI$4-30)*(2*PI()*D79^2/4)/E79*$AI$6)/1000 -> 166.4006 | G79: =(0.9*($AI$4-30)*$AI$3*0.5*$AI$14*0.5)/1000 -> 539.325 | H79: =MIN(F79:G79) -> 166.4006 | I79: =MAX(ABS(G50),ABS(H50)) -> 144.88923 | J79: =IF(H79>I79,"OK","NO") -> OK | N79: =8*C23 -> 160
B80: end | C80: =500 -> 500 | D80: 8 | E80: 100 | F80: =(0.9*($AI$4-30)*(2*PI()*D80^2/4)/E80*$AI$6)/1000 -> 166.4006 | G80: =(0.9*($AI$4-30)*$AI$3*0.5*$AI$14*0.5)/1000 -> 539.325 | H80: =MIN(F80:G80) -> 166.4006 | I80: =MAX(ABS(G51),ABS(H51)) -> 135.74009 | J80: =IF(H80>I80,"OK","NO") -> OK | N80: =8*E24 -> 112
A83: VERIFICA DI DUTTILITA' EU8
A84: $\mu_{\phi}$ | B84: =1.2*(2*3.9) -> 9.36
A86: TEL. 1 | B86: SEZ. | C86: $A_{sup}$ | D86: $A_{inf}$ | E86: $\rho-\rho'$
A87: Camp. | C87: mm^2 | D87: mm^2 | E87: -
A88: 1 | B88: start | C88: =G3 -> 615.75216 | D88: =L3 -> 534.07075 | E88: =(C88-D88)/($AI$3*$AI$4) -> 0.00054454273 | F88: =0.0018*$AI$14/($B$84*1.86/1000*$AI$6) -> 0.0044917747 | G88: =IF(E88<F88,"OK","NO") -> OK
B89: end | C89: =G4 -> 1017.876 | D89: =L4 -> 534.07075 | E89: =(C89-D89)/($AI$3*$AI$4) -> 0.0032253685 | F89: =0.0018*$AI$14/($B$84*1.86/1000*$AI$6) -> 0.0044917747 | G89: =IF(E89<F89,"OK","NO") -> OK
A90: 2 | B90: start | C90: =G5 -> 1017.876 | D90: =L5 -> 615.75216 | E90: =(C90-D90)/($AI$3*$AI$4) -> 0.0026808257 | F90: =0.0018*$AI$14/($B$84*1.86/1000*$AI$6) -> 0.0044917747 | G90: =IF(E90<F90,"OK","NO") -> OK
B91: end | C91: =G6 -> 1017.876 | D91: =L6 -> 615.75216 | E91: =(C91-D91)/($AI$3*$AI$4) -> 0.0026808257 | F91: =0.0018*$AI$14/($B$84*1.86/1000*$AI$6) -> 0.0044917747 | G91: =IF(E91<F91,"OK","NO") -> OK
A92: 3 | B92: start | C92: =G7 -> 1017.876 | D92: =L7 -> 534.07075 | E92: =(C92-D92)/($AI$3*$AI$4) -> 0.0032253685 | F92: =0.0018*$AI$14/($B$84*1.86/1000*$AI$6) -> 0.0044917747 | G92: =IF(E92<F92,"OK","NO") -> OK
B93: end | C93: =G8 -> 615.75216 | D93: =L8 -> 534.07075 | E93: =(C93-D93)/($AI$3*$AI$4) -> 0.00054454273 | F93: =0.0018*$AI$14/($B$84*1.86/1000*$AI$6) -> 0.0044917747 | G93: =IF(E93<F93,"OK","NO") -> OK
A94: TEL.2 | B94: SEZ. | C94: $A_{sup}$ | D94: $A_{inf}$ | E94: $\rho-\rho'$
A95: Camp. | C95: mm^2 | D95: mm^2 | E95: -
A96: 1 | B96: start | C96: =G11 -> 615.75216 | D96: =L11 -> 534.07075 | E96: =(C96-D96)/($AI$3*$AI$4) -> 0.00054454273 | F96: =0.0018*$AI$14/($B$84*1.86/1000*$AI$6) -> 0.0044917747 | G96: =IF(E96<F96,"OK","NO") -> OK
B97: end | C97: =G12 -> 1017.876 | D97: =L12 -> 534.07075 | E97: =(C97-D97)/($AI$3*$AI$4) -> 0.0032253685 | F97: =0.0018*$AI$14/($B$84*1.86/1000*$AI$6) -> 0.0044917747 | G97: =IF(E97<F97,"OK","NO") -> OK
A98: 2 | B98: start | C98: =G13 -> 1017.876 | D98: =L13 -> 615.75216 | E98: =(C98-D98)/($AI$3*$AI$4) -> 0.0026808257 | F98: =0.0018*$AI$14/($B$84*1.86/1000*$AI$6) -> 0.0044917747 | G98: =IF(E98<F98,"OK","NO") -> OK
B99: end | C99: =G14 -> 1017.876 | D99: =L14 -> 615.75216 | E99: =(C99-D99)/($AI$3*$AI$4) -> 0.0026808257 | F99: =0.0018*$AI$14/($B$84*1.86/1000*$AI$6) -> 0.0044917747 | G99: =IF(E99<F99,"OK","NO") -> OK
A100: 3 | B100: start | C100: =G15 -> 1017.876 | D100: =L15 -> 534.07075 | E100: =(C100-D100)/($AI$3*$AI$4) -> 0.0032253685 | F100: =0.0018*$AI$14/($B$84*1.86/1000*$AI$6) -> 0.0044917747 | G100: =IF(E100<F100,"OK","NO") -> OK
B101: end | C101: =G16 -> 615.75216 | D101: =L16 -> 534.07075 | E101: =(C101-D101)/($AI$3*$AI$4) -> 0.00054454273 | F101: =0.0018*$AI$14/($B$84*1.86/1000*$AI$6) -> 0.0044917747 | G101: =IF(E101<F101,"OK","NO") -> OK
A102: TEL. 3 | B102: SEZ. | C102: $A_{sup}$ | D102: $A_{inf}$ | E102: $\rho-\rho'$
A103: Camp. | C103: mm^2 | D103: mm^2 | E103: -
A104: 1 | B104: start | C104: =G19 -> 735.13268 | D104: =L19 -> 534.07075 | E104: =(C104-D104)/($AI$3*$AI$4) -> 0.0013404129 | F104: =0.0018*$AI$14/($B$84*1.86/1000*$AI$6) -> 0.0044917747 | G104: =IF(E104<F104,"OK","NO") -> OK
B105: end | C105: =G20 -> 1137.2565 | D105: =L20 -> 534.07075 | E105: =(C105-D105)/($AI$3*$AI$4) -> 0.0040212386 | F105: =0.0018*$AI$14/($B$84*1.86/1000*$AI$6) -> 0.0044917747 | G105: =IF(E105<F105,"OK","NO") -> OK
A106: 2 | B106: start | C106: =G21 -> 1137.2565 | D106: =L21 -> 615.75216 | E106: =(C106-D106)/($AI$3*$AI$4) -> 0.0034766959 | F106: =0.0018*$AI$14/($B$84*1.86/1000*$AI$6) -> 0.0044917747 | G106: =IF(E106<F106,"OK","NO") -> OK
B107: end | C107: =G22 -> 1137.2565 | D107: =L22 -> 615.75216 | E107: =(C107-D107)/($AI$3*$AI$4) -> 0.0034766959 | F107: =0.0018*$AI$14/($B$84*1.86/1000*$AI$6) -> 0.0044917747 | G107: =IF(E107<F107,"OK","NO") -> OK
A108: 3 | B108: start | C108: =G23 -> 1137.2565 | D108: =L23 -> 534.07075 | E108: =(C108-D108)/($AI$3*$AI$4) -> 0.0040212386 | F108: =0.0018*$AI$14/($B$84*1.86/1000*$AI$6) -> 0.0044917747 | G108: =IF(E108<F108,"OK","NO") -> OK
...

Sheet TAGLIO SLV (copertura)
A1: TEL. 1 | B1: SEZ. | C1: $A_{sup}$ | H1: $A_{inf}$ | M1: $\rho_{sup}$ | O1: $\rho_{inf}$ | Q1: y | T1: $\rho_{min}$ | U1: $\rho_{max}$ | W1: TRAVE ESTERNA | AA1: b | AB1: h | AC1: d
A2: Camp. | C2: $\phi$ | D2: N$\phi$ | E2: $\phi$ | F2: N$\phi$ | G2: A (mm^2) | H2: $\phi$ | I2: N$\phi$ | J2: $\phi$ | K2: N$\phi$ | L2: A (mm^2) | M2: - | O2: - | Q2: mm | T2: - | U2: - | W2: campata 1 | AA2: mm | AB2: mm | AC2: mm
A3: 1 | B3: start | C3: 14 | D3: 2 | E3: 12 | F3: 2 | G3: =(C3^2/4*D3+E3^2/4*F3)*PI() -> 534.07075 | H3: 14 | I3: 2 | J3: 12 | K3: 2 | L3: =(H3^2/4*I3+J3^2/4*K3)*PI() -> 534.07075 | M3: =G3/($AA$3*$AB$3) -> 0.0035604717 | N3: =IF($T$3<=M3,"OK","NO") -> OK | O3: =L3/($AA$3*$AB$3) -> 0.0035604717 | P3: =IF(O3>$T$3,"OK","NO") -> OK | Q3: =ABS($X$6*(G3-L3)/($X$14*0.8*$X$3)) -> 0 | T3: =1.4/$X$5 -> 0.0031111111 | U3: =3.5/$X$5 -> 0.0077777778 | W3: b | X3: =300 -> 300 | Y3: mm | AA3: 300 | AB3: 500 | AC3: =AB3-40 -> 460
B4: end | C4: 18 | D4: 2 | E4: 12 | F4: 2 | G4: =(C4^2/4*D4+E4^2/4*F4)*PI() -> 735.13268 | H4: 14 | I4: 2 | J4: 12 | K4: 2 | L4: =(H4^2/4*I4+J4^2/4*K4)*PI() -> 534.07075 | M4: =G4/($AA$3*$AB$3) -> 0.0049008845 | N4: =IF($T$3<=M4,"OK","NO") -> OK | O4: =L4/($AA$3*$AB$3) -> 0.0035604717 | P4: =IF(O4>$T$3,"OK","NO") -> OK | Q4: =ABS($X$6*(G4-L4)/($X$14*0.8*$X$3)) -> 19.283433 | W4: h | X4: 500 | Y4: mm
A5: 2 | B5: start | C5: 18 | D5: 2 | E5: 12 | F5: 2 | G5: =(C5^2/4*D5+E5^2/4*F5)*PI() -> 735.13268 | H5: 14 | I5: 2 | J5: 12 | K5: 2 | L5: =(H5^2/4*I5+J5^2/4*K5)*PI() -> 534.07075 | M5: =G5/($AA$3*$AB$3) -> 0.0049008845 | N5: =IF($T$3<=M5,"OK","NO") -> OK | O5: =L5/($AA$3*$AB$3) -> 0.0035604717 | P5: =IF(O5>$T$3,"OK","NO") -> OK | Q5: =ABS($X$6*(G5-L5)/($X$14*0.8*$X$3)) -> 19.283433 | W5: $f_{yk}$ | X5: =450 -> 450 | Y5: N/mm^2 | AA5: 300 | AB5: 500 | AC5: =AB5-40 -> 460
B6: end | C6: 18 | D6: 2 | E6: 12 | F6: 2 | G6: =(C6^2/4*D6+E6^2/4*F6)*PI() -> 735.13268 | H6: 14 | I6: 2 | J6: 12 | K6: 2 | L6: =(H6^2/4*I6+J6^2/4*K6)*PI() -> 534.07075 | M6: =G6/($AA$3*$AB$3) -> 0.0049008845 | N6: =IF($T$3<=M6,"OK","NO") -> OK | O6: =L6/($AA$3*$AB$3) -> 0.0035604717 | P6: =IF(O6>$T$3,"OK","NO") -> OK | Q6: =ABS($X$6*(G6-L6)/($X$14*0.8*$X$3)) -> 19.283433 | W6: $f_{yd}$ | X6: =X5/1.15 -> 391.30435
A7: 3 | B7: start | C7: 18 | D7: 2 | E7: 12 | F7: 2 | G7: =(C7^2/4*D7+E7^2/4*F7)*PI() -> 735.13268 | H7: 14 | I7: 2 | J7: 12 | K7: 2 | L7: =(H7^2/4*I7+J7^2/4*K7)*PI() -> 534.07075 | M7: =G7/($AA$3*$AB$3) -> 0.0049008845 | N7: =IF($T$3<=M7,"OK","NO") -> OK | O7: =L7/($AA$3*$AB$3) -> 0.0035604717 | P7: =IF(O7>$T$3,"OK","NO") -> OK | Q7: =ABS($X$6*(G7-L7)/($X$14*0.8*$X$3)) -> 19.283433 | W7: $A_s$ | X7: =1.4/X5*X3*X4 -> 466.66667 | Y7: mm^2 | AA7: 300 | AB7: 500 | AC7: =AB7-40 -> 460
B8: end | C8: 14 | D8: 2 | E8: 12 | F8: 2 | G8: =(C8^2/4*D8+E8^2/4*F8)*PI() -> 534.07075 | H8: 14 | I8: 2 | J8: 12 | K8: 2 | L8: =(H8^2/4*I8+J8^2/4*K8)*PI() -> 534.07075 | M8: =G8/($AA$3*$AB$3) -> 0.0035604717 | N8: =IF($T$3<=M8,"OK","NO") -> OK | O8: =L8/($AA$3*$AB$3) -> 0.0035604717 | P8: =IF(O8>$T$3,"OK","NO") -> OK | Q8: =ABS($X$6*(G8-L8)/($X$14*0.8*$X$3)) -> 0 | W8: $A_s-A_s^{comp}$ | X8: =3.5/X5*X3*X4 -> 1166.6667 | Y8: mm^2
A9: TEL.2 | B9: sezione | C9: $A_{sup}$ | H9: $A_{inf}$ | M9: $\rho_{sup}$ | O9: $\rho_{inf}$ | Q9: y | W9: $\rho_{min}$ | X9: =X7/(X4*X3) -> 0.0031111111 | AA9: b | AB9: h | AC9: d
A10: Camp. | C10: $\phi$ | D10: N$\phi$ | E10: $\phi$ | F10: N$\phi$ | G10: A (mm^2) | H10: $\phi$ | I10: N$\phi$ | J10: $\phi$ | K10: N$\phi$ | L10: A (mm^2) | M10: - | O10: - | Q10: mm | W10: $\rho_{comp}$ | X10: =0.25*X9 -> 0.00077777778 | AA10: mm | AB10: mm | AC10: mm
A11: 1 | B11: start | C11: 14 | D11: 2 | E11: 12 | F11: 2 | G11: =(C11^2/4*D11+E11^2/4*F11)*PI() -> 534.07075 | H11: 14 | I11: 2 | J11: 12 | K11: 2 | L11: =(H11^2/4*I11+J11^2/4*K11)*PI() -> 534.07075 | M11: =G11/($AA$3*$AB$3) -> 0.0035604717 | N11: =IF($T$3<=M11,"OK","NO") -> OK | O11: =L11/($AA$3*$AB$3) -> 0.0035604717 | P11: =IF(O11>$T$3,"OK","NO") -> OK | Q11: =ABS($X$6*(G11-L11)/($X$14*0.8*$X$3)) -> 0 | W11: $\rho_{comp}$ | X11: =0.5*X9 -> 0.0015555556 | Y11: Nelle zone dissipative | AA11: 300 | AB11: 500 | AC11: =AB11-40 -> 460
B12: end | C12: 18 | D12: 2 | E12: 12 | F12: 2 | G12: =(C12^2/4*D12+E12^2/4*F12)*PI() -> 735.13268 | H12: 14 | I12: 2 | J12: 12 | K12: 2 | L12: =(H12^2/4*I12+J12^2/4*K12)*PI() -> 534.07075 | M12: =G12/($AA$3*$AB$3) -> 0.0049008845 | N12: =IF($T$3<=M12,"OK","NO") -> OK | O12: =L12/($AA$3*$AB$3) -> 0.0035604717 | P12: =IF(O12>$T$3,"OK","NO") -> OK | Q12: =ABS($X$6*(G12-L12)/($X$14*0.8*$X$3)) -> 19.283433
A13: 2 | B13: start | C13: 18 | D13: 2 | E13: 12 | F13: 2 | G13: =(C13^2/4*D13+E13^2/4*F13)*PI() -> 735.13268 | H13: 14 | I13: 2 | J13: 12 | K13: 2 | L13: =(H13^2/4*I13+J13^2/4*K13)*PI() -> 534.07075 | M13: =G13/($AA$3*$AB$3) -> 0.0049008845 | N13: =IF($T$3<=M13,"OK","NO") -> OK | O13: =L13/($AA$3*$AB$3) -> 0.0035604717 | P13: =IF(O13>$T$3,"OK","NO") -> OK | Q13: =ABS($X$6*(G13-L13)/($X$14*0.8*$X$3)) -> 19.283433 | X13: =269*1000^2/(0.9*AC3*391) -> 1661.7863 | AA13: 300 | AB13: 500 | AC13: =AB13-40 -> 460
B14: end | C14: 18 | D14: 2 | E14: 12 | F14: 2 | G14: =(C14^2/4*D14+E14^2/4*F14)*PI() -> 735.13268 | H14: 14 | I14: 2 | J14: 12 | K14: 2 | L14: =(H14^2/4*I14+J14^2/4*K14)*PI() -> 534.07075 | M14: =G14/($AA$3*$AB$3) -> 0.0049008845 | N14: =IF($T$3<=M14,"OK","NO") -> OK | O14: =L14/($AA$3*$AB$3) -> 0.0035604717 | P14: =IF(O14>$T$3,"OK","NO") -> OK | Q14: =ABS($X$6*(G14-L14)/($X$14*0.8*$X$3)) -> 19.283433 | W14: fcd | X14: =0.85*30/1.5 -> 17
A15: 3 | B15: start | C15: 18 | D15: 2 | E15: 12 | F15: 2 | G15: =(C15^2/4*D15+E15^2/4*F15)*PI() -> 735.13268 | H15: 14 | I15: 2 | J15: 12 | K15: 2 | L15: =(H15^2/4*I15+J15^2/4*K15)*PI() -> 534.07075 | M15: =G15/($AA$3*$AB$3) -> 0.0049008845 | N15: =IF($T$3<=M15,"OK","NO") -> OK | O15: =L15/($AA$3*$AB$3) -> 0.0035604717 | P15: =IF(O15>$T$3,"OK","NO") -> OK | Q15: =ABS($X$6*(G15-L15)/($X$14*0.8*$X$3)) -> 19.283433 | AA15: 300 | AB15: 500 | AC15: =AB15-40 -> 460
B16: end | C16: 14 | D16: 2 | E16: 12 | F16: 2 | G16: =(C16^2/4*D16+E16^2/4*F16)*PI() -> 534.07075 | H16: 14 | I16: 2 | J16: 12 | K16: 2 | L16: =(H16^2/4*I16+J16^2/4*K16)*PI() -> 534.07075 | M16: =G16/($AA$3*$AB$3) -> 0.0035604717 | N16: =IF($T$3<=M16,"OK","NO") -> OK | O16: =L16/($AA$3*$AB$3) -> 0.0035604717 | P16: =IF(O16>$T$3,"OK","NO") -> OK | Q16: =ABS($X$6*(G16-L16)/($X$14*0.8*$X$3)) -> 0
A17: TEL. 3 | B17: sezione | C17: $A_{sup}$ | H17: $A_{inf}$ | M17: $\rho_{sup}$ | O17: $\rho_{inf}$ | Q17: y | AA17: b | AB17: h | AC17: d
A18: Camp. | C18: $\phi$ | D18: N$\phi$ | E18: $\phi$ | F18: N$\phi$ | G18: A (mm^2) | H18: $\phi$ | I18: N$\phi$ | J18: $\phi$ | K18: N$\phi$ | L18: A (mm^2) | M18: - | O18: - | Q18: mm | AA18: mm | AB18: mm | AC18: mm
A19: 1 | B19: start | C19: 14 | D19: 2 | E19: 12 | F19: 2 | G19: =(C19^2/4*D19+E19^2/4*F19)*PI() -> 534.07075 | H19: 14 | I19: 2 | J19: 12 | K19: 2 | L19: =(H19^2/4*I19+J19^2/4*K19)*PI() -> 534.07075 | M19: =G19/($AA$3*$AB$3) -> 0.0035604717 | N19: =IF($T$3<=M19,"OK","NO") -> OK | O19: =L19/($AA$3*$AB$3) -> 0.0035604717 | P19: =IF(O19>$T$3,"OK","NO") -> OK | Q19: =ABS($X$6*(G19-L19)/($X$14*0.8*$X$3)) -> 0 | AA19: 300 | AB19: 500 | AC19: =AB19-40 -> 460
B20: end | C20: 18 | D20: 2 | E20: 18 | F20: 2 | G20: =(C20^2/4*D20+E20^2/4*F20)*PI() -> 1017.876 | H20: 14 | I20: 2 | J20: 12 | K20: 2 | L20: =(H20^2/4*I20+J20^2/4*K20)*PI() -> 534.07075 | M20: =G20/($AA$3*$AB$3) -> 0.0067858401 | N20: =IF($T$3<=M20,"OK","NO") -> OK | O20: =L20/($AA$3*$AB$3) -> 0.0035604717 | P20: =IF(O20>$T$3,"OK","NO") -> OK | Q20: =ABS($X$6*(G20-L20)/($X$14*0.8*$X$3)) -> 46.400761
A21: 2 | B21: start | C21: 18 | D21: 2 | E21: 18 | F21: 2 | G21: =(C21^2/4*D21+E21^2/4*F21)*PI() -> 1017.876 | H21: 14 | I21: 2 | J21: 12 | K21: 2 | L21: =(H21^2/4*I21+J21^2/4*K21)*PI() -> 534.07075 | M21: =G21/($AA$3*$AB$3) -> 0.0067858401 | N21: =IF($T$3<=M21,"OK","NO") -> OK | O21: =L21/($AA$3*$AB$3) -> 0.0035604717 | P21: =IF(O21>$T$3,"OK","NO") -> OK | Q21: =ABS($X$6*(G21-L21)/($X$14*0.8*$X$3)) -> 46.400761 | AA21: 300 | AB21: 500 | AC21: =AB21-40 -> 460
B22: end | C22: 18 | D22: 2 | E22: 18 | F22: 2 | G22: =(C22^2/4*D22+E22^2/4*F22)*PI() -> 1017.876 | H22: 14 | I22: 2 | J22: 12 | K22: 2 | L22: =(H22^2/4*I22+J22^2/4*K22)*PI() -> 534.07075 | M22: =G22/($AA$3*$AB$3) -> 0.0067858401 | N22: =IF($T$3<=M22,"OK","NO") -> OK | O22: =L22/($AA$3*$AB$3) -> 0.0035604717 | P22: =IF(O22>$T$3,"OK","NO") -> OK | Q22: =ABS($X$6*(G22-L22)/($X$14*0.8*$X$3)) -> 46.400761
A23: 3 | B23: start | C23: 18 | D23: 2 | E23: 18 | F23: 2 | G23: =(C23^2/4*D23+E23^2/4*F23)*PI() -> 1017.876 | H23: 14 | I23: 2 | J23: 12 | K23: 2 | L23: =(H23^2/4*I23+J23^2/4*K23)*PI() -> 534.07075 | M23: =G23/($AA$3*$AB$3) -> 0.0067858401 | N23: =IF($T$3<=M23,"OK","NO") -> OK | O23: =L23/($AA$3*$AB$3) -> 0.0035604717 | P23: =IF(O23>$T$3,"OK","NO") -> OK | Q23: =ABS($X$6*(G23-L23)/($X$14*0.8*$X$3)) -> 46.400761 | AA23: 300 | AB23: 500 | AC23: =AB23-40 -> 460
B24: end | C24: 14 | D24: 2 | E24: 12 | F24: 2 | G24: =(C24^2/4*D24+E24^2/4*F24)*PI() -> 534.07075 | H24: 14 | I24: 2 | J24: 12 | K24: 2 | L24: =(H24^2/4*I24+J24^2/4*K24)*PI() -> 534.07075 | M24: =G24/($AA$3*$AB$3) -> 0.0035604717 | N24: =IF($T$3<=M24,"OK","NO") -> OK | O24: =L24/($AA$3*$AB$3) -> 0.0035604717 | P24: =IF(O24>$T$3,"OK","NO") -> OK | Q24: =ABS($X$6*(G24-L24)/($X$14*0.8*$X$3)) -> 0
A26: CALCOLO TAGLIO SOLLECITANTE IN Capacity design
A28: TEL. 1 | B28: SEZ. | C28: Mu+ | D28: Mu- | E28: carico distr. (sisma) | F28: L | G28: V+ | H28: V-
A29: Camp. | C29: KNm | D29: KNm | E29: KN/m | F29: m | G29: KN | H29: KN | K29: 96.122054
A30: 1 | B30: start | C30: =(G3*$X$6*($X$4-40-0.8*Q3/2)+L3*(0.8*Q3-40)/2)/1000^2 -> 96.122054 | D30: =-(L3*$X$6*($X$4-40-0.8*Q3/2)+G3*(0.8*Q3-40)/2)/1000^2 -> -96.122054 | E30: =7.297*2+7.78 -> 22.374 | F30: 4 | G30: =$E30*$F30/2+($C30+$C31)/$F30*1.1 -> 97.17229 | H30: =$E30*$F30/2+($D30+$D31)/$F30*1.1 -> -17.462649
B31: end | C31: =(L4*$X$6*($X$4-40-0.8*Q4/2)+G4*(0.8*Q4-40)/2)/1000^2 -> 94.51173 | D31: =-(G4*$X$6*($X$4-40-0.8*Q4/2)+L4*(0.8*Q4-40)/2)/1000^2 -> -130.09849 | E31: =7.297*2+7.78 -> 22.374 | F31: 4 | G31: =-$E31*$F31/2+($C30+$C31)/$F31*1.1 -> 7.6762905 | H31: =-$E31*$F31/2+($D30+$D31)/$F31*1.1 -> -106.95865
A32: 2 | B32: start | C32: =(G5*$X$6*($X$4-40-0.8*Q5/2)+L5*(0.8*Q5-40)/2)/1000^2 -> 130.09849 | D32: =-(L5*$X$6*($X$4-40-0.8*Q5/2)+G5*(0.8*Q5-40)/2)/1000^2 -> -94.51173 | E32: =7.297*2+7.78 -> 22.374 | F32: 5.5 | G32: =$E32*$F32/2+($C32+$C33)/$F32*1.1 -> 106.45054 | H32: =$E32*$F32/2+($D32+$D33)/$F32*1.1 -> 16.606457
B33: end | C33: =(L6*$X$6*($X$4-40-0.8*Q6/2)+G6*(0.8*Q6-40)/2)/1000^2 -> 94.51173 | D33: =-(G6*$X$6*($X$4-40-0.8*Q6/2)+L6*(0.8*Q6-40)/2)/1000^2 -> -130.09849 | E33: =7.297*2+7.78 -> 22.374 | F33: 5.5 | G33: =-$E33*$F33/2+($C32+$C33)/$F33*1.1 -> -16.606457 | H33: =-$E33*$F33/2+($D32+$D33)/$F33*1.1 -> -106.45054
A34: 3 | B34: start | C34: =(G7*$X$6*($X$4-40-0.8*Q7/2)+L7*(0.8*Q7-40)/2)/1000^2 -> 130.09849 | D34: =-(L7*$X$6*($X$4-40-0.8*Q7/2)+G7*(0.8*Q7-40)/2)/1000^2 -> -94.51173 | E34: =7.297*2+7.78 -> 22.374 | F34: 4 | G34: =$E34*$F34/2+($C34+$C35)/$F34*1.1 -> 106.95865 | H34: =$E34*$F34/2+($D34+$D35)/$F34*1.1 -> -7.6762905
B35: end | C35: =(L8*$X$6*($X$4-40-0.8*Q8/2)+G8*(0.8*Q8-40)/2)/1000^2 -> 96.122054 | D35: =-(G8*$X$6*($X$4-40-0.8*Q8/2)+L8*(0.8*Q8-40)/2)/1000^2 -> -96.122054 | E35: =7.297*2+7.78 -> 22.374 | F35: 4 | G35: =-$E35*$F35/2+($C34+$C35)/$F35*1.1 -> 17.462649 | H35: =-$E35*$F35/2+($D34+$D35)/$F35*1.1 -> -97.17229
A36: TEL.2 | B36: SEZ. | C36: Mu+ | D36: Mu- | E36: carico distr. (sisma) | F36: L | G36: V+ | H36: V-
A37: Camp. | C37: KNm | D37: KNm | E37: KN/m | F37: m | G37: KN | H37: KN
A38: 1 | B38: start | C38: =(G11*$X$6*($X$4-40-0.8*Q11/2)+L11*(0.8*Q11-40)/2)/1000^2 -> 96.122054 | D38: =-(L11*$X$6*($X$4-40-0.8*Q11/2)+G11*(0.8*Q11-40)/2)/1000^2 -> -96.122054 | E38: =7.297*4 -> 29.188 | F38: 4 | G38: =$E38*$F38/2+($C38+$C39)/$F38*1.1 -> 110.80029 | H38: =$E38*$F38/2+($D38+$D39)/$F38*1.1 -> -3.8346487 | K38: 130.09849
B39: end | C39: =(L12*$X$6*($X$4-40-0.8*Q12/2)+G12*(0.8*Q12-40)/2)/1000^2 -> 94.51173 | D39: =-(G12*$X$6*($X$4-40-0.8*Q12/2)+L12*(0.8*Q12-40)/2)/1000^2 -> -130.09849 | E39: =7.297*4 -> 29.188 | F39: 4 | G39: =-$E39*$F39/2+($C38+$C39)/$F39*1.1 -> -5.9517095 | H39: =-$E39*$F39/2+($D38+$D39)/$F39*1.1 -> -120.58665
A40: 2 | B40: start | C40: =(G13*$X$6*($X$4-40-0.8*Q13/2)+L13*(0.8*Q13-40)/2)/1000^2 -> 130.09849 | D40: =-(L13*$X$6*($X$4-40-0.8*Q13/2)+G13*(0.8*Q13-40)/2)/1000^2 -> -94.51173 | E40: =7.297*4 -> 29.188 | F40: 5.5 | G40: =$E40*$F40/2+($C40+$C41)/$F40*1.1 -> 125.18904 | H40: =$E40*$F40/2+($D40+$D41)/$F40*1.1 -> 35.344957
B41: end | C41: =(L14*$X$6*($X$4-40-0.8*Q14/2)+G14*(0.8*Q14-40)/2)/1000^2 -> 94.51173 | D41: =-(G14*$X$6*($X$4-40-0.8*Q14/2)+L14*(0.8*Q14-40)/2)/1000^2 -> -130.09849 | E41: =7.297*4 -> 29.188 | F41: 5.5 | G41: =-$E41*$F41/2+($C40+$C41)/$F41*1.1 -> -35.344957 | H41: =-$E41*$F41/2+($D40+$D41)/$F41*1.1 -> -125.18904
A42: 3 | B42: start | C42: =(G15*$X$6*($X$4-40-0.8*Q15/2)+L15*(0.8*Q15-40)/2)/1000^2 -> 130.09849 | D42: =-(L15*$X$6*($X$4-40-0.8*Q15/2)+G15*(0.8*Q15-40)/2)/1000^2 -> -94.51173 | E42: =7.297*4 -> 29.188 | F42: 4 | G42: =$E42*$F42/2+($C42+$C43)/$F42*1.1 -> 120.58665 | H42: =$E42*$F42/2+($D42+$D43)/$F42*1.1 -> 5.9517095
B43: end | C43: =(L16*$X$6*($X$4-40-0.8*Q16/2)+G16*(0.8*Q16-40)/2)/1000^2 -> 96.122054 | D43: =-(G16*$X$6*($X$4-40-0.8*Q16/2)+L16*(0.8*Q16-40)/2)/1000^2 -> -96.122054 | E43: =7.297*4 -> 29.188 | F43: 4 | G43: =-$E43*$F43/2+($C42+$C43)/$F43*1.1 -> 3.8346487 | H43: =-$E43*$F43/2+($D42+$D43)/$F43*1.1 -> -110.80029
A44: TEL. 3 | B44: SEZ. | C44: Mu+ | D44: Mu- | E44: carico distr. (sisma) | F44: L | G44: V+ | H44: V-
A45: Camp. | C45: KNm | D45: KNm | E45: KN/m | F45: m | G45: KN | H45: KN | K45: 175.82436
A46: 1 | B46: start | C46: =(G19*$X$6*($X$4-40-0.8*Q19/2)+L19*(0.8*Q19-40)/2)/1000^2 -> 96.122054 | D46: =-(L19*$X$6*($X$4-40-0.8*Q19/2)+G19*(0.8*Q19-40)/2)/1000^2 -> -96.122054 | E46: =7.297*4.75 -> 34.66075 | F46: 4 | G46: =$E46*$F46/2+($C46+$C47)/$F46*1.1 -> 121.12449 | H46: =$E46*$F46/2+($D46+$D47)/$F46*1.1 -> -5.4637633
B47: end | C47: =(L20*$X$6*($X$4-40-0.8*Q20/2)+G20*(0.8*Q20-40)/2)/1000^2 -> 92.252459 | D47: =-(G20*$X$6*($X$4-40-0.8*Q20/2)+L20*(0.8*Q20-40)/2)/1000^2 -> -175.82436 | E47: =7.297*4.75 -> 34.66075 | F47: 4 | G47: =-$E47*$F47/2+($C46+$C47)/$F47*1.1 -> -17.518509 | H47: =-$E47*$F47/2+($D46+$D47)/$F47*1.1 -> -144.10676
A48: 2 | B48: start | C48: =(G21*$X$6*($X$4-40-0.8*Q21/2)+L21*(0.8*Q21-40)/2)/1000^2 -> 175.82436 | D48: =-(L21*$X$6*($X$4-40-0.8*Q21/2)+G21*(0.8*Q21-40)/2)/1000^2 -> -92.252459 | E48: =7.297*4.75 -> 34.66075 | F48: 5.5 | G48: =$E48*$F48/2+($C48+$C49)/$F48*1.1 -> 148.93243 | H48: =$E48*$F48/2+($D48+$D49)/$F48*1.1 -> 41.701699
B49: end | C49: =(L22*$X$6*($X$4-40-0.8*Q22/2)+G22*(0.8*Q22-40)/2)/1000^2 -> 92.252459 | D49: =-(G22*$X$6*($X$4-40-0.8*Q22/2)+L22*(0.8*Q22-40)/2)/1000^2 -> -175.82436 | E49: =7.297*4.75 -> 34.66075 | F49: 5.5 | G49: =-$E49*$F49/2+($C48+$C49)/$F49*1.1 -> -41.701699 | H49: =-$E49*$F49/2+($D48+$D49)/$F49*1.1 -> -148.93243
A50: 3 | B50: start | C50: =(G23*$X$6*($X$4-40-0.8*Q23/2)+L23*(0.8*Q23-40)/2)/1000^2 -> 175.82436 | D50: =-(L23*$X$6*($X$4-40-0.8*Q23/2)+G23*(0.8*Q23-40)/2)/1000^2 -> -92.252459 | E50: =7.297*4.75 -> 34.66075 | F50: 4 | G50: =$E50*$F50/2+($C50+$C51)/$F50*1.1 -> 144.10676 | H50: =$E50*$F50/2+($D50+$D51)/$F50*1.1 -> 17.518509
B51: end | C51: =(L24*$X$6*($X$4-40-0.8*Q24/2)+G24*(0.8*Q24-40)/2)/1000^2 -> 96.122054 | D51: =-(G24*$X$6*($X$4-40-0.8*Q24/2)+L24*(0.8*Q24-40)/2)/1000^2 -> -96.122054 | E51: =7.297*4.75 -> 34.66075 | F51: 4 | G51: =-$E51*$F51/2+($C50+$C51)/$F51*1.1 -> 5.4637633 | H51: =-$E51*$F51/2+($D50+$D51)/$F51*1.1 -> -121.12449
A54: VERIFICA A TAGLIO
Q55: ZONE NON CRITICHE
A57: TEL. 1 | B57: SEZ. | C57: Zona critica | D57: Diametro | E57: passo | F57: VRsd | G57: VRcd | H57: VRd | I57: VED | Q57: $\theta$ | R57: $\theta$ | S57: s staffe | T57: $V_{Rsd}$ | U57: $V_{Rcd}$ | V57: $V_{Rd}$
A58: Camp. | C58: mm | D58: mm | E58: mm | F58: KN | G58: KN | H58: KN | I58: KN | L58: verifica passo | Q58: [rad] | R58: [gradi] | S58: mm | T58: KN | U58: KN | V58: KN
A59: 1 | B59: start | C59: =500 -> 500 | D59: 8 | E59: 100 | F59: =(0.9*($X$4-30)*(2*PI()*D59^2/4)/E59*$X$6)/1000 -> 166.4006 | G59: =(0.9*($X$4-30)*$X$3*0.5*$X$14*0.5)/1000 -> 539.325 | H59: =MIN(F59:G59) -> 166.4006 | I59: =MAX(ABS(G30),ABS(H30)) -> 97.17229 | J59: =IF(H59>I59,"OK","NO") -> OK | L59: =(500-40)/4 -> 115 | M59: 175 | N59: =8*E3 -> 96 | Q59: =ASIN(SQRT(2*D59^2/4*PI()*$X$6/($X$3*E59*0.5*$X$14))) -> 0.4036406 | R59: =DEGREES(Q59) -> 23.126903 | S59: 200 | T59: =(0.9*($X$4-30)*(2*PI()*8^2/4)/S59*$X$6)/1000*_xlfn.COT(Q59) -> 194.80686 | U59: =(0.9*($X$4-30)*$X$3*0.5*$X$14)*(_xlfn.COT(Q59))/(1+_xlfn.COT(Q59)^2)/1000 -> 389.61372 | V59: =MIN(T59:U59) -> 194.80686
B60: end | C60: =500 -> 500 | D60: 8 | E60: 100 | F60: =(0.9*($X$4-30)*(2*PI()*D60^2/4)/E60*$X$6)/1000 -> 166.4006 | G60: =(0.9*($X$4-30)*$X$3*0.5*$X$14*0.5)/1000 -> 539.325 | H60: =MIN(F60:G60) -> 166.4006 | I60: =MAX(ABS(G31),ABS(H31)) -> 106.95865 | J60: =IF(H60>I60,"OK","NO") -> OK | N60: =8*E4 -> 96 | Q60: =ASIN(SQRT(2*D60^2/4*PI()*$X$6/($X$3*E60*0.5*$X$14))) -> 0.4036406 | R60: =DEGREES(Q60) -> 23.126903 | S60: 200 | T60: =(0.9*($X$4-30)*(2*PI()*8^2/4)/S60*$X$6)/1000*_xlfn.COT(Q60) -> 194.80686 | U60: =(0.9*($X$4-30)*$X$3*0.5*$X$14)*(_xlfn.COT(Q60))/(1+_xlfn.COT(Q60)^2)/1000 -> 389.61372 | V60: =MIN(T60:U60) -> 194.80686
A61: 2 | B61: start | C61: =500 -> 500 | D61: 8 | E61: 100 | F61: =(0.9*($X$4-30)*(2*PI()*D61^2/4)/E61*$X$6)/1000 -> 166.4006 | G61: =(0.9*($X$4-30)*$X$3*0.5*$X$14*0.5)/1000 -> 539.325 | H61: =MIN(F61:G61) -> 166.4006 | I61: =MAX(ABS(G32),ABS(H32)) -> 106.45054 | J61: =IF(H61>I61,"OK","NO") -> OK | N61: =8*E5 -> 96 | Q61: =ASIN(SQRT(2*D61^2/4*PI()*$X$6/($X$3*E61*0.5*$X$14))) -> 0.4036406 | R61: =DEGREES(Q61) -> 23.126903 | S61: 200 | T61: =(0.9*($X$4-30)*(2*PI()*8^2/4)/S61*$X$6)/1000*_xlfn.COT(Q61) -> 194.80686 | U61: =(0.9*($X$4-30)*$X$3*0.5*$X$14)*(_xlfn.COT(Q61))/(1+_xlfn.COT(Q61)^2)/1000 -> 389.61372 | V61: =MIN(T61:U61) -> 194.80686
B62: end | C62: =500 -> 500 | D62: 8 | E62: 100 | F62: =(0.9*($X$4-30)*(2*PI()*D62^2/4)/E62*$X$6)/1000 -> 166.4006 | G62: =(0.9*($X$4-30)*$X$3*0.5*$X$14*0.5)/1000 -> 539.325 | H62: =MIN(F62:G62) -> 166.4006 | I62: =MAX(ABS(G33),ABS(H33)) -> 106.45054 | J62: =IF(H62>I62,"OK","NO") -> OK | N62: =8*E6 -> 96 | Q62: =ASIN(SQRT(2*D62^2/4*PI()*$X$6/($X$3*E62*0.5*$X$14))) -> 0.4036406 | R62: =DEGREES(Q62) -> 23.126903 | S62: 200 | T62: =(0.9*($X$4-30)*(2*PI()*8^2/4)/S62*$X$6)/1000*_xlfn.COT(Q62) -> 194.80686 | U62: =(0.9*($X$4-30)*$X$3*0.5*$X$14)*(_xlfn.COT(Q62))/(1+_xlfn.COT(Q62)^2)/1000 -> 389.61372 | V62: =MIN(T62:U62) -> 194.80686
A63: 3 | B63: start | C63: =500 -> 500 | D63: 8 | E63: 100 | F63: =(0.9*($X$4-30)*(2*PI()*D63^2/4)/E63*$X$6)/1000 -> 166.4006 | G63: =(0.9*($X$4-30)*$X$3*0.5*$X$14*0.5)/1000 -> 539.325 | H63: =MIN(F63:G63) -> 166.4006 | I63: =MAX(ABS(G34),ABS(H34)) -> 106.95865 | J63: =IF(H63>I63,"OK","NO") -> OK | N63: =8*E7 -> 96 | Q63: =ASIN(SQRT(2*D63^2/4*PI()*$X$6/($X$3*E63*0.5*$X$14))) -> 0.4036406 | R63: =DEGREES(Q63) -> 23.126903 | S63: 200 | T63: =(0.9*($X$4-30)*(2*PI()*8^2/4)/S63*$X$6)/1000*_xlfn.COT(Q63) -> 194.80686 | U63: =(0.9*($X$4-30)*$X$3*0.5*$X$14)*(_xlfn.COT(Q63))/(1+_xlfn.COT(Q63)^2)/1000 -> 389.61372 | V63: =MIN(T63:U63) -> 194.80686
B64: end | C64: =500 -> 500 | D64: 8 | E64: 100 | F64: =(0.9*($X$4-30)*(2*PI()*D64^2/4)/E64*$X$6)/1000 -> 166.4006 | G64: =(0.9*($X$4-30)*$X$3*0.5*$X$14*0.5)/1000 -> 539.325 | H64: =MIN(F64:G64) -> 166.4006 | I64: =MAX(ABS(G35),ABS(H35)) -> 97.17229 | J64: =IF(H64>I64,"OK","NO") -> OK | N64: =8*E8 -> 96 | Q64: =ASIN(SQRT(2*D64^2/4*PI()*$X$6/($X$3*E64*0.5*$X$14))) -> 0.4036406 | R64: =DEGREES(Q64) -> 23.126903 | S64: 200 | T64: =(0.9*($X$4-30)*(2*PI()*8^2/4)/S64*$X$6)/1000*_xlfn.COT(Q64) -> 194.80686 | U64: =(0.9*($X$4-30)*$X$3*0.5*$X$14)*(_xlfn.COT(Q64))/(1+_xlfn.COT(Q64)^2)/1000 -> 389.61372 | V64: =MIN(T64:U64) -> 194.80686
A65: TEL.2 | B65: SEZ. | C65: Zona critica | D65: Diametro | E65: passo | F65: VRsd | G65: VRcd | H65: VRd | I65: VED
A66: Camp. | C66: mm | D66: mm | E66: mm | F66: KN | G66: KN | H66: KN | I66: KN
A67: 1 | B67: start | C67: =500 -> 500 | D67: 8 | E67: 100 | F67: =(0.9*($X$4-30)*(2*PI()*D67^2/4)/E67*$X$6)/1000 -> 166.4006 | G67: =(0.9*($X$4-30)*$X$3*0.5*$X$14*0.5)/1000 -> 539.325 | H67: =MIN(F67:G67) -> 166.4006 | I67: =MAX(ABS(G38),ABS(H38)) -> 110.80029 | J67: =IF(H67>I67,"OK","NO") -> OK | N67: =8*E11 -> 96
B68: end | C68: =500 -> 500 | D68: 8 | E68: 100 | F68: =(0.9*($X$4-30)*(2*PI()*D68^2/4)/E68*$X$6)/1000 -> 166.4006 | G68: =(0.9*($X$4-30)*$X$3*0.5*$X$14*0.5)/1000 -> 539.325 | H68: =MIN(F68:G68) -> 166.4006 | I68: =MAX(ABS(G39),ABS(H39)) -> 120.58665 | J68: =IF(H68>I68,"OK","NO") -> OK | N68: =8*E12 -> 96
A69: 2 | B69: start | C69: =500 -> 500 | D69: 8 | E69: 100 | F69: =(0.9*($X$4-30)*(2*PI()*D69^2/4)/E69*$X$6)/1000 -> 166.4006 | G69: =(0.9*($X$4-30)*$X$3*0.5*$X$14*0.5)/1000 -> 539.325 | H69: =MIN(F69:G69) -> 166.4006 | I69: =MAX(ABS(G40),ABS(H40)) -> 125.18904 | J69: =IF(H69>I69,"OK","NO") -> OK | N69: =8*E13 -> 96
B70: end | C70: =500 -> 500 | D70: 8 | E70: 100 | F70: =(0.9*($X$4-30)*(2*PI()*D70^2/4)/E70*$X$6)/1000 -> 166.4006 | G70: =(0.9*($X$4-30)*$X$3*0.5*$X$14*0.5)/1000 -> 539.325 | H70: =MIN(F70:G70) -> 166.4006 | I70: =MAX(ABS(G41),ABS(H41)) -> 125.18904 | J70: =IF(H70>I70,"OK","NO") -> OK | N70: =8*E14 -> 96
A71: 3 | B71: start | C71: =500 -> 500 | D71: 8 | E71: 100 | F71: =(0.9*($X$4-30)*(2*PI()*D71^2/4)/E71*$X$6)/1000 -> 166.4006 | G71: =(0.9*($X$4-30)*$X$3*0.5*$X$14*0.5)/1000 -> 539.325 | H71: =MIN(F71:G71) -> 166.4006 | I71: =MAX(ABS(G42),ABS(H42)) -> 120.58665 | J71: =IF(H71>I71,"OK","NO") -> OK | N71: =8*E15 -> 96
B72: end | C72: =500 -> 500 | D72: 8 | E72: 100 | F72: =(0.9*($X$4-30)*(2*PI()*D72^2/4)/E72*$X$6)/1000 -> 166.4006 | G72: =(0.9*($X$4-30)*$X$3*0.5*$X$14*0.5)/1000 -> 539.325 | H72: =MIN(F72:G72) -> 166.4006 | I72: =MAX(ABS(G43),ABS(H43)) -> 110.80029 | J72: =IF(H72>I72,"OK","NO") -> OK | N72: =8*E16 -> 96
A73: TEL. 3 | B73: SEZ. | C73: Zona critica | D73: Diametro | E73: passo | F73: VRsd | G73: VRcd | H73: VRd | I73: VED
A74: Camp. | C74: mm | D74: mm | E74: mm | F74: KN | G74: KN | H74: KN | I74: KN
A75: 1 | B75: start | C75: =500 -> 500 | D75: 8 | E75: 100 | F75: =(0.9*($X$4-30)*(2*PI()*D75^2/4)/E75*$X$6)/1000 -> 166.4006 | G75: =(0.9*($X$4-30)*$X$3*0.5*$X$14*0.5)/1000 -> 539.325 | H75: =MIN(F75:G75) -> 166.4006 | I75: =MAX(ABS(G46),ABS(H46)) -> 121.12449 | J75: =IF(H75>I75,"OK","NO") -> OK | N75: =8*E19 -> 96
B76: end | C76: =500 -> 500 | D76: 8 | E76: 100 | F76: =(0.9*($X$4-30)*(2*PI()*D76^2/4)/E76*$X$6)/1000 -> 166.4006 | G76: =(0.9*($X$4-30)*$X$3*0.5*$X$14*0.5)/1000 -> 539.325 | H76: =MIN(F76:G76) -> 166.4006 | I76: =MAX(ABS(G47),ABS(H47)) -> 144.10676 | J76: =IF(H76>I76,"OK","NO") -> OK | N76: =8*E20 -> 144
A77: 2 | B77: start | C77: =500 -> 500 | D77: 8 | E77: 100 | F77: =(0.9*($X$4-30)*(2*PI()*D77^2/4)/E77*$X$6)/1000 -> 166.4006 | G77: =(0.9*($X$4-30)*$X$3*0.5*$X$14*0.5)/1000 -> 539.325 | H77: =MIN(F77:G77) -> 166.4006 | I77: =MAX(ABS(G48),ABS(H48)) -> 148.93243 | J77: =IF(H77>I77,"OK","NO") -> OK | N77: =8*E21 -> 144
B78: end | C78: =500 -> 500 | D78: 8 | E78: 100 | F78: =(0.9*($X$4-30)*(2*PI()*D78^2/4)/E78*$X$6)/1000 -> 166.4006 | G78: =(0.9*($X$4-30)*$X$3*0.5*$X$14*0.5)/1000 -> 539.325 | H78: =MIN(F78:G78) -> 166.4006 | I78: =MAX(ABS(G49),ABS(H49)) -> 148.93243 | J78: =IF(H78>I78,"OK","NO") -> OK | N78: =8*E22 -> 144
A79: 3 | B79: start | C79: =500 -> 500 | D79: 8 | E79: 100 | F79: =(0.9*($X$4-30)*(2*PI()*D79^2/4)/E79*$X$6)/1000 -> 166.4006 | G79: =(0.9*($X$4-30)*$X$3*0.5*$X$14*0.5)/1000 -> 539.325 | H79: =MIN(F79:G79) -> 166.4006 | I79: =MAX(ABS(G50),ABS(H50)) -> 144.10676 | J79: =IF(H79>I79,"OK","NO") -> OK | N79: =8*E23 -> 144
B80: end | C80: =500 -> 500 | D80: 8 | E80: 100 | F80: =(0.9*($X$4-30)*(2*PI()*D80^2/4)/E80*$X$6)/1000 -> 166.4006 | G80: =(0.9*($X$4-30)*$X$3*0.5*$X$14*0.5)/1000 -> 539.325 | H80: =MIN(F80:G80) -> 166.4006 | I80: =MAX(ABS(G51),ABS(H51)) -> 121.12449 | J80: =IF(H80>I80,"OK","NO") -> OK | N80: =8*E24 -> 96
A83: VERIFICA DI DUTTILITA' EU8
A84: $\mu_{\phi}$ | B84: =1.2*(2*3.9) -> 9.36
A86: TEL. 1 | B86: SEZ. | C86: $A_{sup}$ | D86: $A_{inf}$ | E86: $\rho-\rho'$
A87: Camp. | C87: mm^2 | D87: mm^2 | E87: -
A88: 1 | B88: start | C88: =G3 -> 534.07075 | D88: =L3 -> 534.07075 | E88: =(C88-D88)/($X$3*$X$4) -> 0 | F88: =0.0018*$X$14/($B$84*1.86/1000*$X$6) -> 0.0044917747 | G88: =IF(E88<F88,"OK","NO") -> OK
B89: end | C89: =G4 -> 735.13268 | D89: =L4 -> 534.07075 | E89: =(C89-D89)/($X$3*$X$4) -> 0.0013404129 | F89: =0.0018*$X$14/($B$84*1.86/1000*$X$6) -> 0.0044917747 | G89: =IF(E89<F89,"OK","NO") -> OK
A90: 2 | B90: start | C90: =G5 -> 735.13268 | D90: =L5 -> 534.07075 | E90: =(C90-D90)/($X$3*$X$4) -> 0.0013404129 | F90: =0.0018*$X$14/($B$84*1.86/1000*$X$6) -> 0.0044917747 | G90: =IF(E90<F90,"OK","NO") -> OK
B91: end | C91: =G6 -> 735.13268 | D91: =L6 -> 534.07075 | E91: =(C91-D91)/($X$3*$X$4) -> 0.0013404129 | F91: =0.0018*$X$14/($B$84*1.86/1000*$X$6) -> 0.0044917747 | G91: =IF(E91<F91,"OK","NO") -> OK
A92: 3 | B92: start | C92: =G7 -> 735.13268 | D92: =L7 -> 534.07075 | E92: =(C92-D92)/($X$3*$X$4) -> 0.0013404129 | F92: =0.0018*$X$14/($B$84*1.86/1000*$X$6) -> 0.0044917747 | G92: =IF(E92<F92,"OK","NO") -> OK
B93: end | C93: =G8 -> 534.07075 | D93: =L8 -> 534.07075 | E93: =(C93-D93)/($X$3*$X$4) -> 0 | F93: =0.0018*$X$14/($B$84*1.86/1000*$X$6) -> 0.0044917747 | G93: =IF(E93<F93,"OK","NO") -> OK
A94: TEL.2 | B94: SEZ. | C94: $A_{sup}$ | D94: $A_{inf}$ | E94: $\rho-\rho'$
A95: Camp. | C95: mm^2 | D95: mm^2 | E95: -
A96: 1 | B96: start | C96: =G11 -> 534.07075 | D96: =L11 -> 534.07075 | E96: =(C96-D96)/($X$3*$X$4) -> 0 | F96: =0.0018*$X$14/($B$84*1.86/1000*$X$6) -> 0.0044917747 | G96: =IF(E96<F96,"OK","NO") -> OK
B97: end | C97: =G12 -> 735.13268 | D97: =L12 -> 534.07075 | E97: =(C97-D97)/($X$3*$X$4) -> 0.0013404129 | F97: =0.0018*$X$14/($B$84*1.86/1000*$X$6) -> 0.0044917747 | G97: =IF(E97<F97,"OK","NO") -> OK
A98: 2 | B98: start | C98: =G13 -> 735.13268 | D98: =L13 -> 534.07075 | E98: =(C98-D98)/($X$3*$X$4) -> 0.0013404129 | F98: =0.0018*$X$14/($B$84*1.86/1000*$X$6) -> 0.0044917747 | G98: =IF(E98<F98,"OK","NO") -> OK
B99: end | C99: =G14 -> 735.13268 | D99: =L14 -> 534.07075 | E99: =(C99-D99)/($X$3*$X$4) -> 0.0013404129 | F99: =0.0018*$X$14/($B$84*1.86/1000*$X$6) -> 0.0044917747 | G99: =IF(E99<F99,"OK","NO") -> OK
A100: 3 | B100: start | C100: =G15 -> 735.13268 | D100: =L15 -> 534.07075 | E100: =(C100-D100)/($X$3*$X$4) -> 0.0013404129 | F100: =0.0018*$X$14/($B$84*1.86/1000*$X$6) -> 0.0044917747 | G100: =IF(E100<F100,"OK","NO") -> OK
B101: end | C101: =G16 -> 534.07075 | D101: =L16 -> 534.07075 | E101: =(C101-D101)/($X$3*$X$4) -> 0 | F101: =0.0018*$X$14/($B$84*1.86/1000*$X$6) -> 0.0044917747 | G101: =IF(E101<F101,"OK","NO") -> OK
A102: TEL. 3 | B102: SEZ. | C102: $A_{sup}$ | D102: $A_{inf}$ | E102: $\rho-\rho'$
A103: Camp. | C103: mm^2 | D103: mm^2 | E103: -
A104: 1 | B104: start | C104: =G19 -> 534.07075 | D104: =L19 -> 534.07075 | E104: =(C104-D104)/($X$3*$X$4) -> 0 | F104: =0.0018*$X$14/($B$84*1.86/1000*$X$6) -> 0.0044917747 | G104: =IF(E104<F104,"OK","NO") -> OK
B105: end | C105: =G20 -> 1017.876 | D105: =L20 -> 534.07075 | E105: =(C105-D105)/($X$3*$X$4) -> 0.0032253685 | F105: =0.0018*$X$14/($B$84*1.86/1000*$X$6) -> 0.0044917747 | G105: =IF(E105<F105,"OK","NO") -> OK
A106: 2 | B106: start | C106: =G21 -> 1017.876 | D106: =L21 -> 534.07075 | E106: =(C106-D106)/($X$3*$X$4) -> 0.0032253685 | F106: =0.0018*$X$14/($B$84*1.86/1000*$X$6) -> 0.0044917747 | G106: =IF(E106<F106,"OK","NO") -> OK
B107: end | C107: =G22 -> 1017.876 | D107: =L22 -> 534.07075 | E107: =(C107-D107)/($X$3*$X$4) -> 0.0032253685 | F107: =0.0018*$X$14/($B$84*1.86/1000*$X$6) -> 0.0044917747 | G107: =IF(E107<F107,"OK","NO") -> OK
A108: 3 | B108: start | C108: =G23 -> 1017.876 | D108: =L23 -> 534.07075 | E108: =(C108-D108)/($X$3*$X$4) -> 0.0032253685 | F108: =0.0018*$X$14/($B$84*1.86/1000*$X$6) -> 0.0044917747 | G108: =IF(E108<F108,"OK","NO") -> OK
...

Sheet SLV
A1: TEL. 1 | B1: SEZ. | C1: $A_{sup}$ | F1: $A_{inf}$ | I1: $\rho_{sup}$ | K1: $\rho_{inf}$ | N1: $\rho_{min}$ | O1: $\rho_{max}$ | Q1: TRAVE ESTERNA | U1: b | V1: h | W1: d
A2: Camp. | C2: $\phi$ | D2: N$\phi$ | E2: A (mm^2) | F2: $\phi$ | G2: N$\phi$ | H2: A (mm^2) | I2: - | K2: - | N2: - | O2: - | Q2: campata 1 | U2: mm | V2: mm | W2: mm
A3: 1 | B3: start | C3: 18 | D3: 4 | E3: =C3^2/4*PI()*D3 -> 1017.876 | F3: 14 | G3: 3 | H3: =F3^2/4*PI()*G3 -> 461.81412 | I3: =E3/($U$3*$V$3) -> 0.0067858401 | J3: =IF($N$3<=I3,"OK","NO") -> OK | K3: =H3/($U$3*$V$3) -> 0.0030787608 | L3: =IF(K3>$N$3,"OK","NO") -> NO | N3: =1.4/$R$5 -> 0.0031111111 | O3: =3.5/$R$5 -> 0.0077777778 | Q3: b | R3: =300 -> 300 | S3: mm | U3: 300 | V3: 500 | W3: =V3-40 -> 460
B4: end | C4: 18 | D4: 4 | E4: =C4^2/4*PI()*D4 -> 1017.876 | F4: 14 | G4: 6 | H4: =F4^2/4*PI()*G4 -> 923.62824 | I4: =E4/($U$3*$V$3) -> 0.0067858401 | J4: =IF($N$3<=I4,"OK","NO") -> OK | K4: =H4/($U$3*$V$3) -> 0.0061575216 | L4: =IF(K4>$N$3,"OK","NO") -> OK | Q4: h | R4: 500 | S4: mm
A5: 2 | B5: start/end | C5: 18 | D5: 4 | E5: =C5^2/4*PI()*D5 -> 1017.876 | F5: 14 | G5: 6 | H5: =F5^2/4*PI()*G5 -> 923.62824 | I5: =E5/($U$3*$V$3) -> 0.0067858401 | J5: =IF($N$3<=I5,"OK","NO") -> OK | K5: =H5/($U$3*$V$3) -> 0.0061575216 | L5: =IF(K5>$N$3,"OK","NO") -> OK | Q5: $f_{yk}$ | R5: =450 -> 450 | S5: N/mm^2 | U5: 300 | V5: 500 | W5: =V5-40 -> 460
B6: mezz | C6: 14 | D6: 4 | E6: =C6^2/4*PI()*D6 -> 615.75216 | F6: 14 | G6: 6 | H6: =F6^2/4*PI()*G6 -> 923.62824 | I6: =E6/($U$3*$V$3) -> 0.0041050144 | J6: =IF($N$3<=I6,"OK","NO") -> OK | K6: =H6/($U$3*$V$3) -> 0.0061575216 | L6: =IF(K6>$N$3,"OK","NO") -> OK | Q6: $A_s$ | R6: =1.4/R5*R3*R4 -> 466.66667 | S6: mm^2
A7: 3 | B7: start | C7: 18 | D7: 4 | E7: =C7^2/4*PI()*D7 -> 1017.876 | F7: 14 | G7: 6 | H7: =F7^2/4*PI()*G7 -> 923.62824 | I7: =E7/($U$3*$V$3) -> 0.0067858401 | J7: =IF($N$3<=I7,"OK","NO") -> OK | K7: =H7/($U$3*$V$3) -> 0.0061575216 | L7: =IF(K7>$N$3,"OK","NO") -> OK | Q7: $A_s-A_s^{comp}$ | R7: =3.5/R5*R3*R4 -> 1166.6667 | S7: mm^2 | U7: 300 | V7: 500 | W7: =V7-40 -> 460
B8: end | C8: 18 | D8: 4 | E8: =C8^2/4*PI()*D8 -> 1017.876 | F8: 14 | G8: 4 | H8: =F8^2/4*PI()*G8 -> 615.75216 | I8: =E8/($U$3*$V$3) -> 0.0067858401 | J8: =IF($N$3<=I8,"OK","NO") -> OK | K8: =H8/($U$3*$V$3) -> 0.0041050144 | L8: =IF(K8>$N$3,"OK","NO") -> OK | Q8: $\rho_{min}$ | R8: =R6/(R4*R3) -> 0.0031111111
A9: TEL.2 | B9: sezione | C9: $A_{sup}$ | F9: $A_{inf}$ | I9: $\rho_{sup}$ | K9: $\rho_{inf}$ | Q9: $\rho_{comp}$ | R9: =0.25*R8 -> 0.00077777778 | U9: b | V9: h | W9: d
A10: Camp. | C10: $\phi$ | D10: N$\phi$ | E10: A (mm^2) | F10: $\phi$ | G10: N$\phi$ | H10: A (mm^2) | I10: - | K10: - | Q10: $\rho_{comp}$ | R10: =0.5*R8 -> 0.0015555556 | S10: Nelle zone dissipative | U10: mm | V10: mm | W10: mm
A11: 1 | B11: start | C11: 18 | D11: 4 | E11: =C11^2/4*PI()*D11 -> 1017.876 | F11: 14 | G11: 4 | H11: =F11^2/4*PI()*G11 -> 615.75216 | I11: =E11/($U$3*$V$3) -> 0.0067858401 | J11: =IF($N$3<=I11,"OK","NO") -> OK | K11: =H11/($U$3*$V$3) -> 0.0041050144 | L11: =IF($N$3<=K11,"OK","NO") -> OK | U11: 300 | V11: 500 | W11: =V11-40 -> 460
B12: end | C12: 18 | D12: 4 | E12: =C12^2/4*PI()*D12 -> 1017.876 | F12: 18 | G12: 3 | H12: =F12^2/4*PI()*G12 -> 763.40701 | I12: =E12/($U$3*$V$3) -> 0.0067858401 | J12: =IF($N$3<=I12,"OK","NO") -> OK | K12: =H12/($U$3*$V$3) -> 0.0050893801 | L12: =IF($N$3<=K12,"OK","NO") -> OK | R12: =269*1000^2/(0.9*W3*391) -> 1661.7863
A13: 2 | B13: start/end | C13: 18 | D13: 4 | E13: =C13^2/4*PI()*D13 -> 1017.876 | F13: 18 | G13: 3 | H13: =F13^2/4*PI()*G13 -> 763.40701 | I13: =E13/($U$3*$V$3) -> 0.0067858401 | J13: =IF($N$3<=I13,"OK","NO") -> OK | K13: =H13/($U$3*$V$3) -> 0.0050893801 | L13: =IF($N$3<=K13,"OK","NO") -> OK | U13: 300 | V13: 500 | W13: =V13-40 -> 460
B14: mezz | C14: 14 | D14: 4 | E14: =C14^2/4*PI()*D14 -> 615.75216 | F14: 18 | G14: 3 | H14: =F14^2/4*PI()*G14 -> 763.40701 | I14: =E14/($U$3*$V$3) -> 0.0041050144 | J14: =IF($N$3<=I14,"OK","NO") -> OK | K14: =H14/($U$3*$V$3) -> 0.0050893801 | L14: =IF($N$3<=K14,"OK","NO") -> OK
A15: 3 | B15: start | C15: 18 | D15: 4 | E15: =C15^2/4*PI()*D15 -> 1017.876 | F15: 18 | G15: 3 | H15: =F15^2/4*PI()*G15 -> 763.40701 | I15: =E15/($U$3*$V$3) -> 0.0067858401 | J15: =IF($N$3<=I15,"OK","NO") -> OK | K15: =H15/($U$3*$V$3) -> 0.0050893801 | L15: =IF($N$3<=K15,"OK","NO") -> OK | U15: 300 | V15: 500 | W15: =V15-40 -> 460
B16: end | C16: 18 | D16: 4 | E16: =C16^2/4*PI()*D16 -> 1017.876 | F16: 14 | G16: 4 | H16: =F16^2/4*PI()*G16 -> 615.75216 | I16: =E16/($U$3*$V$3) -> 0.0067858401 | J16: =IF($N$3<=I16,"OK","NO") -> OK | K16: =H16/($U$3*$V$3) -> 0.0041050144 | L16: =IF($N$3<=K16,"OK","NO") -> OK
A17: TEL. 2 | B17: sezione | C17: $A_{sup}$ | F17: $A_{inf}$ | I17: $\rho_{sup}$ | K17: $\rho_{inf}$ | U17: b | V17: h | W17: d
A18: Camp. | C18: $\phi$ | D18: N$\phi$ | E18: A (mm^2) | F18: $\phi$ | G18: N$\phi$ | H18: A (mm^2) | I18: - | K18: - | U18: mm | V18: mm | W18: mm
A19: 1 | B19: start | C19: 14 | D19: 4 | E19: =C19^2/4*PI()*D19 -> 615.75216 | F19: 14 | G19: 4 | H19: =F19^2/4*PI()*G19 -> 615.75216 | I19: =E19/($U$3*$V$3) -> 0.0041050144 | J19: =IF($N$3<=I19,"OK","NO") -> OK | K19: =H19/($U$3*$V$3) -> 0.0041050144 | L19: =IF($N$3<=K19,"OK","NO") -> OK | U19: 300 | V19: 500 | W19: =V19-40 -> 460
B20: end | C20: 18 | D20: 4 | E20: =C20^2/4*PI()*D20 -> 1017.876 | F20: 14 | G20: 6 | H20: =F20^2/4*PI()*G20 -> 923.62824 | I20: =E20/($U$3*$V$3) -> 0.0067858401 | J20: =IF($N$3<=I20,"OK","NO") -> OK | K20: =H20/($U$3*$V$3) -> 0.0061575216 | L20: =IF($N$3<=K20,"OK","NO") -> OK
A21: 2 | B21: start/end | C21: 18 | D21: 4 | E21: =C21^2/4*PI()*D21 -> 1017.876 | F21: 14 | G21: 6 | H21: =F21^2/4*PI()*G21 -> 923.62824 | I21: =E21/($U$3*$V$3) -> 0.0067858401 | J21: =IF($N$3<=I21,"OK","NO") -> OK | K21: =H21/($U$3*$V$3) -> 0.0061575216 | L21: =IF($N$3<=K21,"OK","NO") -> OK | U21: 300 | V21: 500 | W21: =V21-40 -> 460
B22: mezz | C22: 18 | D22: 4 | E22: =C22^2/4*PI()*D22 -> 1017.876 | F22: 14 | G22: 6 | H22: =F22^2/4*PI()*G22 -> 923.62824 | I22: =E22/($U$3*$V$3) -> 0.0067858401 | J22: =IF($N$3<=I22,"OK","NO") -> OK | K22: =H22/($U$3*$V$3) -> 0.0061575216 | L22: =IF($N$3<=K22,"OK","NO") -> OK
A23: 3 | B23: start | C23: 18 | D23: 4 | E23: =C23^2/4*PI()*D23 -> 1017.876 | F23: 14 | G23: 6 | H23: =F23^2/4*PI()*G23 -> 923.62824 | I23: =E23/($U$3*$V$3) -> 0.0067858401 | J23: =IF($N$3<=I23,"OK","NO") -> OK | K23: =H23/($U$3*$V$3) -> 0.0061575216 | L23: =IF($N$3<=K23,"OK","NO") -> OK | U23: 300 | V23: 500 | W23: =V23-40 -> 460
B24: end | C24: 14 | D24: 4 | E24: =C24^2/4*PI()*D24 -> 615.75216 | F24: 14 | G24: 4 | H24: =F24^2/4*PI()*G24 -> 615.75216 | I24: =E24/($U$3*$V$3) -> 0.0041050144 | J24: =IF($N$3<=I24,"OK","NO") -> OK | K24: =H24/($U$3*$V$3) -> 0.0041050144 | L24: =IF($N$3<=K24,"OK","NO") -> OK
A26: TRAVI COPERTURA
A27: TEL. 1 | B27: SEZ. | C27: $A_{sup}$ | F27: $A_{inf}$ | I27: $\rho_{sup}$ | K27: $\rho_{inf}$
A28: Camp. | C28: $\phi$ | D28: N$\phi$ | E28: A (mm^2) | F28: $\phi$ | G28: N$\phi$ | H28: A (mm^2) | I28: - | K28: -
A29: 1 | B29: start | C29: 14 | D29: 4 | E29: =C29^2/4*PI()*D29 -> 615.75216 | F29: 14 | G29: 4 | H29: =F29^2/4*PI()*G29 -> 615.75216 | I29: =E29/($U$3*$V$3) -> 0.0041050144 | J29: =IF($N$3<=I29,"OK","NO") -> OK | K29: =H29/($U$3*$V$3) -> 0.0041050144 | L29: =IF($N$3<=K29,"OK","NO") -> OK
B30: end | C30: 14 | D30: 4 | E30: =C30^2/4*PI()*D30 -> 615.75216 | F30: 14 | G30: 4 | H30: =F30^2/4*PI()*G30 -> 615.75216 | I30: =E30/($U$3*$V$3) -> 0.0041050144 | J30: =IF($N$3<=I30,"OK","NO") -> OK | K30: =H30/($U$3*$V$3) -> 0.0041050144 | L30: =IF($N$3<=K30,"OK","NO") -> OK
A31: 2 | B31: start/end | C31: 14 | D31: 4 | E31: =C31^2/4*PI()*D31 -> 615.75216 | F31: 14 | G31: 4 | H31: =F31^2/4*PI()*G31 -> 615.75216 | I31: =E31/($U$3*$V$3) -> 0.0041050144 | J31: =IF($N$3<=I31,"OK","NO") -> OK | K31: =H31/($U$3*$V$3) -> 0.0041050144 | L31: =IF($N$3<=K31,"OK","NO") -> OK
B32: mezz | C32: 14 | D32: 4 | E32: =C32^2/4*PI()*D32 -> 615.75216 | F32: 14 | G32: 4 | H32: =F32^2/4*PI()*G32 -> 615.75216 | I32: =E32/($U$3*$V$3) -> 0.0041050144 | J32: =IF($N$3<=I32,"OK","NO") -> OK | K32: =H32/($U$3*$V$3) -> 0.0041050144 | L32: =IF($N$3<=K32,"OK","NO") -> OK
A33: 3 | B33: start | C33: 14 | D33: 4 | E33: =C33^2/4*PI()*D33 -> 615.75216 | F33: 14 | G33: 4 | H33: =F33^2/4*PI()*G33 -> 615.75216 | I33: =E33/($U$3*$V$3) -> 0.0041050144 | J33: =IF($N$3<=I33,"OK","NO") -> OK | K33: =H33/($U$3*$V$3) -> 0.0041050144 | L33: =IF($N$3<=K33,"OK","NO") -> OK
B34: end | C34: 14 | D34: 4 | E34: =C34^2/4*PI()*D34 -> 615.75216 | F34: 14 | G34: 4 | H34: =F34^2/4*PI()*G34 -> 615.75216 | I34: =E34/($U$3*$V$3) -> 0.0041050144 | J34: =IF($N$3<=I34,"OK","NO") -> OK | K34: =H34/($U$3*$V$3) -> 0.0041050144 | L34: =IF($N$3<=K34,"OK","NO") -> OK
A35: TEL.2 | B35: sezione | C35: $A_{sup}$ | F35: $A_{inf}$ | I35: $\rho_{sup}$ | K35: $\rho_{inf}$
A36: Camp. | C36: $\phi$ | D36: N$\phi$ | E36: A (mm^2) | F36: $\phi$ | G36: N$\phi$ | H36: A (mm^2) | I36: - | K36: -
A37: 1 | B37: start | C37: 18 | D37: 3 | E37: =C37^2/4*PI()*D37 -> 763.40701 | F37: 14 | G37: 4 | H37: =F37^2/4*PI()*G37 -> 615.75216 | I37: =E37/($U$3*$V$3) -> 0.0050893801 | J37: =IF($N$3<=I37,"OK","NO") -> OK | K37: =H37/($U$3*$V$3) -> 0.0041050144 | L37: =IF($N$3<=K37,"OK","NO") -> OK
B38: end | C38: 18 | D38: 3 | E38: =C38^2/4*PI()*D38 -> 763.40701 | F38: 14 | G38: 4 | H38: =F38^2/4*PI()*G38 -> 615.75216 | I38: =E38/($U$3*$V$3) -> 0.0050893801 | J38: =IF($N$3<=I38,"OK","NO") -> OK | K38: =H38/($U$3*$V$3) -> 0.0041050144 | L38: =IF($N$3<=K38,"OK","NO") -> OK | N38: Assotto
A39: 2 | B39: start/end | C39: 18 | D39: 3 | E39: =C39^2/4*PI()*D39 -> 763.40701 | F39: 18 | G39: 3 | H39: =F39^2/4*PI()*G39 -> 763.40701 | I39: =E39/($U$3*$V$3) -> 0.0050893801 | J39: =IF($N$3<=I39,"OK","NO") -> OK | K39: =H39/($U$3*$V$3) -> 0.0050893801 | L39: =IF($N$3<=K39,"OK","NO") -> OK
B40: mezz | C40: 14 | D40: 4 | E40: =C40^2/4*PI()*D40 -> 615.75216 | F40: 18 | G40: 3 | H40: =F40^2/4*PI()*G40 -> 763.40701 | I40: =E40/($U$3*$V$3) -> 0.0041050144 | J40: =IF($N$3<=I40,"OK","NO") -> OK | K40: =H40/($U$3*$V$3) -> 0.0050893801 | L40: =IF($N$3<=K40,"OK","NO") -> OK
A41: 3 | B41: start | C41: 18 | D41: 3 | E41: =C41^2/4*PI()*D41 -> 763.40701 | F41: 18 | G41: 3 | H41: =F41^2/4*PI()*G41 -> 763.40701 | I41: =E41/($U$3*$V$3) -> 0.0050893801 | J41: =IF($N$3<=I41,"OK","NO") -> OK | K41: =H41/($U$3*$V$3) -> 0.0050893801 | L41: =IF($N$3<=K41,"OK","NO") -> OK
B42: end | C42: 18 | D42: 3 | E42: =C42^2/4*PI()*D42 -> 763.40701 | F42: 14 | G42: 4 | H42: =F42^2/4*PI()*G42 -> 615.75216 | I42: =E42/($U$3*$V$3) -> 0.0050893801 | J42: =IF($N$3<=I42,"OK","NO") -> OK | K42: =H42/($U$3*$V$3) -> 0.0041050144 | L42: =IF($N$3<=K42,"OK","NO") -> OK
A43: TEL. 2 | B43: sezione | C43: $A_{sup}$ | F43: $A_{inf}$ | I43: $\rho_{sup}$ | K43: $\rho_{inf}$
A44: Camp. | C44: $\phi$ | D44: N$\phi$ | E44: A (mm^2) | F44: $\phi$ | G44: N$\phi$ | H44: A (mm^2) | I44: - | K44: -
A45: 1 | B45: start | C45: 18 | D45: 3 | E45: =C45^2/4*PI()*D45 -> 763.40701 | F45: 14 | G45: 4 | H45: =F45^2/4*PI()*G45 -> 615.75216 | I45: =E45/($U$3*$V$3) -> 0.0050893801 | J45: =IF($N$3<=I45,"OK","NO") -> OK | K45: =H45/($U$3*$V$3) -> 0.0041050144 | L45: =IF($N$3<=K45,"OK","NO") -> OK
B46: end | C46: 18 | D46: 3 | E46: =C46^2/4*PI()*D46 -> 763.40701 | F46: 14 | G46: 4 | H46: =F46^2/4*PI()*G46 -> 615.75216 | I46: =E46/($U$3*$V$3) -> 0.0050893801 | J46: =IF($N$3<=I46,"OK","NO") -> OK | K46: =H46/($U$3*$V$3) -> 0.0041050144 | L46: =IF($N$3<=K46,"OK","NO") -> OK
A47: 2 | B47: start/end | C47: 18 | D47: 3 | E47: =C47^2/4*PI()*D47 -> 763.40701 | F47: 14 | G47: 4 | H47: =F47^2/4*PI()*G47 -> 615.75216 | I47: =E47/($U$3*$V$3) -> 0.0050893801 | J47: =IF($N$3<=I47,"OK","NO") -> OK | K47: =H47/($U$3*$V$3) -> 0.0041050144 | L47: =IF($N$3<=K47,"OK","NO") -> OK
B48: mezz | C48: 14 | D48: 4 | E48: =C48^2/4*PI()*D48 -> 615.75216 | F48: 14 | G48: 4 | H48: =F48^2/4*PI()*G48 -> 615.75216 | I48: =E48/($U$3*$V$3) -> 0.0041050144 | J48: =IF($N$3<=I48,"OK","NO") -> OK | K48: =H48/($U$3*$V$3) -> 0.0041050144 | L48: =IF($N$3<=K48,"OK","NO") -> OK
A49: 3 | B49: start | C49: 18 | D49: 3 | E49: =C49^2/4*PI()*D49 -> 763.40701 | F49: 14 | G49: 4 | H49: =F49^2/4*PI()*G49 -> 615.75216 | I49: =E49/($U$3*$V$3) -> 0.0050893801 | J49: =IF($N$3<=I49,"OK","NO") -> OK | K49: =H49/($U$3*$V$3) -> 0.0041050144 | L49: =IF($N$3<=K49,"OK","NO") -> OK
B50: end | C50: 18 | D50: 3 | E50: =C50^2/4*PI()*D50 -> 763.40701 | F50: 14 | G50: 4 | H50: =F50^2/4*PI()*G50 -> 615.75216 | I50: =E50/($U$3*$V$3) -> 0.0050893801 | J50: =IF($N$3<=I50,"OK","NO") -> OK | K50: =H50/($U$3*$V$3) -> 0.0041050144 | L50: =IF($N$3<=K50,"OK","NO") -> OK
