Workbook
Name ca: 'Foglio deposito'!$D$2:$D$4
Name cari: 'Foglio deposito'!$F$2:$F$4
Name clas: 'Foglio deposito'!$M$10:$M$18
Name comb: 'Foglio deposito'!$F$2:$F$3
Name fe: 'Foglio deposito'!$P$10:$P$11
Name fes: 'Foglio deposito'!$O$111:$O$113
Name sigc: 'Foglio deposito'!$E$142:$E$143
Name sigs: 'Foglio deposito'!$F$142:$F$143
Name SN: 'Foglio deposito'!$B$2:$B$3
Name w: '[1]DATI NASCOSTI'!$C$105:$C$107

Sheet Istruzioni
B6: Il foglio di calcolo esegue le verifiche allo stato limite di esercizio per le sezioni a "T" e per le
B7: sezioni rettangolari (per verificare una sezione rettangolare basta inserire bw=b).
B8: Si possono modificare solo le sezioni con il bordo doppio.
B9: Salvando in formato pdf la scheda verifica sle si può ricavare la relazione, la stampa è
B10: stata ottimizzata per un risultato ottimale.
B12: versione 1.1
B13: www.davidecicchini.it
I14: Ing. Davide Cicchini
I15: www.davidecicchini.it

Sheet Verifica SLE
B1: Verifica trave SLE
B3: 1-Geometria, definizione dei carichi e dei materiali utilizzati.
B5: Larghezza della base superiore | D5: b | E5: 500 | F5: mm
B6: Larghezza della base inferiore | D6: bw | E6: 100 | F6: mm
B7: Altezza della sezione | D7: h | E7: 220 | F7: mm
B8: Spessore dell'alla | D8: s | E8: 40 | F8: mm
B9: Spessore copriferro | D9: d' | E9: 30 | F9: mm
B11: Classe di resistenza del calcestruzzo | E11: C25/30
B12: Tipo Acciaio | E12: Fe B450C
B13: Modulo elastico dell'acciaio | D13: Es | E13: 210000 | F13: Mpa
B15: Lunghezza della trave (app-app) | D15: L | E15: 5.5 | F15: m
B17: Carico Permanente strutturale | D17: G1 | E17: =1.9*0.5 -> 0.95 | F17: kN/m2
B18: Carico Permanente non strutturale | D18: G2 | E18: =5.92*0.5 -> 2.96 | F18: kN/m2
B19: Carico folla | D19: Qk | E19: =2*0.5 -> 1 | F19: kN/m2
B21: Med combinazione caratteristica | E21: 12.03 | F21: kN/m2
B22: Med combinazione frequente | E22: 9.82 | F22: kN/m2
B23: Med combinazione quasi permanente | E23: 8.93 | F23: kN/m2
B25: La condizione ambientale è: | D25: ordinaria
B27: 2-Armature utilizzate
B29: Rete elettrosaldata | C29: 0 | D29: 20
B31: Armatura Superiore | C31: 10 | D31: 12 | E31: 14 | F31: As, inserita
D32: 3 | F32: =E32*(E31/2)^2*PI()+C32*(C31/2)^2*PI()+D32*(D31/2)^2*PI()+(C29/2)^2*PI()*E5/(D29*10) -> 339.29201
B34: Armatura Inferiore | C34: 10 | D34: 12 | E34: 14 | F34: As, inserita
D35: 2 | F35: =E35*(E34/2)^2*PI()+C35*(C34/2)^2*PI()+D35*(D34/2)^2*PI() -> 226.19467
B37: 3-Riepilogo
B39: Lunghezza trave: | C39: ='Verifica SLE'!E15 -> 5.5 | D39: Qk | E39: =E19 -> 1 | F39: kN/m
D40: ↓ | E40: ↓ | F40: ↓
D42: G2 | E42: =E18 -> 2.96 | F42: kN/m
D43: ↓ | E43: ↓ | F43: ↓
D45: G1 | E45: =E17 -> 0.95 | F45: kN/m
D46: ↓ | E46: ↓ | F46: ↓
E48: =E5/10 -> 50
B49: =IF(C87="LA SEZIONE SI FESSURA (STADIO 2)",D95,D73) -> 30.878075 | E49: =F32 -> 339.29201 | F49: =IF(E6=E5,"",E8/10) -> 4
E51: =IF(F49="",0,F49)*E48+F52*E55 -> 380
B52: =D140 -> 50.247861 | F52: =(E7-E8)/10 -> 18
E54: =F35 -> 226.19467
E55: =(E6)/10 -> 10
B56: 4-Resistenze dei materiali
B57: Rck | C57: ='Foglio deposito'!S10 -> 30 | D57: N/mm2
B58: fck | C58: ='Foglio deposito'!S10*0.83 -> 24.9 | D58: N/mm2
B59: fcd | C59: =(0.83*'Foglio deposito'!S10)/1.5 -> 16.6 | D59: N/mm2
B60: fctm | C60: =0.3*C58^(2/3) -> 2.5581194 | D60: N/mm2
B61: fctk | C61: =0.7*C60 -> 1.7906836 | D61: N/mm2
B62: fbd | C62: =(2.25*C61)/1.5 -> 2.6860254 | D62: N/mm2
B63: fyd | C63: ='Foglio deposito'!S11/1.15 -> 391.30435 | D63: N/mm2
B65: 5-Verifiche allo stato limite di esercizio
B66: Si effettuano le seguenti verifiche, per la sezione di mezzeria:
B67: I-Verifica di deformabilità
B68: II-Verifica delle tensioni di esercizio
B69: III-Verifica di fessurazione
C70: Calcestruzzo nuovo
C71: sezione totalmente reagente
B72: Calcestruzzo nuovo, sezione totalmente reagente | C72: n | D72: =E13/D74 -> 6.6778682 | E72: -
C73: y | D73: ='Foglio deposito'!AB24 -> 74.084376 | E73: mm
C74: E_c | D74: =22000*(('Foglio deposito'!S10*0.83+8)/10)^0.3 -> 31447.161 | E74: Mpa
C75: J_1 | D75: ='Foglio deposito'!AB25*10^-4 -> 19074.612 | E75: cm^⁴
C76: W_1 | D76: =D75/D73 -> 257.47145 | E76: cm^³
C77: P_{sle carat.} | D77: =E17+E18+E19 -> 4.91 | E77: kN/m
C78: M_{ed} | D78: =E21 -> 12.03 | E78: kNm
C79: M_{cr} | D79: =(1.2*C60*D75*10^4)/(E7-D73)*10^-6 -> 4.0128782 | E79: kNm
C80: f_1 | D80: 2.86 | E80: mm | F80: =5/384*(D77*'Verifica SLE'!C39^4/(D74*(10^3)*D75*(10^-8)))*10^3 -> 9.7529022
C81: f | D81: =D80 -> 2.86 | E81: mm
C82: f_{max} | D82: ='Verifica SLE'!C39*1000/250 -> 22 | E82: mm
C83: f ≤ f_{max} | D83: =IF(D81<=D82,"verificato 1/250","non verificato 1/250") -> verificato 1/250
C84: σ_ c | D84: =-D78/(D75)*10^2*D73 -> -4.6723626 | E84: Mpa
C85: σ _c ≤ 0,6 f_{ck} | D85: =IF(D84<=0.6*C58," VERIFICATO","NON VERIFICATO!") -> VERIFICATO
C86: σ_ s | D86: =D78/(D75)*10^2*(E7-E9-D73)*D72 -> 48.819096 | E86: Mpa
C87: =IF(D78>D79,"LA SEZIONE SI FESSURA (STADIO 2)","LA SEZIONE NON SI FESSURA (STADIO 1)") -> LA SEZIONE SI FESSURA (STADIO 2)
C88: Cls nuovo sezione tot. reagente
C89: in combinazione caratteristica | H89: 5.2-Verifiche per il calcestruzzo Giovane, in combinazione caratteristica
B90: Calcestruzzo nuovo | C90: n | D90: =E13/D99 -> 6.6778682 | E90: -
C91: P,sle carat. | D91: =VLOOKUP(C91,'Foglio deposito'!F2:H4,2,) -> 4.91 | E91: kN/m
C92: M_{ed} | D92: =VLOOKUP(C91,'Foglio deposito'!F2:H4,3,) -> 12.03 | E92: kNm
C93: J_1 | D93: =D75 -> 19074.612 | E93: cm^⁴
C94: M_{cr} | D94: =D79 -> 4.0128782 | E94: kNm
C95: y | D95: =IF(C110="LA SEZIONE NON SI FESSURA (STADIO 1)",D73,'Foglio deposito'!AB46) -> 30.878075 | E95: mm
C96: d,virt | D96: =IF(C110="LA SEZIONE NON SI FESSURA (STADIO 1)","",IF('Foglio deposito'!AD42=TRUE,'Foglio deposito'!AB41,'Foglio deposito'!AB45)) -> 94 | E96: mm
C97: =IF('Foglio deposito'!AD42=TRUE,'Foglio deposito'!AA40,'Foglio deposito'!AA44) -> ηs | D97: =IF('Verifica SLE'!C157="LA SEZIONE NON SI FESSURA (STADIO 1)","",IF('Foglio deposito'!AD42=TRUE,'Foglio deposito'!AB40,'Foglio deposito'!AB44)) -> 7.552491 | E97: mm
C98: =IF('Foglio deposito'!AD42=TRUE,'Foglio deposito'!Z43,'Foglio deposito'!AA43) -> As | D98: =IF('Verifica SLE'!C157="LA SEZIONE NON SI FESSURA (STADIO 1)","",IF('Foglio deposito'!AD42=TRUE,F32+F35,'Foglio deposito'!AB43)) -> 565.48668 | E98: mm^²
C99: E_c | D99: =D74 -> 31447.161 | E99: Mpa
C100: J_2 | D100: =IF(C110="LA SEZIONE NON SI FESSURA (STADIO 1)","",IF(D95<=E8,'Foglio deposito'!B43,'Foglio deposito'!D43)) -> 4315.4052 | E100: cm^⁴
C101: f_1 | D101: 2.86 | E101: mm | F101: =5/384*(D91*'Verifica SLE'!C39^4/(D99*(10^3)*D75*(10^-8)))*10^3 -> 9.7529022
C102: f_2 | D102: 10.26 | E102: mm | F102: =IF(C110="LA SEZIONE NON SI FESSURA (STADIO 1)","",5/384*(D91*'Verifica SLE'!C39^4/(D99*(10^3)*D100*(10^-8)))*10^3) -> 43.109005
C103: f | D103: =IF(E111="SI",D102,IF(D79/D92>1,D101,D101*1*(D79/D92)^2+D102*(1-1*(D79/D92)^2))) -> 9.436597 | E103: mm
C104: f_{max} | D104: ='Verifica SLE'!C39*1000/250 -> 22 | E104: mm
C105: f ≤f_{max} | D105: =IF(D103<=D104,"verificato 1/250","non verificato 1/250") -> verificato 1/250
C106: σ_ c | D106: =IF(E111="si",-D92/D100*10^2*D95,IF(D94/D92>1,-D92/D93*10^2*D95,-D92/D100*10^2*D95)) -> -8.6078417 | E106: Mpa
C107: σ _c ≤ 0,6 f_{ck} | D107: =IF(ABS(D106)<=0.6*C58," VERIFICATO","NON VERIFICATO!") -> VERIFICATO
C108: σ _s | D108: =IF(E111="si",D92/D100*10^2*('Foglio deposito'!P4-D95)*D90,IF(D94/D92>1,D92/D93*10^2*('Foglio deposito'!P4-D95)*D90,D92/D100*10^2*('Foglio deposito'!P4-D95)*D90)) -> 296.21832 | E108: Mpa
C109: σ_ s ≤ 0,8 f_{yk} | D109: =IF(D108<=0.8*'Foglio deposito'!S11," VERIFICATO","NON VERIFICATO!") -> VERIFICATO
C110: =IF(E111="si", "FESSURAZIONE IMPOSTA (STADIO 2)",IF(D94/D92<1,"LA SEZIONE SI FESSURA (STADIO 2)","LA SEZIONE NON SI FESSURA (STADIO 1)")) -> LA SEZIONE SI FESSURA (STADIO 2)
B111: FESSURAZIONE IMPOSTA NELLA SEZIONE GIOVANE: | E111: NO
C112: Calcestruzzo nuovo
C113: in combinazione frequente
B114: Calcestruzzo nuovo | C114: n | D114: =E13/D99 -> 6.6778682 | E114: -
C115: P,sle freq | D115: =E17+E18+0.5*E19 -> 4.41 | E115: kN/m
C116: M_{ed} | D116: =E22 -> 9.82 | E116: kNm
C117: J_1 | D117: =D93 -> 19074.612 | E117: cm^⁴
C118: M_{cr} | D118: =D94 -> 4.0128782 | E118: kNm
C119: y | D119: =D95 -> 30.878075 | E119: mm
...

Sheet Foglio1

Sheet fessurazione semplific.
B2: Verifica della fessurazione senza calcolo diretto, in combinazione quasi
B3: permanente
B5: La verifica dell'ampiezza di fesseurazione per via indiretta, può riferirsi ai limiti
B6: di tensione nell'acciaio di armatura definiti nelle tabelle C.4.1.II e C.4.1.III.
B7: La tensione σs è quella nell'acciaio d'armatura prossimo al lembo teso della
B8: sezione calcolata nella sezione parzializzata per la combinazione di carico
B9: pertinente.
B10: Lo stato limite di apertura delle fessure, riferito alla combinazione di azioni
B11: prescelta, è il valore limite di apertura della fessura calcolato al livello
B12: considerato. In particolare si assume pari ad uno dei seguenti valori nominali.
B13: Lo stato limite deve essere fissato in funzione delle condizioni ambientali e della
B14: sensibilità delle armature.
C16: w1 | D16: 0,2 mm
C17: w2 | D17: 0,3 mm
C18: w3 | D18: 0,4 mm
B51: La condizione ambientale è: | E51: ='Verifica SLE'!D25 -> ordinaria
B53: Le armature utilizzate riportano le seguenti caratteristiche:
B55: copriferro laterale: | E55: ='Verifica SLE'!E9 -> 30
B57: Passo medio delle armature: | E57: =('Verifica SLE'!E6-2*E55-'Verifica SLE'!C35*'Verifica SLE'!C34-'Verifica SLE'!D35*'Verifica SLE'!D34-'Verifica SLE'!E35*'Verifica SLE'!E34)/('Verifica SLE'!C35+'Verifica SLE'!D35+'Verifica SLE'!E35) -> 8
B58: Massimo diametro utilizzato: | E58: =MAXA(IF('Verifica SLE'!C35=0,0,'Verifica SLE'!C34),IF('Verifica SLE'!D35=0,0,'Verifica SLE'!D34),IF('Verifica SLE'!E35=0,0,'Verifica SLE'!E34)) -> 12

Sheet Foglio deposito
B2: SI | D2: ordinaria | F2: P,sle carat. | G2: ='Verifica SLE'!E17+'Verifica SLE'!E18+'Verifica SLE'!E19 -> 4.91 | H2: ='Verifica SLE'!E21 -> 12.03
B3: NO | D3: aggressiva | F3: P,sle freq. | G3: ='Verifica SLE'!E17+'Verifica SLE'!E18+0.5*'Verifica SLE'!E19 -> 4.41 | H3: ='Verifica SLE'!E22 -> 9.82 | I3: n,vec | J3: ='Verifica SLE'!D135 -> 24.663593 | M3: Spessore dell'anima equivalente | O3: bW | P3: ='Verifica SLE'!E55*10 -> 100 | Q3: mm
D4: molto aggressiva | F4: P,sle quas. Perm | G4: ='Verifica SLE'!E17+'Verifica SLE'!E18+0.3*'Verifica SLE'!E19 -> 4.21 | H4: ='Verifica SLE'!E23 -> 8.93 | I4: n,gio | J4: ='Verifica SLE'!D90 -> 6.6778682 | M4: Altezza utile della sezione | O4: d | P4: ='Verifica SLE'!E7-'Verifica SLE'!E9 -> 190 | Q4: mm | V4: h0 | W4: =(2*((AB6*AB10)+(AB7*(AB8-AB10))))/(AB6+AB7) -> 126.66667 | Z4: 1 | AA4: As= | AB4: ='Verifica SLE'!F35 -> 226.19467 | AC4: mm2
I5: b | J5: =J29 -> 500 | Z5: =1+Z4 -> 2 | AA5: A's= | AB5: ='Verifica SLE'!F32 -> 339.29201 | AC5: mm2
B6: accsup | I6: b0 | J6: =J30 -> 100 | V6: h0 | W6: kh | Z6: =1+Z5 -> 3 | AA6: b= | AB6: ='Verifica SLE'!E5 -> 500 | AC6: mm
B7: =B24 -> 339.29201 | I7: s | J7: =J31 -> 40 | V7: 10 | W7: 1 | Z7: =1+Z6 -> 4 | AA7: b0= | AB7: ='Verifica SLE'!E6 -> 100 | AC7: mm
B8: accinf | I8: d | J8: =J32 -> 190 | V8: =W4 -> 126.66667 | W8: =-((W7-W9)/(V7-V9)*(V9-V8)-W9) -> 0.90789474 | Z8: =1+Z7 -> 5 | AA8: h= | AB8: ='Verifica SLE'!E7 -> 220 | AC8: mm
B9: =B26 -> 226.19467 | I9: d' | J9: =J33 -> 30 | V9: 200 | W9: 0.85 | Z9: =1+Z8 -> 6 | AA9: d'= | AB9: ='Verifica SLE'!E9 -> 30 | AC9: mm
B10: Atot,equival | M10: C8/10 | N10: =10 -> 10 | P10: Fe B450C | Q10: 450 | S10: =VLOOKUP('Verifica SLE'!E11,'Foglio deposito'!M10:N21,2,) -> 30 | V10: =W4 -> 126.66667 | W10: =-((W9-W11)/(V9-V11)*(V11-V10)-W11) -> 0.92333333 | Z10: =1+Z9 -> 7 | AA10: s= | AB10: ='Verifica SLE'!E8 -> 40 | AC10: mm
B11: =B7+B9 -> 565.48668 | M11: C12/15 | N11: 15 | P11: Fe B44k | Q11: 430 | S11: =VLOOKUP('Verifica SLE'!E12,'Foglio deposito'!P10:Q11,2,) -> 450 | V11: 300 | W11: 0.75 | Z11: =1+Z10 -> 8 | AA11: d= | AB11: ='Foglio deposito'!P4 -> 190 | AC11: mm
M12: C16/20 | N12: 20 | V12: =W4 -> 126.66667 | W12: =-((W11-W13)/(V11-V13)*(V13-V12)-W13) -> 0.79333333 | Z12: =1+Z11 -> 9 | AA12: Ec= | AB12: =22000*(('Foglio deposito'!S10*0.83+8)/10)^0.3 -> 31447.161 | AC12: N/mm2
B13: A | C13: B | D13: C | E13: x | M13: C20/25 | N13: 25 | V13: 500 | W13: 0.7 | Z13: =1+Z12 -> 10 | AA13: Es= | AB13: ='Verifica SLE'!E13 -> 210000 | AC13: N/mm2
B14: =J6/2 -> 50 | C14: =(J5*J7+J6+J4*B7+J4*B9) -> 23876.246 | D14: =-J5*J7^2/2-J6*J8-J4*B7*J9-J4*B9*J8 -> -773967.08 | E14: =(-C14+(C14^2-4*B14*D14)^0.5)/(2*B14) -> 30.471368 | M14: C25/30 | N14: 30 | Z14: =1+Z13 -> 11 | AA14: Ec,eff= | AB14: =AB12/(1+W24) -> 8514.5744 | AC14: N/mm2
M15: C28/35 | N15: 35 | V15: ho | W15: ϕ | Z15: =1+Z14 -> 12 | AA15: fck= | AB15: ='Verifica SLE'!C58 -> 24.9 | AC15: N/mm2
M16: C32/40 | N16: 40 | V16: 75 | W16: 2.9 | Z16: =1+Z15 -> 13 | AA16: fctm= | AB16: ='Verifica SLE'!C60 -> 2.5581194 | AC16: N/mm2
M17: C35/45 | N17: 45 | V17: =W4 -> 126.66667 | W17: =-((W16-W18)/(V16-V18)*(V18-V17)-W18) -> 2.6933333 | Z17: =1+Z16 -> 14 | AA17: fctk= | AB17: ='Verifica SLE'!C61 -> 1.7906836 | AC17: N/mm2
M18: C40/50 | N18: 50 | V18: 150 | W18: 2.6 | Z18: =1+Z17 -> 15 | AA18: n= | AB18: =AB13/AB14 -> 24.663593 | AC18: coeff. di omog. cls vecchio
M19: C45/55 | N19: 55 | V19: =W4 -> 126.66667 | W19: =-((W18-W20)/(V18-V20)*(V20-V19)-W20) -> 2.6466667 | Z19: =1+Z18 -> 16 | AA19: n' | AB19: =AB13/AB12 -> 6.6778682 | AC19: coeff. di omog. cls giovane
V20: 300 | W20: 2.3 | Z20: =1+Z19 -> 17 | AA20: σc-= | AB20: 9.75 | AC20: N/mm2
D21: sol | M21: C50/60 | N21: 60 | V21: =W4 -> 126.66667 | W21: =-((W20-W22)/(V20-V22)*(V22-V21)-W22) -> 2.3577778 | Z21: =1+Z20 -> 18 | AA21: fyk= | AB21: =S11 -> 450 | AC21: N/mm2 | AD21: FeB450c
D22: =('Verifica SLE'!E5-'Foglio deposito'!P3)/'Verifica SLE'!D90*'Verifica SLE'!E8 -> 2395.9742 | V22: 600 | W22: 2.2
B23: accsup | D23: accsup | AA23: STADIO 1 CLS GIOVANE
B24: =D24 -> 339.29201 | D24: ='Verifica SLE'!F32 -> 339.29201 | V24: ϕ | W24: =IF(W4<V18,W17,IF(W4<V20,W19,W21)) -> 2.6933333 | AA24: x | AB24: =(AB19*(AB43+AB4+AB5)*AB45+AB7*AB8^2/2)/(AB19*(AB43+AB4+AB5)+AB7*AB8) -> 74.084376 | AC24: mm
B25: accinf | D25: accinf | AA25: jid1= | AB25: =AB6*AB10^3/12+AB6*AB10*(AB10/2-AB24)^2+AB7*(AB8-AB10)^3/12+AB7*(AB8-AB10)*((AB8-AB10)/2-(AB24-AB10))^2+AB19*AB5*(AB24-AB9)^2+AB19*AB4*(AB11-AB24)^2 -> 1.9074612e+08 | AC25: mm4
B26: =D26 -> 226.19467 | D26: ='Verifica SLE'!F35 -> 226.19467 | AA26: J,solo cls | AB26: =AB6*AB10^3/12+AB6*AB10*(AB10/2-AB27)^2+AB7*(AB8-AB10)^3/12+AB7*(AB8-AB10)*((AB8-AB10)/2-(AB27-AB10))^2 -> 1.6589825e+08 | AC26: mm4
B27: Atot,equival | D27: Atot,equival | AA27: x,solo cls | AB27: =(AB19*AB43*AB10/2+AB7*AB8^2/2)/(AB19*AB43+AB7*AB8) -> 72.105263 | AC27: mm
B28: =B24+B26 -> 565.48668 | D28: =D22+D24+D26 -> 2961.4609 | AA28: σ_c | AC28: N/mm2
I29: b | J29: =J54 -> 500 | AA29: σ_s | AC29: N/mm2
B30: xsoletta | D30: xfuori | F30: xsoletta,approx | I30: b0 | J30: =J55 -> 100
B31: =B39*(-1+(1+2*B33/B39)^0.5) -> 30.878075 | D31: =D39*(-1+(1+2*D33/D39)^0.5) -> 31.604784 | F31: =F39*(-1+(1+2*F33/F39)^0.5) -> 37.211797 | I31: s | J31: =J56 -> 40
B32: d,virt | D32: d,virt | F32: d | I32: d | J32: =J57 -> 190 | AA32: STADIO 1 CLS VECCHIO
B33: =(B24*J33+B26*J32)/(B24+B26) -> 94 | D33: =(D22*J31/2+D24*J33+D26*J32)/D28 -> 34.130193 | F33: ='Foglio deposito'!P4 -> 190 | I33: d' | J33: =J58 -> 30 | AA33: x | AB33: =(AB18*(AB55+AB4+AB5)*AB57+AB7*AB8^2/2)/(AB18*(AB55+AB4+AB5)+AB7*AB8) -> 77.983655 | AC33: mm
AA34: jid1= | AB34: =AB6*AB10^3/12+AB6*AB10*(AB10/2-AB33)^2+AB7*(AB8-AB10)^3/12+AB7*(AB8-AB10)*((AB8-AB10)/2-(AB33-AB10))^2+AB18*AB5*(AB33-AB9)^2+AB18*AB4*(AB11-AB33)^2 -> 2.5647903e+08 | AC34: mm4
B35: As, virtuale | D35: As, virtuale | F35: As | AA35: σ_c | AC35: N/mm2
B36: =((('Verifica SLE'!C29/2)^2*PI()*'Verifica SLE'!E5/200))+'Verifica SLE'!F32 -> 339.29201 | D36: =D22+D24+D26 -> 2961.4609 | F36: ='Verifica SLE'!F32 -> 339.29201 | AA36: σ_s | AC36: N/mm2
B38: f | D38: f | F38: f
B39: ='Verifica SLE'!D90/J29*B28 -> 7.552491 | D39: ='Verifica SLE'!D90*D28/J30 -> 197.76246 | F39: ='Verifica SLE'!D90/J29*F36 -> 4.5314946 | AA39: STADIO 2 CLS GIOVANE
AA40: ηs | AB40: =AB19*(AB4+AB5)/AB6 -> 7.552491 | AC40: mm
B41: j | D41: j | AA41: d0 | AB41: =(AB4*AB11+AB5*AB9)/(AB4+AB5) -> 94 | AC41: mm
B42: =1/3*J29*B31^3+'Verifica SLE'!D90*(B26*(J32-B31)^2+B24*(B31-J33)^2) -> 43154052 | D42: =J30*D31^3/3+(J29-J30)*J31^3/12+(J29-J30)*J31*(D31-J31/2)^2+'Verifica SLE'!D90*D24*(D31-J33)^2+'Verifica SLE'!D90*D26*(J32-D31)^2 -> 43243156 | AA42: x | AB42: =AB40*(-1+SQRT(1+2*AB41/AB40)) -> 30.878075 | AC42: mm | AD42: =IF(AB42<$AB$10,TRUE,FALSE) -> TRUE
B43: =B42*10^-4 -> 4315.4052 | D43: =D42*10^-4 -> 4324.3156 | Z43: As | AA43: As* | AB43: =(AB6-AB7)/AB19*AB10 -> 2395.9742 | AC43: mm2
AA44: ηn | AB44: =AB19*(AB5+AB4+AB43)/AB7 -> 197.76246 | AC44: mm
AA45: d0* | AB45: =(AB5*AB9+AB4*AB11+AB43*AB10/2)/(AB5+AB4+AB43) -> 34.130193 | AC45: mm
D46: sol | AA46: x | AB46: =IF(AD42=TRUE,AB42,AB44*(-1+SQRT(1+2*AB45/AB44))) -> 30.878075 | AC46: mm
D47: =('Verifica SLE'!E5-'Foglio deposito'!P3)/'Verifica SLE'!D135*'Verifica SLE'!E8 -> 648.72948 | AA47: Jid= | AB47: =AB6*AB42^3/3+AB5*AB19*(AB42-AB9)^2+AB4*AB19*(AB11-AB42)^2 -> 43154052 | AC47: mm4 | AD47: comb freq
B48: accsup | D48: accsup | AA48: σ_c | AB48: ='Verifica SLE'!D125 -> -7.0265175 | AC48: N/mm2 | AD48: ='Foglio deposito'!H142 -> -6.3896947
B49: =D49 -> 339.29201 | D49: ='Verifica SLE'!F32 -> 339.29201 | AA49: σ_s | AB49: ='Verifica SLE'!D126 -> 241.80083 | AC49: N/mm2 | AD49: ='Foglio deposito'!H143 -> 219.88609
B50: accinf | D50: accinf
B51: =D51 -> 226.19467 | D51: ='Verifica SLE'!F35 -> 226.19467 | AA51: STADIO 2 CLS VECCHIO
B52: area tot eq | D52: area tot eq | AA52: ηs | AB52: =AB18*(AB4+AB5)/AB6 -> 27.893867 | AC52: mm
B53: =B49+B51 -> 565.48668 | D53: =D47+D49+D51 -> 1214.2162 | AA53: d0 | AB53: =(AB4*AB11+AB5*AB9)/(AB4+AB5) -> 94 | AC53: mm
I54: b | J54: ='Verifica SLE'!E5 -> 500 | AA54: x | AB54: =AB52*(-1+SQRT(1+2*AB53/AB52)) -> 49.708419 | AC54: mm | AD54: =IF(AB54<$AB$10,TRUE,FALSE) -> FALSE
B55: xsoletta | D55: xfuori | F55: xsoletta,approx | I55: b0 | J55: ='Foglio deposito'!P3 -> 100 | Z55: As | AA55: As* | AB55: =(AB6-AB7)/AB18*AB10 -> 648.72948 | AC55: mm2
B56: =B64*(-1+(1+2*B58/B64)^0.5) -> 49.708419 | D56: =D64*(-1+(1+2*D58/D64)^0.5) -> 50.247861 | F56: =F64*(-1+(1+2*F58/B64)^0.5) -> 31.509044 | I56: s | J56: ='Verifica SLE'!E8 -> 40 | AA56: ηn | AB56: =AB18*(AB5+AB4+AB55)/AB7 -> 299.46933 | AC56: mm
B57: d,virt | D57: d,virt | F57: d | I57: d | J57: ='Foglio deposito'!P4 -> 190 | AA57: d0* | AB57: =(AB5*AB9+AB4*AB11+AB55*AB10/2)/(AB5+AB4+AB55) -> 54.463398 | AC57: mm
B58: =(B51*'Foglio deposito'!P4+'Verifica SLE'!E9*B49)/(B49+B51) -> 94 | D58: =(D47*'Verifica SLE'!E8/2+D51*'Foglio deposito'!P4+'Verifica SLE'!E9*D49)/(D49+D51+D47) -> 54.463398 | F58: ='Foglio deposito'!P4 -> 190 | I58: d' | J58: ='Verifica SLE'!E9 -> 30 | AA58: x | AB58: =IF(AD54=TRUE,AB54,AB56*(-1+SQRT(1+2*AB57/AB56))) -> 50.247861 | AC58: mm
AA59: Jid= | AB59: =IF(AD54=TRUE,AD59,AD60) -> 1.3338907e+08 | AC59: mm4 | AD59: =AB6*AB58^3/3+AB5*AB18*(AB58-AB9)^2+AB4*AB18*(AB11-AB58)^2 -> 1.3353257e+08
B60: As, virtuale | D60: As, virtuale | F60: As | AA60: σ_c | AC60: N/mm2 | AD60: =1/3*AB6*AB58^3-1/3*(AB6-AB7)*(AB58-AB10)^3+AB18*(AB4*(AB11-AB58)^2+AB5*(AB58-AB9)^2) -> 1.3338907e+08
B61: =B51+B49 -> 565.48668 | D61: =D47+D49+D51 -> 1214.2162 | F61: =D51 -> 226.19467 | AA61: σ_s | AC61: N/mm2
B63: f | D63: f | F63: f | AA63: Mcr | AB63: =(1.2*AB16*AB25)/(AB8-AB24)*10^-6 -> 4.0128782 | AC63: kNm
B64: ='Verifica SLE'!D135/'Verifica SLE'!E5*B53 -> 27.893867 | D64: ='Verifica SLE'!D135/'Foglio deposito'!P3*D53 -> 299.46933 | F64: =F61*'Verifica SLE'!D135/'Verifica SLE'!E5 -> 11.157547
AE65: I2s
B66: j | D66: j | AE66: I2n
B67: =1/3*J54*B56^3+'Verifica SLE'!D135*(B51*(J57-B56)^2+B49*(B56-J58)^2) -> 1.3352125e+08 | D67: =J55*D56^3/3+(J54-J55)*J56^3/12+(J54-J55)*J56*(D56-J56/2)^2+'Verifica SLE'!D135*D49*(D56-J58)^2+'Verifica SLE'!D135*D51*(J57-D56)^2 -> 1.3338907e+08
B68: =B67*10^-4 -> 13352.125 | D68: =D67*10^-4 -> 13338.907
B72: As,virt | C72: =IF('Verifica SLE'!C157="LA SEZIONE NON SI FESSURA (STADIO 1)","",IF('Verifica SLE'!D140='Foglio deposito'!B56,'Foglio deposito'!B61,'Foglio deposito'!D61)) -> 1214.2162 | D72: mm²
B109: ρp,eff | C109: =AB4/(AB7*MIN(C110,C111)) -> 0.035880769 | F109: Φ medio sup | G109: Φ medio inf | I109: Rete elettrosaldata | J109: ='Verifica SLE'!C29 -> 0 | K109: ='Verifica SLE'!D29 -> 20
B110: 2,5 d' | C110: =2.5*AB9 -> 75 | F110: =(J112*J111^2+K112*K111^2+L112*L111^2+J54/(K109*10)*J109^2)/(J112*J111+K112*K111+L112*L111+J54/(K109*10)*J109) -> 12 | G110: =(J115*J114^2+K115*K114^2+L115*L114^2)/(J115*J114+K115*K114+L115*L114) -> 12
B111: (h-x)/3 | C111: =(AB8-AB46)/3 -> 63.040642 | F111: 5*(c-phi/2) | G111: 5*(c-phi/2) | I111: Armatura Superiore | J111: ='Verifica SLE'!C31 -> 10 | K111: ='Verifica SLE'!D31 -> 12 | L111: ='Verifica SLE'!E31 -> 14 | M111: ='Verifica SLE'!F31 -> As, inserita | O111: 0.2
B112: k1 | C112: 0.8 | F112: =5*(J33-F110/2) -> 120 | G112: =5*(J33-G110/2) -> 120 | J112: ='Verifica SLE'!C32 -> 0 | K112: ='Verifica SLE'!D32 -> 3 | L112: ='Verifica SLE'!E32 -> 0 | M112: ='Verifica SLE'!F32 -> 339.29201 | O112: 0.3
B113: k2 | C113: 0.5 | O113: 0.4
B114: k3 | C114: 3.4 | I114: Armatura Inferiore | J114: ='Verifica SLE'!C34 -> 10 | K114: ='Verifica SLE'!D34 -> 12 | L114: ='Verifica SLE'!E34 -> 14 | M114: ='Verifica SLE'!F34 -> As, inserita
B115: k4 | C115: 0.425 | J115: ='Verifica SLE'!C35 -> 0 | K115: ='Verifica SLE'!D35 -> 2 | L115: ='Verifica SLE'!E35 -> 0 | M115: ='Verifica SLE'!F35 -> 226.19467
B116: kt | C116: 0.4
B118: Sr,max | C118: =C114*AB9+C112*C113*C115*G110/C109 -> 158.85497
B119: εsm-εcm | C119: =IF((AB49/AB13-C116*(AB16/(AB13*C109)+AB16/AB12))<=0.6*AB49/AB13,0.6*AB49/AB13,AB49/AB13-C116*(AB16/(AB13*C109)+AB16/AB12)) -> 0.00098309386 | D119: =IF((AD49/AB13-C116*(AB16/(AB13*C109)+AB16/AB12))<=0.6*AD49/AB13,0.6*AD49/AB13,AD49/AB13-C116*(AB16/(AB13*C109)+AB16/AB12)) -> 0.00087873797
B120: wk | C120: =C118*C119 -> 0.15616934 | D120: =C118*D119 -> 0.13959189 | K120: freq | L120: quas perm
J121: ordinaria | K121: 0.4 | L121: 0.3
J122: aggressiva | K122: 0.3 | L122: 0.2
J123: molto aggressiva | K123: 0.2 | L123: 0.2
B141: tensioni
B142: comb quas perm | E142: σ c,vecchio | F142: σ s,vecchio | H142: =IF('Verifica SLE'!C151='Foglio deposito'!E142,'Foglio deposito'!B144,'Foglio deposito'!C144) -> -6.3896947
B143: vecchio | C143: nuovo | E143: σ c,nuovo | F143: σ s, nuovo | H143: =IF('Verifica SLE'!C153='Foglio deposito'!F142,'Foglio deposito'!B145,'Foglio deposito'!C145) -> 219.88609
B144: =IF('Verifica SLE'!E158="SI",-'Verifica SLE'!D137/'Verifica SLE'!D145*10^2*'Verifica SLE'!D140,IF('Verifica SLE'!D139/'Verifica SLE'!D137>1,-'Verifica SLE'!D137/'Verifica SLE'!D138*10^2*'Verifica SLE'!D140,-'Verifica SLE'!D137/'Verifica SLE'!D145*10^2*'Verifica SLE'!D140)) -> -3.3639442 | C144: =IF('Verifica SLE'!E158="SI",-'Verifica SLE'!D137/'Verifica SLE'!D124*10^2*'Verifica SLE'!D119,IF('Verifica SLE'!D139/'Verifica SLE'!D137>1,-'Verifica SLE'!D137/'Verifica SLE'!D138*10^2*'Verifica SLE'!D119,-'Verifica SLE'!D137/'Verifica SLE'!D124*10^2*'Verifica SLE'!D119)) -> -6.3896947
B145: =IF('Verifica SLE'!E158="si",'Verifica SLE'!D137/'Verifica SLE'!D145*10^2*('Foglio deposito'!P4-'Verifica SLE'!D140)*'Verifica SLE'!D135,IF('Verifica SLE'!D139/'Verifica SLE'!D137>1,'Verifica SLE'!D137/'Verifica SLE'!D138*10^2*('Foglio deposito'!P4-'Verifica SLE'!D140)*'Verifica SLE'!D135,'Verifica SLE'!D137/'Verifica SLE'!D145*10^2*('Foglio deposito'!P4-'Verifica SLE'!D140)*'Verifica SLE'!D135)) -> 230.75229 | C145: =IF('Verifica SLE'!E158="si",'Verifica SLE'!D137/'Verifica SLE'!D124*10^2*('Foglio deposito'!P4-'Verifica SLE'!D119)*'Verifica SLE'!D114,IF('Verifica SLE'!D139/'Verifica SLE'!D137>1,'Verifica SLE'!D137/'Verifica SLE'!D138*10^2*('Foglio deposito'!P4-'Verifica SLE'!D119)*'Verifica SLE'!D114,'Verifica SLE'!D137/'Verifica SLE'!D124*10^2*('Foglio deposito'!P4-'Verifica SLE'!D119)*'Verifica SLE'!D114)) -> 219.88609
