Workbook

Sheet Pesi elementi
B2: Peso tramezzi interni | F2: Tamponature esterne | J2: Pilastri
J3: a | K3: 0.3 | L3: m
J4: b | K4: 0.6 | L4: m
J5: 𝛾c.a | K5: 25 | L5: kN/m3
J6: Altezza Interpiano | K6: 3.5 | L6: m
J7: G1 | K7: =K5*K4*K3 -> 4.5 | L7: kN/m
J9: Trave Principale (Ricalata)
J10: a | K10: 0.3 | L10: m
J11: b | K11: 0.7 | L11: m
J12: 𝛾c.a | K12: 25 | L12: kN/m3
J13: G1 | K13: =K12*K11*K10 -> 5.25 | L13: kN/m
J15: Trave Secondaria (A Spessore)
J16: a | K16: 0.6 | L16: m
B17: үlaterizio | C17: 9 | D17: KN/m3 | F17: үlaterizio | G17: 9 | H17: KN/m3 | J17: b | K17: 0.22 | L17: m
B18: slaterizio | C18: 0.06 | D18: m | F18: slaterizio | G18: 0.06 | H18: m | J18: 𝛾c.a | K18: 25 | L18: kN/m3
B19: үmalta | C19: 18 | D19: KN/m3 | F19: sparete in laterizio | G19: 0.12 | H19: m | J19: G1 | K19: =K18*K17*K16 -> 3.3 | L19: kN/m
B20: sintonaco | C20: 0.015 | D20: m | F20: үmalta | G20: 18 | H20: KN/m3
B21: Altezza tramezzi | C21: =3.5-0.3 -> 3.2 | D21: m | F21: sintonaco | G21: 0.015 | H21: m
B22: P.Platerizio | C22: =C17*C18 -> 0.54 | D22: KN/m2 | F22: үmalta-cementizia | G22: 22 | H22: KN/m3
B23: P.Pintonaco | C23: =2*C19*C20 -> 0.54 | D23: KN/m2 | F23: sintonaco esterno | G23: 0.025 | H23: m
B24: Ptot | C24: =SUM(C22:C23) -> 1.08 | D24: KN/m2 | F24: Altezza tramezzi | G24: =3.5-0.7 -> 2.8 | H24: m
B25: G2 | C25: =C24*C21 -> 3.456 | D25: KN/m | F25: P.Platerizi forati | G25: =G17*(G19+G18) -> 1.62 | H25: KN/m2
B26: g2 | C26: 1.6 | D26: KN/m2 | F26: P.Pintonaco interno | G26: =G20*G21 -> 0.27 | H26: KN/m2
F27: P.Pintonaco esterno | G27: =G22*G23 -> 0.55 | H27: KN/m2
F28: P.Pisolante termico | G28: 0.09 | H28: KN/m2
F29: P.Pcortina di laterizio | G29: 0.35 | H29: KN/m2
F30: Ptot | G30: =SUM(G25:G29) -> 2.88 | H30: KN/m2
F31: Ptot al m | G31: =G30*G24 -> 8.064 | H31: KN/m
F32: G2 | G32: =G31 -> 8.064 | H32: KN/m
C37: Solaio latero cemento H=22 cm (Carichi riferiti ad una striscia di 1 m)
C39: (Altezza Solaio) H [m] | D39: 0.22
C40: (Altezza Soletta) s [m] | D40: 0.04
C41: (Altezza Pignatta) h [m] | D41: 0.18
C42: (Interasse Travetto) i [m] | D42: 0.5
D44: h [m] | E44: L [m] | F44: 𝛾 [kN/m3] | G44: 𝛾 [kN/m]
C45: Travetto | D45: 0.18 | E45: 0.1 | F45: 25 | G45: =2*D45*E45*F45 -> 0.9
C46: Soletta | D46: 0.04 | E46: 1 | F46: 25 | G46: =D46*E46*F46 -> 1
D48: G1 [KN/m]= | G48: =SUM(G45:G46) -> 1.9
D50: h [m] | E50: L [m] | F50: 𝛾 [kN/m3] | G50: 𝛾 [kN/m]
C51: Intonaco Interno | D51: 0.02 | E51: 1 | F51: 20 | G51: =D51*E51*F51 -> 0.4
C52: Massetto | D52: 0.04 | E52: 1 | F52: 18 | G52: =D52*E52*F52 -> 0.72 | J52: Carico d'Esercizio
C53: Malta di Allettamento | D53: 0.02 | E53: 1 | F53: 20 | G53: =D53*E53*F53 -> 0.4
C54: Pavimentazione | D54: 0.02 | E54: 1 | F54: 20 | G54: =D54*E54*F54 -> 0.4 | I54: Ambienti | J54: qk [KN/m2] | K54: Qk [KN] | L54: Hk [KN/m]
C55: Pignatta | D55: 0.18 | E55: 0.4 | F55: 6.5 | G55: =2*E55*D55*F55 -> 0.936 | I55: Uffici | J55: 3 | K55: 2 | L55: 1
I56: Copertura
D57: G2 [KN/m]= | G57: =SUM(G51:G55) -> 2.856 | I57: Praticabile | J57: =J55 -> 3 | K57: 2 | L57: 1
C61: Solaio di copertura piana latero cemento H=22 cm (Carichi riferiti ad una striscia di 1 m)
C63: Altezza Solaio H [m] | D63: 0.22
C64: Altezza Soletta s [m] | D64: 0.04
C65: Altezza Pignatta h [m] | D65: 0.18
C66: Interasse Travetto i [m] | D66: 0.5
D68: h [m] | E68: L [m] | F68: 𝛾 [kN/m3] | G68: 𝛾 [kN/m]
C69: Travetto | D69: 0.18 | E69: 0.1 | F69: 25 | G69: =2*D69*E69*F69 -> 0.9
C70: Soletta | D70: 0.04 | E70: 1 | F70: 25 | G70: =D70*E70*F70 -> 1
D72: G1 [KN/m] | G72: =SUM(G69:G70) -> 1.9
D74: h [m] | E74: L [m] | F74: 𝛾 [kN/m3] | G74: 𝛾 [kN/m]
C75: Intonaco Interno | D75: 0.02 | E75: 1 | F75: 20 | G75: =D75*E75*F75 -> 0.4
C76: Pignatta | D76: 0.18 | E76: 0.4 | F76: 6.5 | G76: =2*E76*D76*F76 -> 0.936
C77: Massetto | D77: 0.04 | E77: 1 | F77: 18 | G77: =D77*E77*F77 -> 0.72
C78: Isolante termico | D78: 0.05 | E78: 1 | F78: 1 | G78: 0.05
C79: impermiabilizzante | D79: 0.1 | E79: 1 | F79: 1 | G79: 0.1
C80: Massetto delle pendenze | D80: 0.07 | E80: 1 | F80: 16 | G80: =D80*F80 -> 1.12
C81: Malta di Allettamento | D81: 0.02 | E81: 1 | F81: 20 | G81: =D81*E81*F81 -> 0.4
C82: Pavimentazione | D82: 0.02 | E82: 1 | F82: 20 | G82: =D82*E82*F82 -> 0.4
D84: G2 [KN/m]= | G84: =SUM(G75:G83) -> 4.126

Sheet Azione del vento & Neve
B2: CALCOLO AZIONE DEL VENTO | I2: CALCOLO AZIONE DELLA NEVE
J3: qsk (Lucca) | K3: 1.94 | L3: KN/m2
C4: Velocità base di riferimento | J4: μi | K4: 0.8
C5: vb=vb,0*ca | J5: CE | K5: 1
J6: Ct | K6: 1
D7: a0 [m]= | E7: 500 | J7: qs (Carico Neve) | K7: =K3*K4*K5*K6 -> 1.552 | L7: KN/m2
C8: Zona 3 | D8: Ka = | E8: 0.37
D9: Vb,0 [m/s] = | E9: 27
C11: Per Lucca | D11: as [m] = | E11: 19
C13: poiché as <a0 | D13: ca= | E13: 1
C15: vb= | D15: =E9*E13 -> 27 | E15: m/s
C17: Velocità di riferimento
C18: vr=vb*cr
C20: Tr= | D20: 50 | E20: anni
C21: per 5<=Tr=>50
C22: cr= | D22: 1 | E22: anni
C23: per Tr>50
C24: cr= | D24: =0.65*SQRT(1-0.138*LN(-LN(1-(1/$D$20)))) -> 0.80622735 | E24: anni
C26: vr= | D26: =D15*D22 -> 27 | E26: m/s
C28: Pressione cinetica di riferimento
C29: qr=(1/2)*ρ*(vr)^2
C31: ρ= | D31: 1.25 | E31: Kg/m^3
C33: qr= | D33: =(1/2)*D31*(D26^2) -> 455.625 | E33: N/m^2
C37: Coefficiente di pressione [cp]
C39: Coefficiente di topografia [ct]
C40: 1
C42: cpe= | D42: 0.8
C44: cpe= | D44: -0.4
C46: Coefficiente di esposizione [ce]
C48: Toscana Zona 3
C49: distanza Lucca- mare 25 Km
C50: classe di rugosità D
C53: Categoria di esposizione del sito II
C54: Kr | D54: z0 [m] | E54: zmin [m]
C55: 0.23 | D55: 0.7 | E55: =12 -> 12
C57: fino a 4 m [ce] sarà : | D57: ce(<=4)= | E57: =$C$55^2*$C$40*LN($E$55/$D$55)*(7+$C$40*LN($E$55/$D$55)) -> 1.4793833
C59: Z [m]> zmin [m]
C60: 7 | D60: ce(7)= | E60: =$C$55^2*$C$40*LN(C60/$D$55)*(7+$C$40*LN(C60/$D$55)) -> 1.1331177
C62: Coefficiente dinamico [cd]
D63: 1
C66: Pressione del vento
C67: p=qr*ce*cp*cd
C69: Quota | D69: p sopravento [N/m^2] | E69: p sottovento [N/m^2]
C70: 0 | D70: =$D$33*$E$57*$D$42*$D$63 -> 539.2352 | E70: =$D$33*$E$57*$D$44*$D$63 -> -269.6176
C71: 4 | D71: =$D$33*$E$57*$D$42*$D$63 -> 539.2352 | E71: =$D$33*$E$57*$D$44*$D$63 -> -269.6176
C72: 7 | D72: =$D$33*E60*$D$42*$D$63 -> 413.02139 | E72: =$D$33*E60*$D$44*$D$63 -> -206.5107
C74: Conversione in KN/m^2
C75: Quota | D75: p sopravento [KN/m^2] | E75: p sottovento [KN/m^2]
C76: 0 | D76: =D70/1000 -> 0.5392352 | E76: =E70/1000 -> -0.2696176
C77: 4 | D77: =D71/1000 -> 0.5392352 | E77: =E71/1000 -> -0.2696176
C78: 7 | D78: =D72/1000 -> 0.41302139 | E78: =E72/1000 -> -0.2065107
C80: Pressione tangenziale del vento
C81: p=qr*ce*cf
C83: per superficie liscia | D83: cf= | E83: 0.01
C85: Quota | D85: pf [N/m^2]
C86: 0 | D86: =$D$33*$E$57*$E$83 -> 6.74044
C87: 4 | D87: =$D$33*$E$57*$E$83 -> 6.74044
C88: 7 | D88: =$D$33*E60*$E$83 -> 5.1627674
C90: Conversione in KN/m^2
C92: Quota | D92: pf [KN/m^2]
C93: 0 | D93: =D86/1000 -> 0.00674044
C94: 4 | D94: =D87/1000 -> 0.00674044
C95: 7 | D95: =D88/1000 -> 0.0051627674
L98: 0.67433
L102: ZONA | M102: A | O102: B,B* | Q102: C | R102: D | T102: E
M103: Cpe,10 | N103: Cpe,1 | O103: Cpe,10 | P103: Cpe,1 | Q103: Cpe,10 /Cpe,1 | R103: Cpe,10 | S103: Cpe,1 | T103: Cpe,10 /Cpe,1
M104: -1 | N104: -1.3 | O104: 0.8 | P104: -1 | Q104: -0.5 | R104: 0.8 | S104: 1 | T104: -0.3
L105: p [KN/m2] | M105: =$L98*M104 -> -0.67433 | N105: =$L98*N104 -> -0.876629 | O105: =$L98*O104 -> 0.539464 | P105: =$L98*P104 -> -0.67433 | Q105: =$L98*Q104 -> -0.337165 | R105: =$L98*R104 -> 0.539464 | S105: =$L98*S104 -> 0.67433 | T105: =$L98*T104 -> -0.202299

Sheet Analisi statica lineare
B2: CALCOLO MASSE DI PIANO
E4: COMB: | G4: G1 + G2 + Ψ2iQk | I4: Ψ2i=0,3
E6: Peso al m [KN/m] | F6: Peso al m^2 [KN/m^2] | G6: Caratteristiche | K6: PESO [KN]
D7: Pilastri | E7: ='Pesi elementi'!K7 -> 4.5 | F7: - | G7: del | K7: =12*E7*J10 -> 189
D8: travi principali | E8: ='Pesi elementi'!K13 -> 5.25 | F8: - | G8: fabbricato | K8: =(E8*G10)*6+(E8*H10)*3+(E8*I10)*4 -> 363.5625
D9: travi secondarie | E9: ='Pesi elementi'!K19 -> 3.3 | F9: - | G9: X1 [m] | H9: X2 [m] | I9: Y1 [m] | J9: h [m] | K9: =4*(E9*I10) -> 62.7
D10: solaio | E10: - | F10: ='Pesi elementi'!G48+'Pesi elementi'!G57+0.3*'Pesi elementi'!J55 -> 5.656 | G10: =5.5 -> 5.5 | H10: 5.75 | I10: 4.75 | J10: 3.5 | K10: =F10*J12 -> 781.5885
D11: tramezzi interni | E11: - | F11: ='Pesi elementi'!C26 -> 1.6 | G11: Perimetro [m] | J11: =(2*G10+H10)*2+I10*2*2 -> 52.5 | K11: =F11*J12 -> 221.1
D12: tramezzi esterni | E12: ='Pesi elementi'!G32 -> 8.064 | F12: - | G12: Area [m^2] | J12: =(2*G10+H10)*(I10+J10) -> 138.1875 | K12: =E12*J11 -> 423.36
D13: W1 (peso totale) [KN] | K13: =SUM(K7:K12) -> 2041.311
E16: Peso al m [KN/m] | F16: Peso al m^2 [KN/m^2] | G16: Caratteristiche | K16: PESO [KN]
D17: Pilastri | E17: ='Pesi elementi'!K7 -> 4.5 | F17: - | G17: del | K17: =12*E17*J20/2 -> 94.5
D18: travi principali | E18: ='Pesi elementi'!K13 -> 5.25 | F18: - | G18: fabbricato | K18: =(E18*G20)*6+(E18*H20)*3+(E18*I20)*4 -> 363.5625
D19: travi secondarie | E19: ='Pesi elementi'!K19 -> 3.3 | F19: - | G19: X1 [m] | H19: X2 [m] | I19: Y1 [m] | J19: h [m] | K19: =4*(E19*I20) -> 62.7
D20: solaio | E20: - | F20: 6.93 | G20: =5.5 -> 5.5 | H20: 5.75 | I20: 4.75 | J20: =3.5 -> 3.5 | K20: =F20*J22 -> 957.63937
D21: tramezzi interni | E21: - | F21: 1.6 | G21: Perimetro [m] | J21: =(2*G20+H20)*2+I20*2*2 -> 52.5 | K21: =F21*J22/2 -> 110.55
D22: tramezzi esterni | E22: ='Pesi elementi'!G32 -> 8.064 | F22: - | G22: Area [m^2] | J22: =(2*G20+H20)*(I20+J20) -> 138.1875 | K22: =E22*J21/2 -> 211.68
D23: W2 (peso totale) [KN] | K23: =SUM(K17:K22) -> 1800.6319
B29: ANALISI STATICA LINEARE NTC 08
B31: Calcolo q [fattore di struttura]
B32: qo= | C32: 3 | D32: valore base del fattore di comportamento per strutture a telaio in calcestruzzo in CD''B''
B33: αu/α1= | C33: 1.3 | D33: coefficiente amplificativo del fattore di comportamento per strutture a più piani e più campate
B34: q= | C34: =C32*C33 -> 3.9 | D34: fattore di comportamento
B36: Parametri indipendenti
B37: STATO LIMITE | C37: SLV | E37: Parametri dipendenti
B38: ag | C38: 0.2037607 | D38: g | E38: S | F38: 1.406
B39: Fo | C39: 2.4012106 | E39: η | F39: 0.256
B40: Tc | C40: 0.28102577 | D40: s | E40: TB | F40: 0.15 | G40: s
B41: Ss | C41: 1.4064366 | E41: TC | F41: 0.449 | G41: s
B42: Cc | C42: 1.5962579 | E42: TD | F42: 2.415 | G42: s
B43: ST | C43: 1
B44: q | C44: =C34 -> 3.9
B46: C1= | C46: 0.075
B47: H= | C47: 7
B48: T1= | C48: =C46*C47^(3/4) -> 0.32276378 | D48: mi trovo tra TB e TC | F48: Sd(T1)= | G48: =C38*F38*F39*C39 -> 0.17610673
B49: λ= | C49: 1
B52: T1= | C52: =0.26 -> 0.26
B53: q= | C53: =3.12 -> 3.12
B54: Sd(T1x)SLV= | C54: =0.688 -> 0.688 | E54: Sd(T1y)SLV= | F54: =0.61872 -> 0.61872
B55: Sd(T1x)= | C55: =C54/C53 -> 0.22051282 | E55: Sd(T1y)= | F55: =F54/C53 -> 0.19830769
B56: Fhx [KN]= | C56: =C55*(C62+C63)*C49 -> 847.19766 | E56: Fhx [KN]= | F56: =F55*(F60+F61)*C49 -> 761.88683
E58: z1 [m]= | F58: 3.5
E59: z2 [m]= | F59: 7
B60: z1 [m]= | C60: 3.5 | E60: W1 [KN]= | F60: =K13 -> 2041.311
B61: z2 [m]= | C61: 7 | E61: W2 [KN]= | F61: =K23 -> 1800.6319
B62: W1 [KN]= | C62: =K13 -> 2041.311 | E62: ∑zj*Wj [KN*m] | F62: =F58*F60+F61*F59 -> 19749.012
B63: W2 [KN]= | C63: =K23 -> 1800.6319 | E63: F1y [KN]= | F63: =($F$56*F58*F60)/$C$64 -> 275.62736
B64: ∑zj*Wj [KN*m] | C64: =C60*C62+C63*C61 -> 19749.012 | E64: F2y [KN]= | F64: =($F$56*F59*F61)/$C$64 -> 486.25947
B65: F1 [KN]= | C65: =($C$56*C60*C62)/$C$64 -> 306.49021
B66: F2 [KN]= | C66: =($C$56*C61*C63)/$C$64 -> 540.70745 | E66: Fhx [KN]= | F66: =100 -> 100

Sheet parametri geotecnici
A1: CPT 1
A3: NATURA COESIVA | N3: NATURA GRANULARE | Y3: media | AA3: calcolata da me con la curva 1 di shmertaman
A4: Prof. Rp Rp/Rl | D4: Natura Y' p'vo Cu OCR | J4: Eu50 Eu25 | L4: Mo | M4: Dr | N4: ø1s | O4: ø2s | P4: ø3s | Q4: ø4s | R4: ødm | T4: ømy | U4: Amax/g | V4: E'50 E'25 Mo | Y4: øs | AA4: øs | AB4: øsmedia
A5: m kg/cm² (-) | D5: Litol. t/m³ kg/cm² kg/cm² (-) | J5: kg/cm² | L5: kg/cm² | M5: % | N5: (°) | O5: (°) | P5: (°) | Q5: (°) | R5: (°) | T5: (°) | U5: (-) | V5: kg/cm² kg/cm² | Y5: (°) | AA5: (°) | AB5: (°) | AD5: z [m] | AE5: qc [Kpa] | AF5: fs [Kpa] | BE5: 0 | BF5: -1.8
A6: 0.2 | B6: 16 | C6: -- | D6: 4/:/: | E6: 1.85 | F6: 0.04 | G6: 0.7 | I6: 99.9 | J6: 118 | K6: 177 | L6: 52 | M6: 89 | N6: 41 | O6: 42 | P6: 44 | Q6: 45 | R6: 43 | T6: 27 | U6: 0.221 | V6: 27 | W6: 40 | X6: 48 | Y6: =(AVERAGE(K6:K19)) -> 167 | AA6: =28+0.14*M6 -> 40.46 | AB6: =AVERAGE(AA6:AA19) -> 36.624 | AD6: =-A6 -> -0.2 | AE6: =B6*100 -> 1600 | AF6: =AE6/C6 -> #VALUE! | BE6: 1 | BF6: -1.8
A7: 0.4 | B7: 26 | C7: 26 | D7: 4/:/: | E7: 1.85 | F7: 0.07 | G7: 0.93 | I7: 99.9 | J7: 158 | K7: 237 | L7: 78 | M7: 89 | N7: 40 | O7: 42 | P7: 44 | Q7: 45 | R7: 42 | T7: 28 | U7: 0.22 | V7: 43 | W7: 65 | X7: 78 | AA7: =28+0.14*M7 -> 40.46 | AD7: =-A7 -> -0.4 | AE7: =B7*100 -> 2600 | AF7: =AE7/C7 -> 100 | BE7: 2 | BF7: -1.8
A8: 0.6 | B8: 30 | C8: 45 | D8: 3:::: | E8: 1.85 | F8: 0.11 | G8: -- | I8: -- | J8: -- | K8: -- | L8: -- | M8: 84 | N8: 40 | O8: 41 | P8: 43 | Q8: 45 | R8: 41 | T8: 29 | U8: 0.204 | V8: 50 | W8: 75 | X8: 90 | AA8: =28+0.14*M8 -> 39.76 | AD8: =-A8 -> -0.6 | AE8: =B8*100 -> 3000 | AF8: =AE8/C8 -> 66.666667 | BE8: 3 | BF8: -1.8
A9: 0.8 | B9: 25 | C9: 34 | D9: 3:::: | E9: 1.85 | F9: 0.15 | G9: -- | I9: -- | J9: -- | K9: -- | L9: -- | M9: 71 | N9: 38 | O9: 40 | P9: 42 | Q9: 44 | R9: 39 | T9: 28 | U9: 0.162 | V9: 42 | W9: 63 | X9: 75 | AA9: =28+0.14*M9 -> 37.94 | AD9: =-A9 -> -0.8 | AE9: =B9*100 -> 2500 | AF9: =AE9/C9 -> 73.529412 | BE9: 4 | BF9: -1.8
A10: 1 | B10: 17 | C10: 32 | D10: 4/:/: | E10: 1.85 | F10: 0.19 | G10: 0.72 | I10: 34.5 | J10: 123 | K10: 184 | L10: 54 | M10: 52 | N10: 35 | O10: 38 | P10: 40 | Q10: 42 | R10: 37 | T10: 27 | U10: 0.11 | V10: 28 | W10: 43 | X10: 51 | AA10: =28+0.14*M10 -> 35.28 | AD10: =-A10 -> -1 | AE10: =B10*100 -> 1700 | AF10: =AE10/C10 -> 53.125 | BE10: 5 | BF10: -1.8
A11: 1.2 | B11: 12 | C11: 22 | D11: 2//// | E11: 1.85 | F11: 0.22 | G11: 0.57 | I11: 20.5 | J11: 97 | K11: 146 | L11: 45 | M11: -- | N11: -- | O11: -- | P11: -- | Q11: -- | R11: -- | T11: -- | U11: -- | V11: -- | W11: -- | X11: -- | AA11: - | AD11: =-A11 -> -1.2 | AE11: =B11*100 -> 1200 | AF11: =AE11/C11 -> 54.545455 | BE11: 6 | BF11: -1.8
A12: 1.4 | B12: 24 | C12: 45 | D12: 3:::: | E12: 1.85 | F12: 0.26 | G12: -- | I12: -- | J12: -- | K12: -- | L12: -- | M12: 56 | N12: 36 | O12: 38 | P12: 40 | Q12: 42 | R12: 37 | T12: 28 | U12: 0.119 | V12: 40 | W12: 60 | X12: 72 | AA12: =28+0.14*M12 -> 35.84 | AD12: =-A12 -> -1.4 | AE12: =B12*100 -> 2400 | AF12: =AE12/C12 -> 53.333333 | BE12: 7 | BF12: -1.8
A13: 1.6 | B13: 20 | C13: 60 | D13: 4/:/: | E13: 1.85 | F13: 0.3 | G13: 0.8 | I13: 21.8 | J13: 136 | K13: 204 | L13: 60 | M13: 46 | N13: 34 | O13: 37 | P13: 39 | Q13: 42 | R13: 35 | T13: 27 | U13: 0.095 | V13: 33 | W13: 50 | X13: 60 | AA13: =28+0.14*M13 -> 34.44 | AD13: =-A13 -> -1.6 | AE13: =B13*100 -> 2000 | AF13: =AE13/C13 -> 33.333333 | BE13: 8 | BF13: -1.8
A14: 1.8 | B14: 9 | C14: 34 | D14: 4/:/: | E14: 0.85 | F14: 0.31 | G14: 0.45 | I14: 9.9 | J14: 77 | K14: 115 | L14: 38 | M14: 18 | N14: 30 | O14: 33 | P14: 36 | Q14: 39 | R14: 30 | T14: 26 | U14: 0.034 | V14: 15 | W14: 23 | X14: 27 | AA14: =28+0.14*M14 -> 30.52 | AD14: =-A14 -> -1.8 | AE14: =B14*100 -> 900 | AF14: =AE14/C14 -> 26.470588 | BE14: 9 | BF14: -1.8
A15: 2 | B15: 76 | C15: 104 | D15: 3:::: | E15: 0.96 | F15: 0.33 | G15: -- | I15: -- | J15: -- | K15: -- | L15: -- | M15: 89 | N15: 41 | O15: 42 | P15: 44 | Q15: 45 | R15: 41 | T15: 33 | U15: 0.221 | V15: 127 | W15: 190 | X15: 228 | AA15: =28+0.14*M15 -> 40.46 | AD15: =-A15 -> -2 | AE15: =B15*100 -> 7600 | AF15: =AE15/C15 -> 73.076923 | BE15: 10 | BF15: -1.8
A16: 2.2 | B16: 11 | C16: 82 | D16: 4/:/: | E16: 0.87 | F16: 0.35 | G16: 0.54 | I16: 10.7 | J16: 91 | K16: 137 | L16: 42 | M16: 22 | N16: 31 | O16: 34 | P16: 37 | Q16: 40 | R16: 31 | T16: 26 | U16: 0.041 | V16: 18 | W16: 28 | X16: 33 | AA16: =28+0.14*M16 -> 31.08 | AD16: =-A16 -> -2.2 | AE16: =B16*100 -> 1100 | AF16: =AE16/C16 -> 13.414634 | BE16: 11 | BF16: -1.8
A17: 2.4 | B17: 6 | C17: 90 | D17: 4/:/: | E17: 0.82 | F17: 0.37 | G17: 0.3 | I17: 4.9 | J17: 101 | K17: 152 | L17: 29 | M17: -- | N17: 28 | O17: 31 | P17: 35 | Q17: 38 | R17: 27 | T17: 26 | U17: -- | V17: 10 | W17: 15 | X17: 18 | AA17: - | AD17: =-A17 -> -2.4 | AE17: =B17*100 -> 600 | AF17: =AE17/C17 -> 6.6666667 | BE17: 12 | BF17: -1.8
A18: 2.6 | B18: 5 | C18: 19 | D18: 2//// | E18: 0.8 | F18: 0.38 | G18: 0.25 | I18: 3.7 | J18: 108 | K18: 162 | L18: 25 | M18: -- | N18: -- | O18: 0 | P18: 0 | Q18: 0 | R18: 0 | T18: 0 | U18: -- | V18: -- | W18: -- | X18: -- | AA18: - | AD18: =-A18 -> -2.6 | AE18: =B18*100 -> 500 | AF18: =AE18/C18 -> 26.315789 | BE18: 13 | BF18: -1.8
A19: 2.8 | B19: 8 | C19: 13 | D19: 2//// | E19: 0.86 | F19: 0.4 | G19: 0.4 | I19: 6.3 | J19: 104 | K19: 156 | L19: 35 | M19: -- | N19: -- | O19: 0 | P19: 0 | Q19: 0 | R19: 0 | T19: 0 | U19: -- | V19: -- | W19: -- | X19: -- | AA19: - | AD19: =-A19 -> -2.8 | AE19: =B19*100 -> 800 | AF19: =AE19/C19 -> 61.538462 | BE19: 14 | BF19: -1.8
A20: 3 | B20: 36 | C20: 34 | D20: 3:::: | E20: 0.89 | F20: 0.42 | G20: -- | I20: -- | J20: -- | K20: -- | L20: -- | M20: 58 | N20: 36 | O20: 38 | P20: 40 | Q20: 43 | R20: 36 | T20: 30 | U20: 0.126 | V20: 60 | W20: 90 | X20: 108 | Y20: =(AVERAGE(V20:V40)+AVERAGE(V42:V53))/2 -> 72.190476 | AA20: =28+0.14*M20 -> 36.12 | AB20: =AVERAGE(AA20:AA53) -> 34.787879 | AD20: =-A20 -> -3 | AE20: =B20*100 -> 3600 | AF20: =AE20/C20 -> 105.88235 | BE20: 15 | BF20: -1.8
A21: 3.2 | B21: 38 | C21: 71 | D21: 3:::: | E21: 0.9 | F21: 0.43 | G21: -- | I21: -- | J21: -- | K21: -- | L21: -- | M21: 59 | N21: 36 | O21: 38 | P21: 40 | Q21: 43 | R21: 36 | T21: 30 | U21: 0.128 | V21: 63 | W21: 95 | X21: 114 | AA21: =28+0.14*M21 -> 36.26 | AD21: =-A21 -> -3.2 | AE21: =B21*100 -> 3800 | AF21: =AE21/C21 -> 53.521127 | BE21: 100 | BF21: -1.8
A22: 3.4 | B22: 52 | C22: 32 | D22: 3:::: | E22: 0.92 | F22: 0.45 | G22: -- | I22: -- | J22: -- | K22: -- | L22: -- | M22: 69 | N22: 38 | O22: 40 | P22: 41 | Q22: 44 | R22: 38 | T22: 31 | U22: 0.156 | V22: 87 | W22: 130 | X22: 156 | AA22: =28+0.14*M22 -> 37.66 | AD22: =-A22 -> -3.4 | AE22: =B22*100 -> 5200 | AF22: =AE22/C22 -> 162.5 | BE22: 200 | BF22: -1.8
A23: 3.6 | B23: 36 | C23: 39 | D23: 3:::: | E23: 0.89 | F23: 0.47 | G23: -- | I23: -- | J23: -- | K23: -- | L23: -- | M23: 55 | N23: 36 | O23: 38 | P23: 40 | Q23: 42 | R23: 35 | T23: 30 | U23: 0.118 | V23: 60 | W23: 90 | X23: 108 | AA23: =28+0.14*M23 -> 35.7 | AD23: =-A23 -> -3.6 | AE23: =B23*100 -> 3600 | AF23: =AE23/C23 -> 92.307692 | BE23: 300 | BF23: -1.8
A24: 3.8 | B24: 32 | C24: 37 | D24: 3:::: | E24: 0.88 | F24: 0.49 | G24: -- | I24: -- | J24: -- | K24: -- | L24: -- | M24: 50 | N24: 35 | O24: 37 | P24: 40 | Q24: 42 | R24: 35 | T24: 29 | U24: 0.105 | V24: 53 | W24: 80 | X24: 96 | AA24: =28+0.14*M24 -> 35 | AD24: =-A24 -> -3.8 | AE24: =B24*100 -> 3200 | AF24: =AE24/C24 -> 86.486486 | BE24: 400 | BF24: -1.8
A25: 4 | B25: 37 | C25: 40 | D25: 3:::: | E25: 0.89 | F25: 0.51 | G25: -- | I25: -- | J25: -- | K25: -- | L25: -- | M25: 54 | N25: 36 | O25: 38 | P25: 40 | Q25: 42 | R25: 35 | T25: 30 | U25: 0.115 | V25: 62 | W25: 93 | X25: 111 | AA25: =28+0.14*M25 -> 35.56 | AD25: =-A25 -> -4 | AE25: =B25*100 -> 3700 | AF25: =AE25/C25 -> 92.5 | BE25: 500 | BF25: -1.8
A26: 4.2 | B26: 22 | C26: 33 | D26: 3:::: | E26: 0.86 | F26: 0.52 | G26: -- | I26: -- | J26: -- | K26: -- | L26: -- | M26: 36 | N26: 33 | O26: 36 | P26: 38 | Q26: 41 | R26: 32 | T26: 28 | U26: 0.07 | V26: 37 | W26: 55 | X26: 66 | AA26: =28+0.14*M26 -> 33.04 | AD26: =-A26 -> -4.2 | AE26: =B26*100 -> 2200 | AF26: =AE26/C26 -> 66.666667 | BE26: 600 | BF26: -1.8
A27: 4.4 | B27: 26 | C27: 43 | D27: 3:::: | E27: 0.87 | F27: 0.54 | G27: -- | I27: -- | J27: -- | K27: -- | L27: -- | M27: 41 | N27: 34 | O27: 36 | P27: 39 | Q27: 41 | R27: 33 | T27: 28 | U27: 0.081 | V27: 43 | W27: 65 | X27: 78 | AA27: =28+0.14*M27 -> 33.74 | AD27: =-A27 -> -4.4 | AE27: =B27*100 -> 2600 | AF27: =AE27/C27 -> 60.465116 | BE27: 700 | BF27: -1.8
A28: 4.6 | B28: 27 | C28: 45 | D28: 3:::: | E28: 0.87 | F28: 0.56 | G28: -- | I28: -- | J28: -- | K28: -- | L28: -- | M28: 41 | N28: 34 | O28: 36 | P28: 39 | Q28: 41 | R28: 33 | T28: 28 | U28: 0.083 | V28: 45 | W28: 68 | X28: 81 | AA28: =28+0.14*M28 -> 33.74 | AD28: =-A28 -> -4.6 | AE28: =B28*100 -> 2700 | AF28: =AE28/C28 -> 60 | BE28: 800 | BF28: -1.8
A29: 4.8 | B29: 28 | C29: 42 | D29: 3:::: | E29: 0.87 | F29: 0.58 | G29: -- | I29: -- | J29: -- | K29: -- | L29: -- | M29: 42 | N29: 34 | O29: 36 | P29: 39 | Q29: 41 | R29: 33 | T29: 28 | U29: 0.084 | V29: 47 | W29: 70 | X29: 84 | AA29: =28+0.14*M29 -> 33.88 | AD29: =-A29 -> -4.8 | AE29: =B29*100 -> 2800 | AF29: =AE29/C29 -> 66.666667 | BE29: 900 | BF29: -1.8
A30: 5 | B30: 26 | C30: 24 | D30: 4/:/: | E30: 0.95 | F30: 0.59 | G30: 0.93 | I30: 11 | J30: 158 | K30: 237 | L30: 78 | M30: 38 | N30: 33 | O30: 36 | P30: 38 | Q30: 41 | R30: 32 | T30: 28 | U30: 0.076 | V30: 43 | W30: 65 | X30: 78 | AA30: =28+0.14*M30 -> 33.32 | AD30: =-A30 -> -5 | AE30: =B30*100 -> 2600 | AF30: =AE30/C30 -> 108.33333 | BE30: 1000 | BF30: -1.8
A31: 5.2 | B31: 38 | C31: 57 | D31: 3:::: | E31: 0.9 | F31: 0.61 | G31: -- | I31: -- | J31: -- | K31: -- | L31: -- | M31: 51 | N31: 35 | O31: 37 | P31: 40 | Q31: 42 | R31: 34 | T31: 30 | U31: 0.106 | V31: 63 | W31: 95 | X31: 114 | AA31: =28+0.14*M31 -> 35.14 | AD31: =-A31 -> -5.2 | AE31: =B31*100 -> 3800 | AF31: =AE31/C31 -> 66.666667 | BE31: 2000 | BF31: -1.8
A32: 5.4 | B32: 48 | C32: 60 | D32: 3:::: | E32: 0.91 | F32: 0.63 | G32: -- | I32: -- | J32: -- | K32: -- | L32: -- | M32: 58 | N32: 36 | O32: 38 | P32: 40 | Q32: 43 | R32: 35 | T32: 31 | U32: 0.125 | V32: 80 | W32: 120 | X32: 144 | AA32: =28+0.14*M32 -> 36.12 | AD32: =-A32 -> -5.4 | AE32: =B32*100 -> 4800 | AF32: =AE32/C32 -> 80 | BE32: 3000 | BF32: -1.8
A33: 5.6 | B33: 42 | C33: 42 | D33: 3:::: | E33: 0.9 | F33: 0.65 | G33: -- | I33: -- | J33: -- | K33: -- | L33: -- | M33: 53 | N33: 35 | O33: 38 | P33: 40 | Q33: 42 | R33: 35 | T33: 30 | U33: 0.111 | V33: 70 | W33: 105 | X33: 126 | AA33: =28+0.14*M33 -> 35.42 | AD33: =-A33 -> -5.6 | AE33: =B33*100 -> 4200 | AF33: =AE33/C33 -> 100 | BE33: 4000 | BF33: -1.8
A34: 5.8 | B34: 30 | C34: 56 | D34: 3:::: | E34: 0.88 | F34: 0.67 | G34: -- | I34: -- | J34: -- | K34: -- | L34: -- | M34: 41 | N34: 34 | O34: 36 | P34: 39 | Q34: 41 | R34: 33 | T34: 29 | U34: 0.081 | V34: 50 | W34: 75 | X34: 90 | AA34: =28+0.14*M34 -> 33.74 | AD34: =-A34 -> -5.8 | AE34: =B34*100 -> 3000 | AF34: =AE34/C34 -> 53.571429 | BE34: 5000 | BF34: -1.8
A35: 6 | B35: 32 | C35: 53 | D35: 3:::: | E35: 0.88 | F35: 0.68 | G35: -- | I35: -- | J35: -- | K35: -- | L35: -- | M35: 42 | N35: 34 | O35: 36 | P35: 39 | Q35: 41 | R35: 33 | T35: 29 | U35: 0.085 | V35: 53 | W35: 80 | X35: 96 | AA35: =28+0.14*M35 -> 33.88 | AD35: =-A35 -> -6 | AE35: =B35*100 -> 3200 | AF35: =AE35/C35 -> 60.377358 | BE35: 6000 | BF35: -1.8
A36: 6.2 | B36: 37 | C36: 37 | D36: 3:::: | E36: 0.89 | F36: 0.7 | G36: -- | I36: -- | J36: -- | K36: -- | L36: -- | M36: 46 | N36: 35 | O36: 37 | P36: 39 | Q36: 42 | R36: 33 | T36: 30 | U36: 0.095 | V36: 62 | W36: 93 | X36: 111 | AA36: =28+0.14*M36 -> 34.44 | AD36: =-A36 -> -6.2 | AE36: =B36*100 -> 3700 | AF36: =AE36/C36 -> 100 | BE36: 7000 | BF36: -1.8
A37: 6.4 | B37: 41 | C37: 56 | D37: 3:::: | E37: 0.9 | F37: 0.72 | G37: -- | I37: -- | J37: -- | K37: -- | L37: -- | M37: 49 | N37: 35 | O37: 37 | P37: 39 | Q37: 42 | R37: 34 | T37: 30 | U37: 0.102 | V37: 68 | W37: 103 | X37: 123 | AA37: =28+0.14*M37 -> 34.86 | AD37: =-A37 -> -6.4 | AE37: =B37*100 -> 4100 | AF37: =AE37/C37 -> 73.214286 | BE37: 8000 | BF37: -1.8
A38: 6.6 | B38: 33 | C38: 45 | D38: 3:::: | E38: 0.88 | F38: 0.74 | G38: -- | I38: -- | J38: -- | K38: -- | L38: -- | M38: 41 | N38: 34 | O38: 36 | P38: 39 | Q38: 41 | R38: 32 | T38: 29 | U38: 0.083 | V38: 55 | W38: 83 | X38: 99 | AA38: =28+0.14*M38 -> 33.74 | AD38: =-A38 -> -6.6 | AE38: =B38*100 -> 3300 | AF38: =AE38/C38 -> 73.333333 | BE38: 9000 | BF38: -1.8
A39: 6.8 | B39: 26 | C39: 65 | D39: 3:::: | E39: 0.87 | F39: 0.75 | G39: -- | I39: -- | J39: -- | K39: -- | L39: -- | M39: 33 | N39: 33 | O39: 35 | P39: 38 | Q39: 41 | R39: 31 | T39: 28 | U39: 0.063 | V39: 43 | W39: 65 | X39: 78 | AA39: =28+0.14*M39 -> 32.62 | AD39: =-A39 -> -6.8 | AE39: =B39*100 -> 2600 | AF39: =AE39/C39 -> 40 | BE39: 10000 | BF39: -1.8
A40: 7 | B40: 20 | C40: 25 | D40: 4/:/: | E40: 0.93 | F40: 0.77 | G40: 0.8 | I40: 6.6 | J40: 199 | K40: 298 | L40: 60 | M40: 23 | N40: 31 | O40: 34 | P40: 37 | Q40: 40 | R40: 29 | T40: 27 | U40: 0.044 | V40: 33 | W40: 50 | X40: 60 | AA40: =28+0.14*M40 -> 31.22 | AD40: =-A40 -> -7 | AE40: =B40*100 -> 2000 | AF40: =AE40/C40 -> 80
A41: 7.2 | B41: 10 | C41: 25 | D41: 2//// | E41: 0.9 | F41: 0.79 | G41: 0.5 | I41: 3.5 | J41: 223 | K41: 335 | L41: 40 | M41: -- | N41: -- | O41: 0 | P41: 0 | Q41: 0 | R41: 0 | T41: 0 | U41: -- | V41: -- | W41: -- | X41: -- | AA41: - | AD41: =-A41 -> -7.2 | AE41: =B41*100 -> 1000 | AF41: =AE41/C41 -> 40
A42: 7.4 | B42: 40 | C42: 46 | D42: 3:::: | E42: 0.9 | F42: 0.81 | G42: -- | I42: -- | J42: -- | K42: -- | L42: -- | M42: 46 | N42: 34 | O42: 37 | P42: 39 | Q42: 42 | R42: 33 | T42: 30 | U42: 0.093 | V42: 67 | W42: 100 | X42: 120 | AA42: =28+0.14*M42 -> 34.44 | AD42: =-A42 -> -7.4 | AE42: =B42*100 -> 4000 | AF42: =AE42/C42 -> 86.956522
A43: 7.6 | B43: 35 | C43: 52 | D43: 3:::: | E43: 0.89 | F43: 0.83 | G43: -- | I43: -- | J43: -- | K43: -- | L43: -- | M43: 41 | N43: 34 | O43: 36 | P43: 39 | Q43: 41 | R43: 32 | T43: 29 | U43: 0.081 | V43: 58 | W43: 88 | X43: 105 | AA43: =28+0.14*M43 -> 33.74 | AD43: =-A43 -> -7.6 | AE43: =B43*100 -> 3500 | AF43: =AE43/C43 -> 67.307692
A44: 7.8 | B44: 44 | C44: 35 | D44: 3:::: | E44: 0.91 | F44: 0.85 | G44: -- | I44: -- | J44: -- | K44: -- | L44: -- | M44: 48 | N44: 35 | O44: 37 | P44: 39 | Q44: 42 | R44: 33 | T44: 31 | U44: 0.099 | V44: 73 | W44: 110 | X44: 132 | AA44: =28+0.14*M44 -> 34.72 | AD44: =-A44 -> -7.8 | AE44: =B44*100 -> 4400 | AF44: =AE44/C44 -> 125.71429
A45: 8 | B45: 37 | C45: 62 | D45: 3:::: | E45: 0.89 | F45: 0.86 | G45: -- | I45: -- | J45: -- | K45: -- | L45: -- | M45: 41 | N45: 34 | O45: 36 | P45: 39 | Q45: 41 | R45: 32 | T45: 30 | U45: 0.083 | V45: 62 | W45: 93 | X45: 111 | AA45: =28+0.14*M45 -> 33.74 | AD45: =-A45 -> -8 | AE45: =B45*100 -> 3700 | AF45: =AE45/C45 -> 59.677419
A46: 8.2 | B46: 49 | C46: 46 | D46: 3:::: | E46: 0.92 | F46: 0.88 | G46: -- | I46: -- | J46: -- | K46: -- | L46: -- | M46: 51 | N46: 35 | O46: 37 | P46: 40 | Q46: 42 | R46: 34 | T46: 31 | U46: 0.105 | V46: 82 | W46: 123 | X46: 147 | AA46: =28+0.14*M46 -> 35.14 | AD46: =-A46 -> -8.2 | AE46: =B46*100 -> 4900 | AF46: =AE46/C46 -> 106.52174
A47: 8.4 | B47: 56 | C47: 40 | D47: 3:::: | E47: 0.93 | F47: 0.9 | G47: -- | I47: -- | J47: -- | K47: -- | L47: -- | M47: 55 | N47: 36 | O47: 38 | P47: 40 | Q47: 42 | R47: 34 | T47: 31 | U47: 0.116 | V47: 93 | W47: 140 | X47: 168 | AA47: =28+0.14*M47 -> 35.7 | AD47: =-A47 -> -8.4 | AE47: =B47*100 -> 5600 | AF47: =AE47/C47 -> 140
A48: 8.6 | B48: 55 | C48: 46 | D48: 3:::: | E48: 0.93 | F48: 0.92 | G48: -- | I48: -- | J48: -- | K48: -- | L48: -- | M48: 54 | N48: 35 | O48: 38 | P48: 40 | Q48: 42 | R48: 34 | T48: 31 | U48: 0.113 | V48: 92 | W48: 138 | X48: 165 | AA48: =28+0.14*M48 -> 35.56 | AD48: =-A48 -> -8.6 | AE48: =B48*100 -> 5500 | AF48: =AE48/C48 -> 119.56522
A49: 8.8 | B49: 66 | C49: 49 | D49: 3:::: | E49: 0.94 | F49: 0.94 | G49: -- | I49: -- | J49: -- | K49: -- | L49: -- | M49: 59 | N49: 36 | O49: 38 | P49: 40 | Q49: 43 | R49: 35 | T49: 32 | U49: 0.128 | V49: 110 | W49: 165 | X49: 198 | AA49: =28+0.14*M49 -> 36.26 | AD49: =-A49 -> -8.8 | AE49: =B49*100 -> 6600 | AF49: =AE49/C49 -> 134.69388
A50: 9 | B50: 50 | C50: 34 | D50: 3:::: | E50: 0.92 | F50: 0.96 | G50: -- | I50: -- | J50: -- | K50: -- | L50: -- | M50: 49 | N50: 35 | O50: 37 | P50: 39 | Q50: 42 | R50: 33 | T50: 31 | U50: 0.102 | V50: 83 | W50: 125 | X50: 150 | AA50: =28+0.14*M50 -> 34.86 | AD50: =-A50 -> -9 | AE50: =B50*100 -> 5000 | AF50: =AE50/C50 -> 147.05882
A51: 9.2 | B51: 64 | C51: 44 | D51: 3:::: | E51: 0.94 | F51: 0.97 | G51: -- | I51: -- | J51: -- | K51: -- | L51: -- | M51: 57 | N51: 36 | O51: 38 | P51: 40 | Q51: 43 | R51: 35 | T51: 32 | U51: 0.123 | V51: 107 | W51: 160 | X51: 192 | AA51: =28+0.14*M51 -> 35.98 | AD51: =-A51 -> -9.2 | AE51: =B51*100 -> 6400 | AF51: =AE51/C51 -> 145.45455
A52: 9.4 | B52: 68 | C52: 42 | D52: 3:::: | E52: 0.95 | F52: 0.99 | G52: -- | I52: -- | J52: -- | K52: -- | L52: -- | M52: 59 | N52: 36 | O52: 38 | P52: 40 | Q52: 43 | R52: 35 | T52: 32 | U52: 0.127 | V52: 113 | W52: 170 | X52: 204 | AA52: =28+0.14*M52 -> 36.26 | AD52: =-A52 -> -9.4 | AE52: =B52*100 -> 6800 | AF52: =AE52/C52 -> 161.90476
A53: 9.6 | B53: 72 | C53: -- | D53: 3:::: | E53: 0.95 | F53: 1.01 | G53: -- | I53: -- | J53: -- | K53: -- | L53: -- | M53: 60 | N53: 36 | O53: 38 | P53: 41 | Q53: 43 | R53: 35 | T53: 32 | U53: 0.132 | V53: 120 | W53: 180 | X53: 216 | AA53: =28+0.14*M53 -> 36.4 | AD53: =-A53 -> -9.6 | AE53: =B53*100 -> 7200
A58: CPT 2
A60: NATURA COESIVA | M60: NATURA GRANULARE | Y60: media
A61: Prof. Rp Rp/Rl | D61: Natura Y' p'vo Cu OCR | J61: Eu50 Eu25 | L61: Mo | M61: Dr | N61: ø1s | O61: ø2s | P61: ø3s | Q61: ø4s | R61: ødm | T61: ømy | U61: Amax/g | V61: E'50 E'25 Mo | Y61: øs | AA61: øs | AB61: øsmedia
A62: m kg/cm² (-) | D62: Litol. t/m³ kg/cm² kg/cm² (-) | J62: kg/cm² | L62: kg/cm² | M62: % | N62: (°) | O62: (°) | P62: (°) | Q62: (°) | R62: (°) | T62: (°) | U62: (-) | V62: kg/cm² kg/cm² | Y62: (°) | AA62: (°) | AB62: (°) | AD62: z [m] | AE62: qc [Kpa] | AF62: fs [Kpa]
A63: 0.2 | B63: 7 | D63: 2//// 1,85 0,04 0,35 99,9 | J63: 59 89 | L63: 32 | M63: -- | N63: -- | O63: -- | P63: -- | Q63: -- | R63: -- | T63: -- | U63: -- | V63: -- -- -- | Y63: =AVERAGE(N63:N76) -> 37.230769 | AA63: - | AB63: =AVERAGE(AA63:AA76) -> 37.369231 | AD63: =-A63 -> -0.2 | AE63: =B63*100 -> 700
A64: 0.4 | B64: 14 | C64: 35 | D64: 4/:/: | E64: 1.85 | F64: 0.07 | G64: 0.64 | I64: 92.5 | J64: 108 | K64: 162 | L64: 48 | M64: 68 | N64: 38 | O64: 39 | P64: 41 | Q64: 43 | R64: 40 | T64: 26 | U64: 0.153 | V64: 23 | W64: 35 | X64: 42 | AA64: =28+0.14*M64 -> 37.52 | AD64: =-A64 -> -0.4 | AE64: =B64*100 -> 1400 | AF64: =AE64/C64 -> 40
A65: 0.6 | B65: 24 | C65: 40 | D65: 3:::: | E65: 1.85 | F65: 0.11 | G65: -- | I65: -- | J65: -- | K65: -- | L65: -- | M65: 77 | N65: 39 | O65: 40 | P65: 42 | Q65: 44 | R65: 40 | T65: 28 | U65: 0.179 | V65: 40 | W65: 60 | X65: 72 | AA65: =28+0.14*M65 -> 38.78 | AD65: =-A65 -> -0.6 | AE65: =B65*100 -> 2400 | AF65: =AE65/C65 -> 60
A66: 0.8 | B66: 50 | C66: 62 | D66: 3:::: | E66: 1.85 | F66: 0.15 | G66: -- | I66: -- | J66: -- | K66: -- | L66: -- | M66: 95 | N66: 41 | O66: 43 | P66: 44 | Q66: 46 | R66: 42 | T66: 31 | U66: 0.24 | V66: 83 | W66: 125 | X66: 150 | AA66: =28+0.14*M66 -> 41.3 | AD66: =-A66 -> -0.8 | AE66: =B66*100 -> 5000 | AF66: =AE66/C66 -> 80.645161
A67: 1 | B67: 40 | C67: 37 | D67: 3:::: | E67: 1.85 | F67: 0.19 | G67: -- | I67: -- | J67: -- | K67: -- | L67: -- | M67: 82 | N67: 39 | O67: 41 | P67: 43 | Q67: 45 | R67: 40 | T67: 30 | U67: 0.195 | V67: 67 | W67: 100 | X67: 120 | AA67: =28+0.14*M67 -> 39.48 | AD67: =-A67 -> -1 | AE67: =B67*100 -> 4000 | AF67: =AE67/C67 -> 108.10811
A68: 1.2 | B68: 24 | C68: 28 | D68: 4/:/: | E68: 1.85 | F68: 0.22 | G68: 0.89 | I68: 35.6 | J68: 151 | K68: 227 | L68: 72 | M68: 60 | N68: 36 | O68: 38 | P68: 41 | Q68: 43 | R68: 37 | T68: 28 | U68: 0.13 | V68: 40 | W68: 60 | X68: 72 | AA68: =28+0.14*M68 -> 36.4 | AD68: =-A68 -> -1.2 | AE68: =B68*100 -> 2400 | AF68: =AE68/C68 -> 85.714286
A69: 1.4 | B69: 27 | C69: 31 | D69: 3:::: | E69: 1.85 | F69: 0.26 | G69: -- | I69: -- | J69: -- | K69: -- | L69: -- | M69: 60 | N69: 36 | O69: 38 | P69: 41 | Q69: 43 | R69: 37 | T69: 28 | U69: 0.13 | V69: 45 | W69: 68 | X69: 81 | AA69: =28+0.14*M69 -> 36.4 | AD69: =-A69 -> -1.4 | AE69: =B69*100 -> 2700 | AF69: =AE69/C69 -> 87.096774
A70: 1.6 | B70: 31 | C70: 36 | D70: 3:::: | E70: 1.85 | F70: 0.3 | G70: -- | I70: -- | J70: -- | K70: -- | L70: -- | M70: 61 | N70: 37 | O70: 39 | P70: 41 | Q70: 43 | R70: 37 | T70: 29 | U70: 0.134 | V70: 52 | W70: 78 | X70: 93 | AA70: =28+0.14*M70 -> 36.54 | AD70: =-A70 -> -1.6 | AE70: =B70*100 -> 3100 | AF70: =AE70/C70 -> 86.111111
A71: 1.8 | B71: 31 | C71: 29 | D71: 4/:/: | E71: 1.85 | F71: 0.33 | G71: 1.03 | I71: 25.9 | J71: 176 | K71: 264 | L71: 93 | M71: 59 | N71: 36 | O71: 38 | P71: 40 | Q71: 43 | R71: 37 | T71: 29 | U71: 0.127 | V71: 52 | W71: 78 | X71: 93 | AA71: =28+0.14*M71 -> 36.26 | AD71: =-A71 -> -1.8 | AE71: =B71*100 -> 3100 | AF71: =AE71/C71 -> 106.89655
A72: 2 | B72: 28 | C72: 38 | D72: 3:::: | E72: 1.85 | F72: 0.37 | G72: -- | I72: -- | J72: -- | K72: -- | L72: -- | M72: 52 | N72: 35 | O72: 38 | P72: 40 | Q72: 42 | R72: 35 | T72: 28 | U72: 0.11 | V72: 47 | W72: 70 | X72: 84 | AA72: =28+0.14*M72 -> 35.28 | AD72: =-A72 -> -2 | AE72: =B72*100 -> 2800 | AF72: =AE72/C72 -> 73.684211
A73: 2.2 | B73: 35 | C73: 33 | D73: 3:::: | E73: 1.85 | F73: 0.41 | G73: -- | I73: -- | J73: -- | K73: -- | L73: -- | M73: 58 | N73: 36 | O73: 38 | P73: 40 | Q73: 43 | R73: 36 | T73: 29 | U73: 0.125 | V73: 58 | W73: 88 | X73: 105 | AA73: =28+0.14*M73 -> 36.12 | AD73: =-A73 -> -2.2 | AE73: =B73*100 -> 3500 | AF73: =AE73/C73 -> 106.06061
A74: 2.4 | B74: 32 | C74: 48 | D74: 3:::: | E74: 1.85 | F74: 0.44 | G74: -- | I74: -- | J74: -- | K74: -- | L74: -- | M74: 53 | N74: 35 | O74: 38 | P74: 40 | Q74: 42 | R74: 35 | T74: 29 | U74: 0.111 | V74: 53 | W74: 80 | X74: 96 | AA74: =28+0.14*M74 -> 35.42 | AD74: =-A74 -> -2.4 | AE74: =B74*100 -> 3200 | AF74: =AE74/C74 -> 66.666667
A75: 2.6 | B75: 64 | C75: 48 | D75: 3:::: | E75: 1.85 | F75: 0.48 | G75: -- | I75: -- | J75: -- | K75: -- | L75: -- | M75: 75 | N75: 38 | O75: 40 | P75: 42 | Q75: 44 | R75: 38 | T75: 32 | U75: 0.173 | V75: 107 | W75: 160 | X75: 192 | AA75: =28+0.14*M75 -> 38.5 | AD75: =-A75 -> -2.6 | AE75: =B75*100 -> 6400 | AF75: =AE75/C75 -> 133.33333
A76: 2.8 | B76: 60 | C76: 45 | D76: 3:::: | E76: 1.85 | F76: 0.52 | G76: -- | I76: -- | J76: -- | K76: -- | L76: -- | M76: 70 | N76: 38 | O76: 40 | P76: 42 | Q76: 44 | R76: 38 | T76: 32 | U76: 0.161 | V76: 100 | W76: 150 | X76: 180 | AA76: =28+0.14*M76 -> 37.8 | AD76: =-A76 -> -2.8 | AE76: =B76*100 -> 6000 | AF76: =AE76/C76 -> 133.33333
A77: 3 | B77: 80 | C77: 46 | D77: 3:::: | E77: 1.85 | F77: 0.55 | G77: -- | I77: -- | J77: -- | K77: -- | L77: -- | M77: 79 | N77: 39 | O77: 41 | P77: 42 | Q77: 44 | R77: 39 | T77: 33 | U77: 0.186 | V77: 133 | W77: 200 | X77: 240 | Y77: =AVERAGE(N77:N112) -> 33.972222 | AA77: =28+0.14*M77 -> 39.06 | AB77: =AVERAGE(AA77:AA112) -> 33.911111 | AD77: =-A77 -> -3 | AE77: =B77*100 -> 8000 | AF77: =AE77/C77 -> 173.91304
A78: 3.2 | B78: 80 | C78: 43 | D78: 3:::: | E78: 1.85 | F78: 0.59 | G78: -- | I78: -- | J78: -- | K78: -- | L78: -- | M78: 77 | N78: 39 | O78: 41 | P78: 42 | Q78: 44 | R78: 38 | T78: 33 | U78: 0.181 | V78: 133 | W78: 200 | X78: 240 | AA78: =28+0.14*M78 -> 38.78 | AD78: =-A78 -> -3.2 | AE78: =B78*100 -> 8000 | AF78: =AE78/C78 -> 186.04651
A79: 3.4 | B79: 52 | C79: 43 | D79: 3:::: | E79: 1.85 | F79: 0.63 | G79: -- | I79: -- | J79: -- | K79: -- | L79: -- | M79: 61 | N79: 37 | O79: 39 | P79: 41 | Q79: 43 | R79: 36 | T79: 31 | U79: 0.133 | V79: 87 | W79: 130 | X79: 156 | AA79: =28+0.14*M79 -> 36.54 | AD79: =-A79 -> -3.4 | AE79: =B79*100 -> 5200 | AF79: =AE79/C79 -> 120.93023
A80: 3.6 | B80: 44 | C80: 37 | D80: 3:::: | E80: 1.85 | F80: 0.67 | G80: -- | I80: -- | J80: -- | K80: -- | L80: -- | M80: 54 | N80: 36 | O80: 38 | P80: 40 | Q80: 42 | R80: 35 | T80: 31 | U80: 0.113 | V80: 73 | W80: 110 | X80: 132 | AA80: =28+0.14*M80 -> 35.56 | AD80: =-A80 -> -3.6 | AE80: =B80*100 -> 4400 | AF80: =AE80/C80 -> 118.91892
A81: 3.8 | B81: 29 | C81: 29 | D81: 4/:/: | E81: 1.85 | F81: 0.7 | G81: 0.98 | I81: 9.5 | J81: 169 | K81: 254 | L81: 87 | M81: 38 | N81: 33 | O81: 36 | P81: 38 | Q81: 41 | R81: 32 | T81: 29 | U81: 0.075 | V81: 48 | W81: 73 | X81: 87 | AA81: =28+0.14*M81 -> 33.32 | AD81: =-A81 -> -3.8 | AE81: =B81*100 -> 2900 | AF81: =AE81/C81 -> 100
A82: 4 | B82: 29 | C82: 48 | D82: 3:::: | E82: 1.85 | F82: 0.74 | G82: -- | I82: -- | J82: -- | K82: -- | L82: -- | M82: 37 | N82: 33 | O82: 36 | P82: 38 | Q82: 41 | R82: 32 | T82: 29 | U82: 0.072 | V82: 48 | W82: 73 | X82: 87 | AA82: =28+0.14*M82 -> 33.18 | AD82: =-A82 -> -4 | AE82: =B82*100 -> 2900 | AF82: =AE82/C82 -> 60.416667
A83: 4.2 | B83: 35 | C83: 44 | D83: 3:::: | E83: 1.85 | F83: 0.78 | G83: -- | I83: -- | J83: -- | K83: -- | L83: -- | M83: 42 | N83: 34 | O83: 36 | P83: 39 | Q83: 41 | R83: 33 | T83: 29 | U83: 0.085 | V83: 58 | W83: 88 | X83: 105 | AA83: =28+0.14*M83 -> 33.88 | AD83: =-A83 -> -4.2 | AE83: =B83*100 -> 3500 | AF83: =AE83/C83 -> 79.545455
A84: 4.4 | B84: 31 | C84: 58 | D84: 3:::: | E84: 1.85 | F84: 0.81 | G84: -- | I84: -- | J84: -- | K84: -- | L84: -- | M84: 37 | N84: 33 | O84: 36 | P84: 38 | Q84: 41 | R84: 32 | T84: 29 | U84: 0.072 | V84: 52 | W84: 78 | X84: 93 | AA84: =28+0.14*M84 -> 33.18 | AD84: =-A84 -> -4.4 | AE84: =B84*100 -> 3100 | AF84: =AE84/C84 -> 53.448276
A85: 4.6 | B85: 28 | C85: 42 | D85: 3:::: | E85: 1.85 | F85: 0.85 | G85: -- | I85: -- | J85: -- | K85: -- | L85: -- | M85: 32 | N85: 33 | O85: 35 | P85: 38 | Q85: 41 | R85: 31 | T85: 28 | U85: 0.062 | V85: 47 | W85: 70 | X85: 84 | AA85: =28+0.14*M85 -> 32.48 | AD85: =-A85 -> -4.6 | AE85: =B85*100 -> 2800 | AF85: =AE85/C85 -> 66.666667
A86: 4.8 | B86: 31 | C86: 77 | D86: 3:::: | E86: 1.85 | F86: 0.89 | G86: -- | I86: -- | J86: -- | K86: -- | L86: -- | M86: 35 | N86: 33 | O86: 35 | P86: 38 | Q86: 41 | R86: 31 | T86: 29 | U86: 0.068 | V86: 52 | W86: 78 | X86: 93 | AA86: =28+0.14*M86 -> 32.9 | AD86: =-A86 -> -4.8 | AE86: =B86*100 -> 3100 | AF86: =AE86/C86 -> 40.25974
A87: 5 | B87: 48 | C87: 55 | D87: 3:::: | E87: 1.85 | F87: 0.93 | G87: -- | I87: -- | J87: -- | K87: -- | L87: -- | M87: 49 | N87: 35 | O87: 37 | P87: 39 | Q87: 42 | R87: 33 | T87: 31 | U87: 0.101 | V87: 80 | W87: 120 | X87: 144 | AA87: =28+0.14*M87 -> 34.86 | AD87: =-A87 -> -5 | AE87: =B87*100 -> 4800 | AF87: =AE87/C87 -> 87.272727
A88: 5.2 | B88: 43 | C88: 64 | D88: 3:::: | E88: 1.85 | F88: 0.96 | G88: -- | I88: -- | J88: -- | K88: -- | L88: -- | M88: 44 | N88: 34 | O88: 37 | P88: 39 | Q88: 42 | R88: 32 | T88: 30 | U88: 0.089 | V88: 72 | W88: 108 | X88: 129 | AA88: =28+0.14*M88 -> 34.16 | AD88: =-A88 -> -5.2 | AE88: =B88*100 -> 4300 | AF88: =AE88/C88 -> 67.1875
A89: 5.4 | B89: 48 | C89: 60 | D89: 3:::: | E89: 1.85 | F89: 1 | G89: -- | I89: -- | J89: -- | K89: -- | L89: -- | M89: 47 | N89: 35 | O89: 37 | P89: 39 | Q89: 42 | R89: 33 | T89: 31 | U89: 0.096 | V89: 80 | W89: 120 | X89: 144 | AA89: =28+0.14*M89 -> 34.58 | AD89: =-A89 -> -5.4 | AE89: =B89*100 -> 4800 | AF89: =AE89/C89 -> 80
A90: 5.6 | B90: 52 | C90: 49 | D90: 3:::: | E90: 1.85 | F90: 1.04 | G90: -- | I90: -- | J90: -- | K90: -- | L90: -- | M90: 49 | N90: 35 | O90: 37 | P90: 39 | Q90: 42 | R90: 33 | T90: 31 | U90: 0.101 | V90: 87 | W90: 130 | X90: 156 | AA90: =28+0.14*M90 -> 34.86 | AD90: =-A90 -> -5.6 | AE90: =B90*100 -> 5200 | AF90: =AE90/C90 -> 106.12245
A91: 5.8 | B91: 38 | C91: 71 | D91: 3:::: | E91: 1.85 | F91: 1.07 | G91: -- | I91: -- | J91: -- | K91: -- | L91: -- | M91: 37 | N91: 33 | O91: 36 | P91: 38 | Q91: 41 | R91: 31 | T91: 30 | U91: 0.073 | V91: 63 | W91: 95 | X91: 114 | AA91: =28+0.14*M91 -> 33.18 | AD91: =-A91 -> -5.8 | AE91: =B91*100 -> 3800 | AF91: =AE91/C91 -> 53.521127
A92: 6 | B92: 49 | C92: 82 | D92: 3:::: | E92: 1.85 | F92: 1.11 | G92: -- | I92: -- | J92: -- | K92: -- | L92: -- | M92: 45 | N92: 34 | O92: 37 | P92: 39 | Q92: 42 | R92: 32 | T92: 31 | U92: 0.091 | V92: 82 | W92: 123 | X92: 147 | AA92: =28+0.14*M92 -> 34.3 | AD92: =-A92 -> -6 | AE92: =B92*100 -> 4900 | AF92: =AE92/C92 -> 59.756098
A93: 6.2 | B93: 55 | C93: 46 | D93: 3:::: | E93: 1.85 | F93: 1.15 | G93: -- | I93: -- | J93: -- | K93: -- | L93: -- | M93: 48 | N93: 35 | O93: 37 | P93: 39 | Q93: 42 | R93: 33 | T93: 31 | U93: 0.099 | V93: 92 | W93: 138 | X93: 165 | AA93: =28+0.14*M93 -> 34.72 | AD93: =-A93 -> -6.2 | AE93: =B93*100 -> 5500 | AF93: =AE93/C93 -> 119.56522
A94: 6.4 | B94: 50 | C94: 37 | D94: 3:::: | E94: 1.85 | F94: 1.18 | G94: -- | I94: -- | J94: -- | K94: -- | L94: -- | M94: 44 | N94: 34 | O94: 37 | P94: 39 | Q94: 42 | R94: 32 | T94: 31 | U94: 0.089 | V94: 83 | W94: 125 | X94: 150 | AA94: =28+0.14*M94 -> 34.16 | AD94: =-A94 -> -6.4 | AE94: =B94*100 -> 5000 | AF94: =AE94/C94 -> 135.13514
A95: 6.6 | B95: 50 | C95: 62 | D95: 3:::: | E95: 1.85 | F95: 1.22 | G95: -- | I95: -- | J95: -- | K95: -- | L95: -- | M95: 43 | N95: 34 | O95: 36 | P95: 39 | Q95: 41 | R95: 32 | T95: 31 | U95: 0.088 | V95: 83 | W95: 125 | X95: 150 | AA95: =28+0.14*M95 -> 34.02 | AD95: =-A95 -> -6.6 | AE95: =B95*100 -> 5000 | AF95: =AE95/C95 -> 80.645161
A96: 6.8 | B96: 60 | C96: 60 | D96: 3:::: | E96: 1.85 | F96: 1.26 | G96: -- | I96: -- | J96: -- | K96: -- | L96: -- | M96: 49 | N96: 35 | O96: 37 | P96: 39 | Q96: 42 | R96: 33 | T96: 32 | U96: 0.101 | V96: 100 | W96: 150 | X96: 180 | AA96: =28+0.14*M96 -> 34.86 | AD96: =-A96 -> -6.8 | AE96: =B96*100 -> 6000 | AF96: =AE96/C96 -> 100
A97: 7 | B97: 41 | C97: 88 | D97: 3:::: | E97: 1.85 | F97: 1.3 | G97: -- | I97: -- | J97: -- | K97: -- | L97: -- | M97: 35 | N97: 33 | O97: 35 | P97: 38 | Q97: 41 | R97: 31 | T97: 30 | U97: 0.069 | V97: 68 | W97: 103 | X97: 123 | AA97: =28+0.14*M97 -> 32.9 | AD97: =-A97 -> -7 | AE97: =B97*100 -> 4100 | AF97: =AE97/C97 -> 46.590909
A98: 7.2 | B98: 53 | C98: 50 | D98: 3:::: | E98: 1.85 | F98: 1.33 | G98: -- | I98: -- | J98: -- | K98: -- | L98: -- | M98: 43 | N98: 34 | O98: 36 | P98: 39 | Q98: 41 | R98: 32 | T98: 31 | U98: 0.087 | V98: 88 | W98: 133 | X98: 159 | AA98: =28+0.14*M98 -> 34.02 | AD98: =-A98 -> -7.2 | AE98: =B98*100 -> 5300 | AF98: =AE98/C98 -> 106
A99: 7.4 | B99: 32 | C99: 32 | D99: 3:::: | E99: 1.85 | F99: 1.37 | G99: -- | I99: -- | J99: -- | K99: -- | L99: -- | M99: 25 | N99: 32 | O99: 34 | P99: 37 | Q99: 40 | R99: 29 | T99: 29 | U99: 0.048 | V99: 53 | W99: 80 | X99: 96 | AA99: =28+0.14*M99 -> 31.5 | AD99: =-A99 -> -7.4 | AE99: =B99*100 -> 3200 | AF99: =AE99/C99 -> 100
A100: 7.6 | B100: 43 | C100: 40 | D100: 3:::: | E100: 1.85 | F100: 1.41 | G100: -- | I100: -- | J100: -- | K100: -- | L100: -- | M100: 35 | N100: 33 | O100: 35 | P100: 38 | Q100: 41 | R100: 30 | T100: 30 | U100: 0.068 | V100: 72 | W100: 108 | X100: 129 | AA100: =28+0.14*M100 -> 32.9 | AD100: =-A100 -> -7.6 | AE100: =B100*100 -> 4300 | AF100: =AE100/C100 -> 107.5
A101: 7.8 | B101: 39 | C101: 53 | D101: 3:::: | E101: 1.85 | F101: 1.44 | G101: -- | I101: -- | J101: -- | K101: -- | L101: -- | M101: 31 | N101: 32 | O101: 35 | P101: 38 | Q101: 40 | R101: 30 | T101: 30 | U101: 0.059 | V101: 65 | W101: 98 | X101: 117 | AA101: =28+0.14*M101 -> 32.34 | AD101: =-A101 -> -7.8 | AE101: =B101*100 -> 3900 | AF101: =AE101/C101 -> 73.584906
A102: 8 | B102: 47 | C102: 59 | D102: 3:::: | E102: 1.85 | F102: 1.48 | G102: -- | I102: -- | J102: -- | K102: -- | L102: -- | M102: 36 | N102: 33 | O102: 36 | P102: 38 | Q102: 41 | R102: 31 | T102: 31 | U102: 0.072 | V102: 78 | W102: 118 | X102: 141 | AA102: =28+0.14*M102 -> 33.04 | AD102: =-A102 -> -8 | AE102: =B102*100 -> 4700 | AF102: =AE102/C102 -> 79.661017
A103: 8.2 | B103: 48 | C103: 72 | D103: 3:::: | E103: 1.85 | F103: 1.52 | G103: -- | I103: -- | J103: -- | K103: -- | L103: -- | M103: 37 | N103: 33 | O103: 36 | P103: 38 | Q103: 41 | R103: 31 | T103: 31 | U103: 0.072 | V103: 80 | W103: 120 | X103: 144 | AA103: =28+0.14*M103 -> 33.18 | AD103: =-A103 -> -8.2 | AE103: =B103*100 -> 4800 | AF103: =AE103/C103 -> 66.666667
A104: 8.4 | B104: 40 | C104: 35 | D104: 3:::: | E104: 1.85 | F104: 1.55 | G104: -- | I104: -- | J104: -- | K104: -- | L104: -- | M104: 30 | N104: 32 | O104: 35 | P104: 38 | Q104: 40 | R104: 29 | T104: 30 | U104: 0.057 | V104: 67 | W104: 100 | X104: 120 | AA104: =28+0.14*M104 -> 32.2 | AD104: =-A104 -> -8.4 | AE104: =B104*100 -> 4000 | AF104: =AE104/C104 -> 114.28571
A105: 8.6 | B105: 33 | C105: 41 | D105: 3:::: | E105: 1.85 | F105: 1.59 | G105: -- | I105: -- | J105: -- | K105: -- | L105: -- | M105: 23 | N105: 31 | O105: 34 | P105: 37 | Q105: 40 | R105: 28 | T105: 29 | U105: 0.043 | V105: 55 | W105: 83 | X105: 99 | AA105: =28+0.14*M105 -> 31.22 | AD105: =-A105 -> -8.6 | AE105: =B105*100 -> 3300 | AF105: =AE105/C105 -> 80.487805
A106: 8.8 | B106: 46 | C106: 69 | D106: 3:::: | E106: 1.85 | F106: 1.63 | G106: -- | I106: -- | J106: -- | K106: -- | L106: -- | M106: 33 | N106: 33 | O106: 35 | P106: 38 | Q106: 41 | R106: 30 | T106: 31 | U106: 0.065 | V106: 77 | W106: 115 | X106: 138 | AA106: =28+0.14*M106 -> 32.62 | AD106: =-A106 -> -8.8 | AE106: =B106*100 -> 4600 | AF106: =AE106/C106 -> 66.666667
...

Sheet verifica a liquefazione CPT (5)
A1: CPT 1 | AD1: DOMANDA | AF1: CAPACITA' | AH1: DOMANDA
A2: z | B2: qc | C2: qc/fs | D2: γ' | E2: σ'vo | F2: Dr | G2: φ's | H2: amax/g | K2: z | L2: qc | M2: fs | N2: γ | O2: γ' | P2: σvo | Q2: σ'vo | R2: Pa | S2: F | T2: n | U2: Q | V2: Ic | W2: qc1N | X2: kc | Y2: (qc1N)cs | Z2: Dr | AA2: f | AB2: kσ | AC2: rd | AD2: CSR7,5 | AE2: CSRM | AF2: CRR7,5 (Y-R) | AG2: FS | AH2: CRR7,5 (I-B) | AI2: FS
A3: [m] | B3: [Kg/cm^2] | C3: [Kg/cm^2] | D3: [t/m^3] | E3: [Kg/cm^2] | F3: % | G3: (°) | H3: (-) | K3: [m] | L3: [KPa] | M3: [KPa] | N3: [KN/m^3] | O3: [KN/m^3] | P3: [KPa] | Q3: [KPa] | R3: [KPa] | S3: (-) | T3: (-) | U3: (-) | V3: (-) | W3: (-) | X3: (-) | Y3: (-) | Z3: % | AA3: (-) | AB3: (-) | AC3: (-) | AD3: (-) | AE3: (-) | AF3: (-) | AG3: (-) | AH3: (-) | AI3: (-) | AN3: sabbia ghiaiosa | AO3: sabbie da pulite a limose | AP3: miscele di sabbie (da sabbia limosa a limo sabbioso) | AQ3: Mscele di limo (da limo argilloso a argilla limosa | AR3: Argilla (da argilla limosa a argilla) | AS3: Terreni organici (torbe)
A4: 0.2 | B4: 7 | C4: -- | D4: 1.85 | E4: 0.04 | F4: 89 | G4: 41 | H4: 0.221 | K4: 0.2 | L4: =B4*100 -> 700 | M4: -- | N4: =18.5 -> 18.5 | O4: =N4 -> 18.5 | P4: =N4*K4 -> 3.7 | Q4: =O4*K4 -> 3.7 | R4: =100 -> 100 | S4: =(M4/(L4-P4))*100 -> #VALUE! | T4: =((AJ59-1.64)*0.3)+0.5 -> #VALUE! | U4: =(($L4-$P4)/$R$4)*(($R$4/$Q4)^T4) -> #VALUE! | W4: =(L4/$R$4)*($R$4/Q4)^T4 -> #VALUE! | X4: =IF(V4<2.5,-(0.403*V4^4)+(5.581*V4^3)-(21.63*V4^2)+(33.75*V4)-17.88,(6*10^(-7))*V4^(16.76)) -> -17.88 | Y4: =X4*W4 -> #VALUE! | Z4: =-98+66*LOG(10*B4/(SQRT(10*(Q4/100)))) -> 38.025814 | AA4: =IF(Z4<40,1,0.75) -> 1 | AB4: =IF(P4/$R$4<=1,1,(P4/$R$4)^(AA4-1)) -> 1 | AC4: =IF(K4<9.15,1-0.00765*K4,1.174-0.0267*K4) -> 0.99847 | AD4: =0.65*AC4*($R$7)*(P4/Q4) -> 0.13239712 | AE4: =AD4/($R$22*AB4) -> 0.10814868 | AF4: =93*(Y4/1000)^3+0.08 -> #VALUE! | AH4: =EXP((Y4/540)+(Y4/67)^2-(Y4/80)^3+(Y4/114)^4-3) -> #VALUE! | AI4: =AH4/AE4 -> #VALUE! | AL4: 1.25 | AM4: -0.2 | AN4: 1.31 | AO4: 2.05 | AP4: 2.6 | AQ4: 2.95 | AR4: 3.6 | AS4: 4
A5: 0.4 | B5: 14 | C5: 35 | D5: 1.85 | E5: 0.07 | F5: 89 | G5: 40 | H5: 0.22 | K5: 0.4 | L5: =B5*100 -> 1400 | M5: =L5/C5 -> 40 | N5: =18.5 -> 18.5 | O5: =N5 -> 18.5 | P5: =N5*K5 -> 7.4 | Q5: =O5*K5 -> 7.4 | R5: amax/g | S5: =(M5/(L5-P5))*100 -> 2.8723251 | T5: =((AJ60-1.64)*0.3)+0.5 -> 0.69205416 | U5: =(($L5-$P5)/$R$4)*(($R$4/$Q5)^$T$5) -> 84.40716 | V5: =((3.47-LOG(U5))^2+(LOG($S5)+1.22)^2)^0.5 -> 2.2801827 | W5: =(L5/$R$4)*($R$4/Q5)^T5 -> 84.855682 | X5: =-(0.403*V5^4)+(5.581*V5^3)-(21.63*V5^2)+(33.75*V5)-17.88 -> 1.8867263 | Y5: =X5*W5 -> 160.09944 | Z5: =-98+66*LOG(10*B5/(SQRT(10*(Q5/100)))) -> 47.959804 | AA5: =IF(Z5<40,1,0.75) -> 0.75 | AB5: =IF(P5/$R$4<=1,1,(P5/$R$4)^(AA5-1)) -> 1 | AC5: =IF(K5<9.15,1-0.00765*K5,1.174-0.0267*K5) -> 0.99694 | AD5: =0.65*AC5*($R$7)*(P5/Q5) -> 0.13219424 | AE5: =AD5/($R$22*AB5) -> 0.10798296 | AF5: =93*(Y5/1000)^3+0.08 -> 0.46163871 | AH5: =EXP((Y5/540)+(Y5/67)^2-(Y5/80)^3+(Y5/114)^4-3) -> 0.32673293 | AL5: 1.25 | AM5: -0.4 | AN5: 1.31 | AO5: 2.05 | AP5: 2.6 | AQ5: 2.95 | AR5: 3.6
A6: 0.6 | B6: 24 | C6: 40 | D6: 1.85 | E6: 0.11 | F6: 84 | G6: 40 | H6: 0.204 | K6: 0.6 | L6: =B6*100 -> 2400 | M6: =L6/C6 -> 60 | N6: =18.5 -> 18.5 | O6: =N6 -> 18.5 | P6: =N6*K6 -> 11.1 | Q6: =O6*K6 -> 11.1 | R6: (-) | S6: =(M6/(L6-P6))*100 -> 2.5116162 | T6: =((AJ61-1.64)*0.3)+0.5 -> 0.66216625 | U6: =(($L6-$P6)/$R$4)*(($R$4/$Q6)^T6) -> 102.41248 | V6: =((3.47-LOG(U6))^2+(LOG($S6)+1.22)^2)^0.5 -> 2.1805546 | W6: =(L6/$R$4)*($R$4/Q6)^T6 -> 102.88834 | X6: =-(0.403*V6^4)+(5.581*V6^3)-(21.63*V6^2)+(33.75*V6)-17.88 -> 1.6204478 | Y6: =X6*W6 -> 166.72518 | Z6: =-98+66*LOG(10*B6/(SQRT(10*(Q6/100)))) -> 57.598284 | AA6: =IF(Z6<40,1,0.75) -> 0.75 | AB6: =IF(P6/$R$4<=1,1,(P6/$R$4)^(AA6-1)) -> 1 | AC6: =IF(K6<9.15,1-0.00765*K6,1.174-0.0267*K6) -> 0.99541 | AD6: =0.65*AC6*($R$7)*(P6/Q6) -> 0.13199137 | AE6: =AD6/($R$22*AB6) -> 0.10781724 | AF6: =93*(Y6/1000)^3+0.08 -> 0.51100918 | AG6: =AF6/AE6 -> 4.7395871 | AH6: =EXP((Y6/540)+(Y6/67)^2-(Y6/80)^3+(Y6/114)^4-3) -> 0.37690165 | AI6: =AH6/AE6 -> 3.4957457 | AL6: 1.25 | AM6: -0.6 | AN6: 1.31 | AO6: 2.05 | AP6: 2.6 | AQ6: 2.95 | AR6: 3.6
A7: 0.8 | B7: 50 | C7: 62 | D7: 1.85 | E7: 0.15 | F7: 71 | G7: 38 | H7: 0.162 | K7: 0.8 | L7: =B7*100 -> 5000 | M7: =L7/C7 -> 80.645161 | N7: =18.5 -> 18.5 | O7: =N7 -> 18.5 | P7: =N7*K7 -> 14.8 | Q7: =O7*K7 -> 14.8 | R7: 0.204 | S7: =(M7/(L7-P7))*100 -> 1.6176916 | T7: =((AJ62-1.64)*0.3)+0.5 -> 0.5849128 | U7: =(($L7-$P7)/$R$4)*(($R$4/$Q7)^T7) -> 152.40778 | V7: =((3.47-LOG(U7))^2+(LOG($S7)+1.22)^2)^0.5 -> 1.9230428 | W7: =(L7/$R$4)*($R$4/Q7)^T7 -> 152.86024 | X7: =-(0.403*V7^4)+(5.581*V7^3)-(21.63*V7^2)+(33.75*V7)-17.88 -> 1.2113401 | Y7: =X7*W7 -> 185.16574 | Z7: =-98+66*LOG(10*B7/(SQRT(10*(Q7/100)))) -> 74.513384 | AA7: =IF(Z7<40,1,0.75) -> 0.75 | AB7: =IF(P7/$R$4<=1,1,(P7/$R$4)^(AA7-1)) -> 1 | AC7: =IF(K7<9.15,1-0.00765*K7,1.174-0.0267*K7) -> 0.99388 | AD7: =0.65*AC7*($R$7)*(P7/Q7) -> 0.13178849 | AE7: =AD7/($R$22*AB7) -> 0.10765152 | AF7: =93*(Y7/1000)^3+0.08 -> 0.67042513 | AG7: =AF7/AE7 -> 6.2277351 | AH7: =EXP((Y7/540)+(Y7/67)^2-(Y7/80)^3+(Y7/114)^4-3) -> 0.63207938 | AI7: =AH7/AE7 -> 5.8715326 | AL7: 1.25 | AM7: -0.8 | AN7: 1.31 | AO7: 2.05 | AP7: 2.6 | AQ7: 2.95 | AR7: 3.6
A8: 1,00 | B8: 40 | C8: 37 | D8: 1.85 | E8: 0.19 | F8: 52 | G8: 35 | H8: 0.11 | K8: 1 | L8: =B8*100 -> 4000 | M8: =L8/C8 -> 108.10811 | N8: =18.5 -> 18.5 | O8: =N8 -> 18.5 | P8: =N8*K8 -> 18.5 | Q8: =O8*K8 -> 18.5 | R8: n | S8: =(M8/(L8-P8))*100 -> 2.7152608 | T8: =((AJ63-1.64)*0.3)+0.5 -> 0.65596465 | U8: =(($L8-$P8)/$R$4)*(($R$4/$Q8)^T8) -> 120.43595 | V8: =((3.47-LOG(U8))^2+(LOG($S8)+1.22)^2)^0.5 -> 2.1598822 | W8: =(L8/$R$4)*($R$4/Q8)^T8 -> 120.99556 | X8: =-(0.403*V8^4)+(5.581*V8^3)-(21.63*V8^2)+(33.75*V8)-17.88 -> 1.5740039 | Y8: =X8*W8 -> 190.44748 | Z8: =-98+66*LOG(10*B8/(SQRT(10*(Q8/100)))) -> 64.919292 | AA8: =IF(Z8<40,1,0.75) -> 0.75 | AB8: =IF(P8/$R$4<=1,1,(P8/$R$4)^(AA8-1)) -> 1 | AC8: =IF(K8<9.15,1-0.00765*K8,1.174-0.0267*K8) -> 0.99235 | AD8: =0.65*AC8*($R$7)*(P8/Q8) -> 0.13158561 | AE8: =AD8/($R$22*AB8) -> 0.1074858 | AF8: =93*(Y8/1000)^3+0.08 -> 0.72240458 | AG8: =AF8/AE8 -> 6.7209307 | AH8: =EXP((Y8/540)+(Y8/67)^2-(Y8/80)^3+(Y8/114)^4-3) -> 0.76347238 | AI8: =AH8/AE8 -> 7.1030072 | AL8: 1.25 | AM8: -1 | AN8: 1.31 | AO8: 2.05 | AP8: 2.6 | AQ8: 2.95 | AR8: 3.6
A9: 1.2 | B9: 24 | C9: 28 | D9: 1.85 | E9: 0.22 | F9: -- | G9: -- | H9: -- | K9: 1.2 | L9: =B9*100 -> 2400 | M9: =L9/C9 -> 85.714286 | N9: =18.5 -> 18.5 | O9: =N9 -> 18.5 | P9: =N9*K9 -> 22.2 | Q9: =O9*K9 -> 22.2 | R9: (-) | S9: =(M9/(L9-P9))*100 -> 3.6047727 | T9: =((AJ64-1.64)*0.3)+0.5 -> 0.72883429 | U9: =(($L9-$P9)/$R$4)*(($R$4/$Q9)^T9) -> 71.21569 | V9: =((3.47-LOG(U9))^2+(LOG($S9)+1.22)^2)^0.5 -> 2.402781 | W9: =(L9/$R$4)*($R$4/Q9)^T9 -> 71.880586 | X9: =-(0.403*V9^4)+(5.581*V9^3)-(21.63*V9^2)+(33.75*V9)-17.88 -> 2.3237573 | Y9: =X9*W9 -> 167.03303 | Z9: =-98+66*LOG(10*B9/(SQRT(10*(Q9/100)))) -> 47.664294 | AA9: =IF(Z9<40,1,0.75) -> 0.75 | AB9: =IF(P9/$R$4<=1,1,(P9/$R$4)^(AA9-1)) -> 1 | AC9: =IF(K9<9.15,1-0.00765*K9,1.174-0.0267*K9) -> 0.99082 | AD9: =0.65*AC9*($R$7)*(P9/Q9) -> 0.13138273 | AE9: =AD9/($R$22*AB9) -> 0.10732007 | AF9: =93*(Y9/1000)^3+0.08 -> 0.51340115 | AG9: =AF9/AE9 -> 4.7838315 | AH9: =EXP((Y9/540)+(Y9/67)^2-(Y9/80)^3+(Y9/114)^4-3) -> 0.37959045 | AI9: =AH9/AE9 -> 3.5369939 | AL9: 1.25 | AM9: -1.2 | AN9: 1.31 | AO9: 2.05 | AP9: 2.6 | AQ9: 2.95 | AR9: 3.6
A10: 1.4 | B10: 27 | C10: 31 | D10: 1.85 | E10: 0.26 | F10: 56 | G10: 36 | H10: 0.119 | K10: 1.4 | L10: =B10*100 -> 2700 | M10: =L10/C10 -> 87.096774 | N10: =18.5 -> 18.5 | O10: =N10 -> 18.5 | P10: =N10*K10 -> 25.9 | Q10: =O10*K10 -> 25.9 | R10: 1 | S10: =(M10/(L10-P10))*100 -> 3.25705 | T10: =((AJ65-1.64)*0.3)+0.5 -> 0.71975507 | U10: =(($L10-$P10)/$R$4)*(($R$4/$Q10)^T10) -> 70.7063 | V10: =((3.47-LOG(U10))^2+(LOG($S10)+1.22)^2)^0.5 -> 2.3725169 | W10: =(L10/$R$4)*($R$4/Q10)^T10 -> 71.391126 | X10: =-(0.403*V10^4)+(5.581*V10^3)-(21.63*V10^2)+(33.75*V10)-17.88 -> 2.2036599 | Y10: =X10*W10 -> 157.32176 | Z10: =-98+66*LOG(10*B10/(SQRT(10*(Q10/100)))) -> 48.831116 | AA10: =IF(Z10<40,1,0.75) -> 0.75 | AB10: =IF(P10/$R$4<=1,1,(P10/$R$4)^(AA10-1)) -> 1 | AC10: =IF(K10<9.15,1-0.00765*K10,1.174-0.0267*K10) -> 0.98929 | AD10: =0.65*AC10*($R$7)*(P10/Q10) -> 0.13117985 | AE10: =AD10/($R$22*AB10) -> 0.10715435 | AF10: =93*(Y10/1000)^3+0.08 -> 0.44211738 | AG10: =AF10/AE10 -> 4.1259862 | AH10: =EXP((Y10/540)+(Y10/67)^2-(Y10/80)^3+(Y10/114)^4-3) -> 0.30937378 | AI10: =AH10/AE10 -> 2.8871788 | AL10: 1.25 | AM10: -1.4 | AN10: 1.31 | AO10: 2.05 | AP10: 2.6 | AQ10: 2.95 | AR10: 3.6
A11: 1.6 | B11: 31 | C11: 36 | D11: 1.85 | E11: 0.3 | F11: 46 | G11: 34 | H11: 0.095 | K11: 1.6 | L11: =B11*100 -> 3100 | M11: =L11/C11 -> 86.111111 | N11: =18.5 -> 18.5 | O11: =N11 -> 18.5 | P11: =N11*K11 -> 29.6 | Q11: =O11*K11 -> 29.6 | R11: M | S11: =(M11/(L11-P11))*100 -> 2.8045568 | T11: =((AJ66-1.64)*0.3)+0.5 -> 0.70361466 | U11: =(($L11-$P11)/$R$4)*(($R$4/$Q11)^T11) -> 72.310583 | V11: =((3.47-LOG(U11))^2+(LOG($S11)+1.22)^2)^0.5 -> 2.3187155 | W11: =(L11/$R$4)*($R$4/Q11)^T11 -> 73.007688 | X11: =-(0.403*V11^4)+(5.581*V11^3)-(21.63*V11^2)+(33.75*V11)-17.88 -> 2.0102419 | Y11: =X11*W11 -> 146.76311 | Z11: =-98+66*LOG(10*B11/(SQRT(10*(Q11/100)))) -> 50.877245 | AA11: =IF(Z11<40,1,0.75) -> 0.75 | AB11: =IF(P11/$R$4<=1,1,(P11/$R$4)^(AA11-1)) -> 1 | AC11: =IF(K11<9.15,1-0.00765*K11,1.174-0.0267*K11) -> 0.98776 | AD11: =0.65*AC11*($R$7)*(P11/Q11) -> 0.13097698 | AE11: =AD11/($R$22*AB11) -> 0.10698863 | AF11: =93*(Y11/1000)^3+0.08 -> 0.37399076 | AG11: =AF11/AE11 -> 3.4956122 | AH11: =EXP((Y11/540)+(Y11/67)^2-(Y11/80)^3+(Y11/114)^4-3) -> 0.25737564 | AI11: =AH11/AE11 -> 2.4056354 | AL11: 1.25 | AM11: -1.6 | AN11: 1.31 | AO11: 2.05 | AP11: 2.6 | AQ11: 2.95 | AR11: 3.6
A12: 1.8 | B12: 31 | C12: 29 | D12: 0.85 | E12: 0.31 | F12: 18 | G12: 30 | H12: 0.034 | K12: 1.8 | L12: =B12*100 -> 3100 | M12: =L12/C12 -> 106.89655 | N12: =18.5 -> 18.5 | O12: =N12 -> 18.5 | P12: =N12*K12 -> 33.3 | Q12: =O12*K12 -> 33.3 | R12: (-) | S12: =(M12/(L12-P12))*100 -> 3.4857192 | T12: =((AJ67-1.64)*0.3)+0.5 -> 0.72919968 | U12: =(($L12-$P12)/$R$4)*(($R$4/$Q12)^T12) -> 68.376175 | V12: =((3.47-LOG(U12))^2+(LOG($S12)+1.22)^2)^0.5 -> 2.4039989 | W12: =(L12/$R$4)*($R$4/Q12)^T12 -> 69.118643 | X12: =-(0.403*V12^4)+(5.581*V12^3)-(21.63*V12^2)+(33.75*V12)-17.88 -> 2.3287664 | Y12: =X12*W12 -> 160.96118 | Z12: =-98+66*LOG(10*B12/(SQRT(10*(Q12/100)))) -> 49.189212 | AA12: =IF(Z12<40,1,0.75) -> 0.75 | AB12: =IF(P12/$R$4<=1,1,(P12/$R$4)^(AA12-1)) -> 1 | AC12: =IF(K12<9.15,1-0.00765*K12,1.174-0.0267*K12) -> 0.98623 | AD12: =0.65*AC12*($R$7)*(P12/Q12) -> 0.1307741 | AE12: =AD12/($R$22*AB12) -> 0.10682291 | AF12: =93*(Y12/1000)^3+0.08 -> 0.46783443 | AG12: =AF12/AE12 -> 4.3795327 | AH12: =EXP((Y12/540)+(Y12/67)^2-(Y12/80)^3+(Y12/114)^4-3) -> 0.33251373 | AI12: =AH12/AE12 -> 3.1127566 | AL12: 1.25 | AM12: -1.8 | AN12: 1.31 | AO12: 2.05 | AP12: 2.6 | AQ12: 2.95 | AR12: 3.6
A13: 2,00 | B13: 28 | C13: 38 | D13: 0.96 | E13: 0.33 | F13: 89 | G13: 41 | H13: 0.221 | K13: 2 | L13: =B13*100 -> 2800 | M13: =L13/C13 -> 73.684211 | N13: =18.5 -> 18.5 | O13: =N13 -> 18.5 | P13: =N13*K13 -> 37 | Q13: =O13*K13 -> 37 | R13: 7 | S13: =(M13/(L13-P13))*100 -> 2.6668191 | T13: =((AJ68-1.64)*0.3)+0.5 -> 0.72156791 | U13: =(($L13-$P13)/$R$4)*(($R$4/$Q13)^T13) -> 56.617758 | V13: =((3.47-LOG(U13))^2+(LOG($S13)+1.22)^2)^0.5 -> 2.3785597 | W13: =(L13/$R$4)*($R$4/Q13)^T13 -> 57.37594 | X13: =-(0.403*V13^4)+(5.581*V13^3)-(21.63*V13^2)+(33.75*V13)-17.88 -> 2.2269743 | Y13: =X13*W13 -> 127.77474 | Z13: =-98+66*LOG(10*B13/(SQRT(10*(Q13/100)))) -> 44.761773 | AA13: =IF(Z13<40,1,0.75) -> 0.75 | AB13: =IF(P13/$R$4<=1,1,(P13/$R$4)^(AA13-1)) -> 1 | AC13: =IF(K13<9.15,1-0.00765*K13,1.174-0.0267*K13) -> 0.9847 | AD13: =0.65*AC13*($R$7)*(P13/Q13) -> 0.13057122 | AE13: =AD13/($R$22*AB13) -> 0.10665719 | AF13: =93*(Y13/1000)^3+0.08 -> 0.27400727 | AG13: =AF13/AE13 -> 2.5690464 | AH13: =EXP((Y13/540)+(Y13/67)^2-(Y13/80)^3+(Y13/114)^4-3) -> 0.19738038 | AI13: =AH13/AE13 -> 1.8506055 | AL13: 1.25 | AM13: -2 | AN13: 1.31 | AO13: 2.05 | AP13: 2.6 | AQ13: 2.95 | AR13: 3.6
A14: 2.2 | B14: 35 | C14: 33 | D14: 0.87 | E14: 0.35 | F14: 22 | G14: 31 | H14: 0.041 | K14: 2.2 | L14: =B14*100 -> 3500 | M14: =L14/C14 -> 106.06061 | N14: =18.5 -> 18.5 | O14: =N14 -> 18.5 | P14: =N14*K14 -> 40.7 | Q14: =O14*K14 -> 40.7 | R14: MFS(Idriss) | S14: =(M14/(L14-P14))*100 -> 3.0659557 | T14: =((AJ69-1.64)*0.3)+0.5 -> 0.72011052 | U14: =(($L14-$P14)/$R$4)*(($R$4/$Q14)^T14) -> 66.08812 | V14: =((3.47-LOG(U14))^2+(LOG($S14)+1.22)^2)^0.5 -> 2.3737017 | W14: =(L14/$R$4)*($R$4/Q14)^T14 -> 66.865672 | X14: =-(0.403*V14^4)+(5.581*V14^3)-(21.63*V14^2)+(33.75*V14)-17.88 -> 2.2082053 | Y14: =X14*W14 -> 147.65313 | Z14: =-98+66*LOG(10*B14/(SQRT(10*(Q14/100)))) -> 49.791875 | AA14: =IF(Z14<40,1,0.75) -> 0.75 | AB14: =IF(P14/$R$4<=1,1,(P14/$R$4)^(AA14-1)) -> 1 | AC14: =IF(K14<9.15,1-0.00765*K14,1.174-0.0267*K14) -> 0.98317 | AD14: =0.65*AC14*($R$7)*(P14/Q14) -> 0.13036834 | AE14: =AD14/($R$22*AB14) -> 0.10649147 | AF14: =93*(Y14/1000)^3+0.08 -> 0.37937184 | AG14: =AF14/AE14 -> 3.5624623 | AH14: =EXP((Y14/540)+(Y14/67)^2-(Y14/80)^3+(Y14/114)^4-3) -> 0.26107036 | AI14: =AH14/AE14 -> 2.4515612 | AL14: 1.25 | AM14: -2.2 | AN14: 1.31 | AO14: 2.05 | AP14: 2.6 | AQ14: 2.95 | AR14: 3.6
A15: 2.4 | B15: 32 | C15: 48 | D15: 0.82 | E15: 0.37 | F15: -- | G15: 28 | H15: -- | K15: 2.4 | L15: =B15*100 -> 3200 | M15: =L15/C15 -> 66.666667 | N15: =18.5 -> 18.5 | O15: =N15 -> 18.5 | P15: =N15*K15 -> 44.4 | Q15: =O15*K15 -> 44.4 | R15: (-) | S15: =(M15/(L15-P15))*100 -> 2.1126463 | T15: =((AJ70-1.64)*0.3)+0.5 -> 0.70230169 | U15: =(($L15-$P15)/$R$4)*(($R$4/$Q15)^T15) -> 55.81173 | V15: =((3.47-LOG(U15))^2+(LOG($S15)+1.22)^2)^0.5 -> 2.314339 | W15: =(L15/$R$4)*($R$4/Q15)^T15 -> 56.597013 | X15: =-(0.403*V15^4)+(5.581*V15^3)-(21.63*V15^2)+(33.75*V15)-17.88 -> 1.9955982 | Y15: =X15*W15 -> 112.9449 | Z15: =-98+66*LOG(10*B15/(SQRT(10*(Q15/100)))) -> 45.976261 | AA15: =IF(Z15<40,1,0.75) -> 0.75 | AB15: =IF(P15/$R$4<=1,1,(P15/$R$4)^(AA15-1)) -> 1 | AC15: =IF(K15<9.15,1-0.00765*K15,1.174-0.0267*K15) -> 0.98164 | AD15: =0.65*AC15*($R$7)*(P15/Q15) -> 0.13016546 | AE15: =AD15/($R$22*AB15) -> 0.10632575 | AF15: =93*(Y15/1000)^3+0.08 -> 0.21399322 | AG15: =AF15/AE15 -> 2.012619 | AH15: =EXP((Y15/540)+(Y15/67)^2-(Y15/80)^3+(Y15/114)^4-3) -> 0.16535588 | AI15: =AH15/AE15 -> 1.5551819 | AL15: 1.25 | AM15: -2.4 | AN15: 1.31 | AO15: 2.05 | AP15: 2.6 | AQ15: 2.95 | AR15: 3.6
A16: 2.6 | B16: 64 | C16: 48 | D16: 0.8 | E16: 0.38 | F16: -- | G16: -- | H16: -- | K16: 2.6 | L16: =B16*100 -> 6400 | M16: =L16/C16 -> 133.33333 | N16: =18.5 -> 18.5 | O16: =N16 -> 18.5 | P16: =N16*K16 -> 48.1 | Q16: =O16*K16 -> 48.1 | R16: =(10^2.24)/($R$13^2.56) -> 1.1927489 | S16: =(M16/(L16-P16))*100 -> 2.0991095 | T16: =((AJ71-1.64)*0.3)+0.5 -> 0.64546424 | U16: =(($L16-$P16)/$R$4)*(($R$4/$Q16)^T16) -> 101.875 | V16: =((3.47-LOG(U16))^2+(LOG($S16)+1.22)^2)^0.5 -> 2.1248808 | W16: =(L16/$R$4)*($R$4/Q16)^T16 -> 102.64646 | X16: =-(0.403*V16^4)+(5.581*V16^3)-(21.63*V16^2)+(33.75*V16)-17.88 -> 1.5016466 | Y16: =X16*W16 -> 154.1387 | Z16: =-98+66*LOG(10*B16/(SQRT(10*(Q16/100)))) -> 64.697091 | AA16: =IF(Z16<40,1,0.75) -> 0.75 | AB16: =IF(P16/$R$4<=1,1,(P16/$R$4)^(AA16-1)) -> 1 | AC16: =IF(K16<9.15,1-0.00765*K16,1.174-0.0267*K16) -> 0.98011 | AD16: =0.65*AC16*($R$7)*(P16/Q16) -> 0.12996259 | AE16: =AD16/($R$22*AB16) -> 0.10616003 | AF16: =93*(Y16/1000)^3+0.08 -> 0.42057916 | AG16: =AF16/AE16 -> 3.9617469 | AH16: =EXP((Y16/540)+(Y16/67)^2-(Y16/80)^3+(Y16/114)^4-3) -> 0.29160389 | AI16: =AH16/AE16 -> 2.7468332 | AL16: 1.25 | AM16: -2.6 | AN16: 1.31 | AO16: 2.05 | AP16: 2.6 | AQ16: 2.95 | AR16: 3.6
A17: 2.8 | B17: 60 | C17: 45 | D17: 0.86 | E17: 0.4 | F17: -- | G17: -- | H17: -- | K17: 2.8 | L17: =B17*100 -> 6000 | M17: =L17/C17 -> 133.33333 | N17: =18.5 -> 18.5 | O17: =N17 -> 18.5 | P17: =N17*K17 -> 51.8 | Q17: =O17*K17 -> 51.8 | R17: MFS(A&S) | S17: =(M17/(L17-P17))*100 -> 2.2415745 | T17: =((AJ72-1.64)*0.3)+0.5 -> 0.66094566 | U17: =(($L17-$P17)/$R$4)*(($R$4/$Q17)^T17) -> 91.875152 | V17: =((3.47-LOG(U17))^2+(LOG($S17)+1.22)^2)^0.5 -> 2.1764855 | W17: =(L17/$R$4)*($R$4/Q17)^T17 -> 92.675248 | X17: =-(0.403*V17^4)+(5.581*V17^3)-(21.63*V17^2)+(33.75*V17)-17.88 -> 1.611081 | Y17: =X17*W17 -> 149.30733 | Z17: =-98+66*LOG(10*B17/(SQRT(10*(Q17/100)))) -> 61.7851 | AA17: =IF(Z17<40,1,0.75) -> 0.75 | AB17: =IF(P17/$R$4<=1,1,(P17/$R$4)^(AA17-1)) -> 1 | AC17: =IF(K17<9.15,1-0.00765*K17,1.174-0.0267*K17) -> 0.97858 | AD17: =0.65*AC17*($R$7)*(P17/Q17) -> 0.12975971 | AE17: =AD17/($R$22*AB17) -> 0.10599431 | AF17: =93*(Y17/1000)^3+0.08 -> 0.38954682 | AG17: =AF17/AE17 -> 3.6751674 | AH17: =EXP((Y17/540)+(Y17/67)^2-(Y17/80)^3+(Y17/114)^4-3) -> 0.26822929 | AI17: =AH17/AE17 -> 2.5306009 | AL17: 1.25 | AM17: -2.8 | AN17: 1.31 | AO17: 2.05 | AP17: 2.6 | AQ17: 2.95 | AR17: 3.6
A18: 3,00 | B18: 80 | C18: 46 | D18: 0.89 | E18: 0.42 | F18: 58 | G18: 36 | H18: 0.126 | K18: 3 | L18: =B18*100 -> 8000 | M18: =L18/C18 -> 173.91304 | N18: =18.5 -> 18.5 | O18: =N18 -> 18.5 | P18: =N18*K18 -> 55.5 | Q18: =O18*K18 -> 55.5 | R18: (-) | S18: =(M18/(L18-P18))*100 -> 2.1890999 | T18: =((AJ73-1.64)*0.3)+0.5 -> 0.63823729 | U18: =(($L18-$P18)/$R$4)*(($R$4/$Q18)^T18) -> 115.68268 | V18: =((3.47-LOG(U18))^2+(LOG($S18)+1.22)^2)^0.5 -> 2.100791 | W18: =(L18/$R$4)*($R$4/Q18)^T18 -> 116.49083 | X18: =-(0.403*V18^4)+(5.581*V18^3)-(21.63*V18^2)+(33.75*V18)-17.88 -> 1.4561917 | Y18: =X18*W18 -> 169.63298 | Z18: =-98+66*LOG(10*B18/(SQRT(10*(Q18/100)))) -> 69.042271 | AA18: =IF(Z18<40,1,0.75) -> 0.75 | AB18: =IF(P18/$R$4<=1,1,(P18/$R$4)^(AA18-1)) -> 1 | AC18: =IF(K18<9.15,1-0.00765*K18,1.174-0.0267*K18) -> 0.97705 | AD18: =0.65*AC18*($R$7)*(P18/Q18) -> 0.12955683 | AE18: =AD18/($R$22*AB18) -> 0.10582859 | AF18: =93*(Y18/1000)^3+0.08 -> 0.53395603 | AG18: =AF18/AE18 -> 5.0454802 | AH18: =EXP((Y18/540)+(Y18/67)^2-(Y18/80)^3+(Y18/114)^4-3) -> 0.40380853 | AI18: =AH18/AE18 -> 3.8156849 | AL18: 1.25 | AM18: -3 | AN18: 1.31 | AO18: 2.05 | AP18: 2.6 | AQ18: 2.95 | AR18: 3.6
A19: 3.2 | B19: 80 | C19: 43 | D19: 0.9 | E19: 0.43 | F19: 59 | G19: 36 | H19: 0.128 | K19: 3.2 | L19: =B19*100 -> 8000 | M19: =L19/C19 -> 186.04651 | N19: =18.5 -> 18.5 | O19: =N19 -> 18.5 | P19: =N19*K19 -> 59.2 | Q19: =O19*K19 -> 59.2 | R19: =($R$13/7.5)^(-3.3) -> 1.255679 | S19: =(M19/(L19-P19))*100 -> 2.342919 | T19: =((AJ74-1.64)*0.3)+0.5 -> 0.64800057 | U19: =(($L19-$P19)/$R$4)*(($R$4/$Q19)^T19) -> 111.53211 | V19: =((3.47-LOG(U19))^2+(LOG($S19)+1.22)^2)^0.5 -> 2.1333352 | W19: =(L19/$R$4)*($R$4/Q19)^T19 -> 112.3636 | X19: =-(0.403*V19^4)+(5.581*V19^3)-(21.63*V19^2)+(33.75*V19)-17.88 -> 1.5184234 | Y19: =X19*W19 -> 170.61552 | Z19: =-98+66*LOG(10*B19/(SQRT(10*(Q19/100)))) -> 68.117323 | AA19: =IF(Z19<40,1,0.75) -> 0.75 | AB19: =IF(P19/$R$4<=1,1,(P19/$R$4)^(AA19-1)) -> 1 | AC19: =IF(K19<9.15,1-0.00765*K19,1.174-0.0267*K19) -> 0.97552 | AD19: =0.65*AC19*($R$7)*(P19/Q19) -> 0.12935395 | AE19: =AD19/($R$22*AB19) -> 0.10566286 | AF19: =93*(Y19/1000)^3+0.08 -> 0.54189 | AG19: =AF19/AE19 -> 5.1284811 | AH19: =EXP((Y19/540)+(Y19/67)^2-(Y19/80)^3+(Y19/114)^4-3) -> 0.41371855 | AI19: =AH19/AE19 -> 3.9154584 | AL19: 1.25 | AM19: -3.2 | AN19: 1.31 | AO19: 2.05 | AP19: 2.6 | AQ19: 2.95 | AR19: 3.6
A20: 3.4 | B20: 52 | C20: 43 | D20: 0.92 | E20: 0.45 | F20: 69 | G20: 38 | H20: 0.156 | K20: 3.4 | L20: =B20*100 -> 5200 | M20: =L20/C20 -> 120.93023 | N20: =18.5 -> 18.5 | O20: =N20 -> 18.5 | P20: =N20*K20 -> 62.9 | Q20: =O20*K20 -> 62.9 | R20: MFS | S20: =(M20/(L20-P20))*100 -> 2.3540564 | T20: =((AJ75-1.64)*0.3)+0.5 -> 0.6894541 | U20: =(($L20-$P20)/$R$4)*(($R$4/$Q20)^T20) -> 70.719496 | V20: =((3.47-LOG(U20))^2+(LOG($S20)+1.22)^2)^0.5 -> 2.2715137 | W20: =(L20/$R$4)*($R$4/Q20)^T20 -> 71.585404 | X20: =-(0.403*V20^4)+(5.581*V20^3)-(21.63*V20^2)+(33.75*V20)-17.88 -> 1.8605879 | Y20: =X20*W20 -> 133.19094 | Z20: =-98+66*LOG(10*B20/(SQRT(10*(Q20/100)))) -> 54.900749 | AA20: =IF(Z20<40,1,0.75) -> 0.75 | AB20: =IF(P20/$R$4<=1,1,(P20/$R$4)^(AA20-1)) -> 1 | AC20: =IF(K20<9.15,1-0.00765*K20,1.174-0.0267*K20) -> 0.97399 | AD20: =0.65*AC20*($R$7)*(P20/Q20) -> 0.12915107 | AE20: =AD20/($R$22*AB20) -> 0.10549714 | AF20: =93*(Y20/1000)^3+0.08 -> 0.29973891 | AG20: =AF20/AE20 -> 2.8412041 | AH20: =EXP((Y20/540)+(Y20/67)^2-(Y20/80)^3+(Y20/114)^4-3) -> 0.21160498 | AI20: =AH20/AE20 -> 2.0057887 | AL20: 1.25 | AM20: -3.4 | AN20: 1.31 | AO20: 2.05 | AP20: 2.6 | AQ20: 2.95 | AR20: 3.6
A21: 3.6 | B21: 44 | C21: 37 | D21: 0.89 | E21: 0.47 | F21: 55 | G21: 36 | H21: 0.118 | K21: 3.6 | L21: =B21*100 -> 4400 | M21: =L21/C21 -> 118.91892 | N21: =18.5 -> 18.5 | O21: =N21 -> 18.5 | P21: =N21*K21 -> 66.6 | Q21: =O21*K21 -> 66.6 | R21: (-) | S21: =(M21/(L21-P21))*100 -> 2.7442405 | T21: =((AJ76-1.64)*0.3)+0.5 -> 0.72172328 | U21: =(($L21-$P21)/$R$4)*(($R$4/$Q21)^T21) -> 58.107412 | V21: =((3.47-LOG(U21))^2+(LOG($S21)+1.22)^2)^0.5 -> 2.3790776 | W21: =(L21/$R$4)*($R$4/Q21)^T21 -> 59.000465 | X21: =-(0.403*V21^4)+(5.581*V21^3)-(21.63*V21^2)+(33.75*V21)-17.88 -> 2.2289877 | Y21: =X21*W21 -> 131.51131 | Z21: =-98+66*LOG(10*B21/(SQRT(10*(Q21/100)))) -> 49.293227 | AA21: =IF(Z21<40,1,0.75) -> 0.75 | AB21: =IF(P21/$R$4<=1,1,(P21/$R$4)^(AA21-1)) -> 1 | AC21: =IF(K21<9.15,1-0.00765*K21,1.174-0.0267*K21) -> 0.97246 | AD21: =0.65*AC21*($R$7)*(P21/Q21) -> 0.1289482 | AE21: =AD21/($R$22*AB21) -> 0.10533142 | AF21: =93*(Y21/1000)^3+0.08 -> 0.29153014 | AG21: =AF21/AE21 -> 2.7677414 | AH21: =EXP((Y21/540)+(Y21/67)^2-(Y21/80)^3+(Y21/114)^4-3) -> 0.20700389 | AI21: =AH21/AE21 -> 1.9652625 | AL21: 1.25 | AM21: -3.6 | AN21: 1.31 | AO21: 2.05 | AP21: 2.6 | AQ21: 2.95 | AR21: 3.6
A22: 3.8 | B22: 29 | C22: 29 | D22: 0.88 | E22: 0.49 | F22: 50 | G22: 35 | H22: 0.105 | K22: 3.8 | L22: =B22*100 -> 2900 | M22: =L22/C22 -> 100 | N22: =18.5 -> 18.5 | O22: =N22 -> 18.5 | P22: =N22*K22 -> 70.3 | Q22: =O22*K22 -> 70.3 | R22: =(R16+R19)/2 -> 1.2242139 | S22: =(M22/(L22-P22))*100 -> 3.5339435 | T22: =((AJ77-1.64)*0.3)+0.5 -> 0.78620373 | U22: =(($L22-$P22)/$R$4)*(($R$4/$Q22)^T22) -> 37.330576 | V22: =((3.47-LOG(U22))^2+(LOG($S22)+1.22)^2)^0.5 -> 2.5940124 | W22: =(L22/$R$4)*($R$4/Q22)^T22 -> 38.258003 | X22: =-(0.403*V22^4)+(5.581*V22^3)-(21.63*V22^2)+(33.75*V22)-17.88 -> 3.2902532 | Y22: =X22*W22 -> 125.87852 | Z22: =-98+66*LOG(10*B22/(SQRT(10*(Q22/100)))) -> 36.568742 | AA22: =IF(Z22<40,1,0.75) -> 1 | AB22: =IF(P22/$R$4<=1,1,(P22/$R$4)^(AA22-1)) -> 1 | AC22: =IF(K22<9.15,1-0.00765*K22,1.174-0.0267*K22) -> 0.97093 | AD22: =0.65*AC22*($R$7)*(P22/Q22) -> 0.12874532 | AE22: =AD22/($R$22*AB22) -> 0.1051657 | AF22: =93*(Y22/1000)^3+0.08 -> 0.26549738 | AG22: =AF22/AE22 -> 2.5245625 | AH22: =EXP((Y22/540)+(Y22/67)^2-(Y22/80)^3+(Y22/114)^4-3) -> 0.19278463 | AI22: =AH22/AE22 -> 1.8331512 | AL22: 1.25 | AM22: -3.8 | AN22: 1.31 | AO22: 2.05 | AP22: 2.6 | AQ22: 2.95 | AR22: 3.6
A23: 4,00 | B23: 29 | C23: 48 | D23: 0.89 | E23: 0.51 | F23: 54 | G23: 36 | H23: 0.115 | K23: 4 | L23: =B23*100 -> 2900 | M23: =L23/C23 -> 60.416667 | N23: =18.5 -> 18.5 | O23: =N23 -> 18.5 | P23: =N23*K23 -> 74 | Q23: =O23*K23 -> 74 | R23: MFS | S23: =(M23/(L23-P23))*100 -> 2.1378863 | T23: =((AJ78-1.64)*0.3)+0.5 -> 0.74848958 | U23: =(($L23-$P23)/$R$4)*(($R$4/$Q23)^T23) -> 35.403879 | V23: =((3.47-LOG(U23))^2+(LOG($S23)+1.22)^2)^0.5 -> 2.4682986 | W23: =(L23/$R$4)*($R$4/Q23)^T23 -> 36.330945 | X23: =-(0.403*V23^4)+(5.581*V23^3)-(21.63*V23^2)+(33.75*V23)-17.88 -> 2.6132379 | Y23: =X23*W23 -> 94.941401 | Z23: =-98+66*LOG(10*B23/(SQRT(10*(Q23/100)))) -> 35.833621 | AA23: =IF(Z23<40,1,0.75) -> 1 | AB23: =IF(P23/$R$4<=1,1,(P23/$R$4)^(AA23-1)) -> 1 | AC23: =IF(K23<9.15,1-0.00765*K23,1.174-0.0267*K23) -> 0.9694 | AD23: =0.65*AC23*($R$7)*(P23/Q23) -> 0.12854244 | AE23: =AD23/($R$22*AB23) -> 0.10499998 | AF23: =93*(Y23/1000)^3+0.08 -> 0.15958841 | AG23: =AF23/AE23 -> 1.51989 | AH23: =EXP((Y23/540)+(Y23/67)^2-(Y23/80)^3+(Y23/114)^4-3) -> 0.13444617 | AI23: =AH23/AE23 -> 1.2804399 | AL23: 1.25 | AM23: -4 | AN23: 1.31 | AO23: 2.05 | AP23: 2.6 | AQ23: 2.95 | AR23: 3.6
A24: 4.2 | B24: 35 | C24: 44 | D24: 0.86 | E24: 0.52 | F24: 36 | G24: 33 | H24: 0.07 | K24: 4.2 | L24: =B24*100 -> 3500 | M24: =L24/C24 -> 79.545455 | N24: =18.5 -> 18.5 | O24: =N24 -> 18.5 | P24: =N24*K24 -> 77.7 | Q24: =O24*K24 -> 77.7 | R24: (-) | S24: =(M24/(L24-P24))*100 -> 2.3243273 | T24: =((AJ79-1.64)*0.3)+0.5 -> 0.7401353 | U24: =(($L24-$P24)/$R$4)*(($R$4/$Q24)^T24) -> 41.249753 | V24: =((3.47-LOG(U24))^2+(LOG($S24)+1.22)^2)^0.5 -> 2.440451 | W24: =(L24/$R$4)*($R$4/Q24)^T24 -> 42.186288 | X24: =-(0.403*V24^4)+(5.581*V24^3)-(21.63*V24^2)+(33.75*V24)-17.88 -> 2.4851485 | Y24: =X24*W24 -> 104.83919 | Z24: =-98+66*LOG(10*B24/(SQRT(10*(Q24/100)))) -> 40.524597 | AA24: =IF(Z24<40,1,0.75) -> 0.75 | AB24: =IF(P24/$R$4<=1,1,(P24/$R$4)^(AA24-1)) -> 1 | AC24: =IF(K24<9.15,1-0.00765*K24,1.174-0.0267*K24) -> 0.96787 | AD24: =0.65*AC24*($R$7)*(P24/Q24) -> 0.12833956 | AE24: =AD24/($R$22*AB24) -> 0.10483426 | AF24: =93*(Y24/1000)^3+0.08 -> 0.18716524 | AG24: =AF24/AE24 -> 1.7853442 | AH24: =EXP((Y24/540)+(Y24/67)^2-(Y24/80)^3+(Y24/114)^4-3) -> 0.15066412 | AI24: =AH24/AE24 -> 1.437165 | AL24: 1.25 | AM24: -4.2 | AN24: 1.31 | AO24: 2.05 | AP24: 2.6 | AQ24: 2.95 | AR24: 3.6
A25: 4.4 | B25: 31 | C25: 58 | D25: 0.87 | E25: 0.54 | F25: 41 | G25: 34 | H25: 0.081 | K25: 4.4 | L25: =B25*100 -> 3100 | M25: =L25/C25 -> 53.448276 | N25: =18.5 -> 18.5 | O25: =N25 -> 18.5 | P25: =N25*K25 -> 81.4 | Q25: =O25*K25 -> 81.4 | R25: =6.9*EXP(-R13/4)-0.058 -> 1.1410402 | S25: =(M25/(L25-P25))*100 -> 1.7706313 | T25: =((AJ80-1.64)*0.3)+0.5 -> 0.73418553 | U25: =(($L25-$P25)/$R$4)*(($R$4/$Q25)^T25) -> 35.109435 | V25: =((3.47-LOG(U25))^2+(LOG($S25)+1.22)^2)^0.5 -> 2.4206184 | W25: =(L25/$R$4)*($R$4/Q25)^T25 -> 36.056201 | X25: =-(0.403*V25^4)+(5.581*V25^3)-(21.63*V25^2)+(33.75*V25)-17.88 -> 2.3985045 | Y25: =X25*W25 -> 86.480958 | Z25: =-98+66*LOG(10*B25/(SQRT(10*(Q25/100)))) -> 36.379266 | AA25: =IF(Z25<40,1,0.75) -> 1 | AB25: =IF(P25/$R$4<=1,1,(P25/$R$4)^(AA25-1)) -> 1 | AC25: =IF(K25<9.15,1-0.00765*K25,1.174-0.0267*K25) -> 0.96634 | AD25: =0.65*AC25*($R$7)*(P25/Q25) -> 0.12813668 | AE25: =AD25/($R$22*AB25) -> 0.10466854 | AF25: =93*(Y25/1000)^3+0.08 -> 0.14015122 | AG25: =AF25/AE25 -> 1.3390004 | AH25: =EXP((Y25/540)+(Y25/67)^2-(Y25/80)^3+(Y25/114)^4-3) -> 0.12174034 | AI25: =AH25/AE25 -> 1.1631035 | AL25: 1.25 | AM25: -4.4 | AN25: 1.31 | AO25: 2.05 | AP25: 2.6 | AQ25: 2.95 | AR25: 3.6
A26: 4.6 | B26: 28 | C26: 42 | D26: 0.87 | E26: 0.56 | F26: 41 | G26: 34 | H26: 0.083 | K26: 4.6 | L26: =B26*100 -> 2800 | M26: =L26/C26 -> 66.666667 | N26: =18.5 -> 18.5 | O26: =N26 -> 18.5 | P26: =N26*K26 -> 85.1 | Q26: =O26*K26 -> 85.1 | S26: =(M26/(L26-P26))*100 -> 2.4555846 | T26: =((AJ81-1.64)*0.3)+0.5 -> 0.77408426 | U26: =(($L26-$P26)/$R$4)*(($R$4/$Q26)^T26) -> 30.760562 | V26: =((3.47-LOG(U26))^2+(LOG($S26)+1.22)^2)^0.5 -> 2.5536142 | W26: =(L26/$R$4)*($R$4/Q26)^T26 -> 31.724768 | X26: =-(0.403*V26^4)+(5.581*V26^3)-(21.63*V26^2)+(33.75*V26)-17.88 -> 3.0544631 | Y26: =X26*W26 -> 96.902132 | Z26: =-98+66*LOG(10*B26/(SQRT(10*(Q26/100)))) -> 32.824755 | AA26: =IF(Z26<40,1,0.75) -> 1 | AB26: =IF(P26/$R$4<=1,1,(P26/$R$4)^(AA26-1)) -> 1 | AC26: =IF(K26<9.15,1-0.00765*K26,1.174-0.0267*K26) -> 0.96481 | AD26: =0.65*AC26*($R$7)*(P26/Q26) -> 0.12793381 | AE26: =AD26/($R$22*AB26) -> 0.10450282 | AF26: =93*(Y26/1000)^3+0.08 -> 0.16462193 | AG26: =AF26/AE26 -> 1.5752871 | AH26: =EXP((Y26/540)+(Y26/67)^2-(Y26/80)^3+(Y26/114)^4-3) -> 0.13753337 | AI26: =AH26/AE26 -> 1.3160733 | AL26: 1.25 | AM26: -4.6 | AN26: 1.31 | AO26: 2.05 | AP26: 2.6 | AQ26: 2.95 | AR26: 3.6
A27: 4.8 | B27: 31 | C27: 77 | D27: 0.87 | E27: 0.58 | F27: 42 | G27: 34 | H27: 0.084 | K27: 4.8 | L27: =B27*100 -> 3100 | M27: =L27/C27 -> 40.25974 | N27: =18.5 -> 18.5 | O27: =N27 -> 18.5 | P27: =N27*K27 -> 88.8 | Q27: =O27*K27 -> 88.8 | S27: =(M27/(L27-P27))*100 -> 1.3369999 | T27: =((AJ82-1.64)*0.3)+0.5 -> 0.7198711 | U27: =(($L27-$P27)/$R$4)*(($R$4/$Q27)^T27) -> 32.800134 | V27: =((3.47-LOG(U27))^2+(LOG($S27)+1.22)^2)^0.5 -> 2.3729037 | W27: =(L27/$R$4)*($R$4/Q27)^T27 -> 33.767407 | X27: =-(0.403*V27^4)+(5.581*V27^3)-(21.63*V27^2)+(33.75*V27)-17.88 -> 2.2051422 | Y27: =X27*W27 -> 74.461935 | Z27: =-98+66*LOG(10*B27/(SQRT(10*(Q27/100)))) -> 35.132244 | AA27: =IF(Z27<40,1,0.75) -> 1 | AB27: =IF(P27/$R$4<=1,1,(P27/$R$4)^(AA27-1)) -> 1 | AC27: =IF(K27<9.15,1-0.00765*K27,1.174-0.0267*K27) -> 0.96328 | AD27: =0.65*AC27*($R$7)*(P27/Q27) -> 0.12773093 | AE27: =AD27/($R$22*AB27) -> 0.1043371 | AF27: =93*(Y27/1000)^3+0.08 -> 0.11839599 | AG27: =AF27/AE27 -> 1.1347449 | AH27: =EXP((Y27/540)+(Y27/67)^2-(Y27/80)^3+(Y27/114)^4-3) -> 0.10526151 | AI27: =AH27/AE27 -> 1.0088599 | AL27: 1.25 | AM27: -4.8 | AN27: 1.31 | AO27: 2.05 | AP27: 2.6 | AQ27: 2.95 | AR27: 3.6
A28: 5,00 | B28: 48 | C28: 55 | D28: 0.95 | E28: 0.59 | F28: 38 | G28: 33 | H28: 0.076 | K28: 5 | L28: =B28*100 -> 4800 | M28: =L28/C28 -> 87.272727 | N28: =18.5 -> 18.5 | O28: =N28 -> 18.5 | P28: =N28*K28 -> 92.5 | Q28: =O28*K28 -> 92.5 | S28: =(M28/(L28-P28))*100 -> 1.8539082 | T28: =((AJ83-1.64)*0.3)+0.5 -> 0.70251383 | U28: =(($L28-$P28)/$R$4)*(($R$4/$Q28)^T28) -> 49.725165 | V28: =((3.47-LOG(U28))^2+(LOG($S28)+1.22)^2)^0.5 -> 2.3150461 | W28: =(L28/$R$4)*($R$4/Q28)^T28 -> 50.702239 | X28: =-(0.403*V28^4)+(5.581*V28^3)-(21.63*V28^2)+(33.75*V28)-17.88 -> 1.9979534 | Y28: =X28*W28 -> 101.30071 | Z28: =-98+66*LOG(10*B28/(SQRT(10*(Q28/100)))) -> 47.079244 | AA28: =IF(Z28<40,1,0.75) -> 0.75 | AB28: =IF(P28/$R$4<=1,1,(P28/$R$4)^(AA28-1)) -> 1 | AC28: =IF(K28<9.15,1-0.00765*K28,1.174-0.0267*K28) -> 0.96175 | AD28: =0.65*AC28*($R$7)*(P28/Q28) -> 0.12752805 | AE28: =AD28/($R$22*AB28) -> 0.10417137 | AF28: =93*(Y28/1000)^3+0.08 -> 0.17667639 | AG28: =AF28/AE28 -> 1.6960166 | AH28: =EXP((Y28/540)+(Y28/67)^2-(Y28/80)^3+(Y28/114)^4-3) -> 0.14467678 | AI28: =AH28/AE28 -> 1.3888343 | AL28: 1.25 | AM28: -5 | AN28: 1.31 | AO28: 2.05 | AP28: 2.6 | AQ28: 2.95 | AR28: 3.6
A29: 5.2 | B29: 43 | C29: 64 | D29: 0.9 | E29: 0.61 | F29: 51 | G29: 35 | H29: 0.106 | K29: 5.2 | L29: =B29*100 -> 4300 | M29: =L29/C29 -> 67.1875 | N29: =18.5 -> 18.5 | O29: =N29 -> 18.5 | P29: =N29*K29 -> 96.2 | Q29: =O29*K29 -> 96.2 | S29: =(M29/(L29-P29))*100 -> 1.5982563 | T29: =((AJ84-1.64)*0.3)+0.5 -> 0.70463132 | U29: =(($L29-$P29)/$R$4)*(($R$4/$Q29)^T29) -> 43.20136 | V29: =((3.47-LOG(U29))^2+(LOG($S29)+1.22)^2)^0.5 -> 2.3221044 | W29: =(L29/$R$4)*($R$4/Q29)^T29 -> 44.189982 | X29: =-(0.403*V29^4)+(5.581*V29^3)-(21.63*V29^2)+(33.75*V29)-17.88 -> 2.021691 | Y29: =X29*W29 -> 89.338491 | Z29: =-98+66*LOG(10*B29/(SQRT(10*(Q29/100)))) -> 43.364141 | AA29: =IF(Z29<40,1,0.75) -> 0.75 | AB29: =IF(P29/$R$4<=1,1,(P29/$R$4)^(AA29-1)) -> 1 | AC29: =IF(K29<9.15,1-0.00765*K29,1.174-0.0267*K29) -> 0.96022 | AD29: =0.65*AC29*($R$7)*(P29/Q29) -> 0.12732517 | AE29: =AD29/($R$22*AB29) -> 0.10400565 | AF29: =93*(Y29/1000)^3+0.08 -> 0.14631302 | AG29: =AF29/AE29 -> 1.4067795 | AH29: =EXP((Y29/540)+(Y29/67)^2-(Y29/80)^3+(Y29/114)^4-3) -> 0.1259249 | AI29: =AH29/AE29 -> 1.2107505 | AL29: 1.25 | AM29: -5.2 | AN29: 1.31 | AO29: 2.05 | AP29: 2.6 | AQ29: 2.95 | AR29: 3.6
A30: 5.4 | B30: 48 | C30: 60 | D30: 0.91 | E30: 0.63 | F30: 58 | G30: 36 | H30: 0.125 | K30: 5.4 | L30: =B30*100 -> 4800 | M30: =L30/C30 -> 80 | N30: =18.5 -> 18.5 | O30: =N30 -> 18.5 | P30: =N30*K30 -> 99.9 | Q30: =O30*K30 -> 99.9 | S30: =(M30/(L30-P30))*100 -> 1.7020914 | T30: =((AJ85-1.64)*0.3)+0.5 -> 0.70103734 | U30: =(($L30-$P30)/$R$4)*(($R$4/$Q30)^T30) -> 47.033978 | V30: =((3.47-LOG(U30))^2+(LOG($S30)+1.22)^2)^0.5 -> 2.3101245 | W30: =(L30/$R$4)*($R$4/Q30)^T30 -> 48.033678 | X30: =-(0.403*V30^4)+(5.581*V30^3)-(21.63*V30^2)+(33.75*V30)-17.88 -> 1.9816477 | Y30: =X30*W30 -> 95.18583 | Z30: =-98+66*LOG(10*B30/(SQRT(10*(Q30/100)))) -> 45.976261 | AA30: =IF(Z30<40,1,0.75) -> 0.75 | AB30: =IF(P30/$R$4<=1,1,(P30/$R$4)^(AA30-1)) -> 1 | AC30: =IF(K30<9.15,1-0.00765*K30,1.174-0.0267*K30) -> 0.95869 | AD30: =0.65*AC30*($R$7)*(P30/Q30) -> 0.12712229 | AE30: =AD30/($R$22*AB30) -> 0.10383993 | AF30: =93*(Y30/1000)^3+0.08 -> 0.16020471 | AG30: =AF30/AE30 -> 1.5428044 | AH30: =EXP((Y30/540)+(Y30/67)^2-(Y30/80)^3+(Y30/114)^4-3) -> 0.13482792 | AI30: =AH30/AE30 -> 1.2984208 | AL30: 1.25 | AM30: -5.4 | AN30: 1.31 | AO30: 2.05 | AP30: 2.6 | AQ30: 2.95 | AR30: 3.6
A31: 5.6 | B31: 52 | C31: 49 | D31: 0.9 | E31: 0.65 | F31: 53 | G31: 35 | H31: 0.111 | K31: 5.6 | L31: =B31*100 -> 5200 | M31: =L31/C31 -> 106.12245 | N31: =18.5 -> 18.5 | O31: =N31 -> 18.5 | P31: =N31*K31 -> 103.6 | Q31: =O31*K31 -> 103.6 | S31: =(M31/(L31-P31))*100 -> 2.0823022 | T31: =((AJ86-1.64)*0.3)+0.5 -> 0.71239675 | U31: =(($L31-$P31)/$R$4)*(($R$4/$Q31)^T31) -> 49.695981 | V31: =((3.47-LOG(U31))^2+(LOG($S31)+1.22)^2)^0.5 -> 2.3479892 | W31: =(L31/$R$4)*($R$4/Q31)^T31 -> 50.706205 | X31: =-(0.403*V31^4)+(5.581*V31^3)-(21.63*V31^2)+(33.75*V31)-17.88 -> 2.1123634 | Y31: =X31*W31 -> 107.10993 | Z31: =-98+66*LOG(10*B31/(SQRT(10*(Q31/100)))) -> 47.749349 | AA31: =IF(Z31<40,1,0.75) -> 0.75 | AB31: =IF(P31/$R$4<=1,1,(P31/$R$4)^(AA31-1)) -> 0.99119719 | AC31: =IF(K31<9.15,1-0.00765*K31,1.174-0.0267*K31) -> 0.95716 | AD31: =0.65*AC31*($R$7)*(P31/Q31) -> 0.12691942 | AE31: =AD31/($R$22*AB31) -> 0.10459494 | AF31: =93*(Y31/1000)^3+0.08 -> 0.1942805 | AG31: =AF31/AE31 -> 1.857456 | AH31: =EXP((Y31/540)+(Y31/67)^2-(Y31/80)^3+(Y31/114)^4-3) -> 0.15463283 | AI31: =AH31/AE31 -> 1.4783969 | AL31: 1.25 | AM31: -5.6 | AN31: 1.31 | AO31: 2.05 | AP31: 2.6 | AQ31: 2.95 | AR31: 3.6
A32: 5.8 | B32: 38 | C32: 71 | D32: 0.88 | E32: 0.67 | F32: 41 | G32: 34 | H32: 0.081 | K32: 5.8 | L32: =B32*100 -> 3800 | M32: =L32/C32 -> 53.521127 | N32: =18.5 -> 18.5 | O32: =N32 -> 18.5 | P32: =N32*K32 -> 107.3 | Q32: =O32*K32 -> 107.3 | S32: =(M32/(L32-P32))*100 -> 1.4493765 | T32: =((AJ87-1.64)*0.3)+0.5 -> 0.71868536 | U32: =(($L32-$P32)/$R$4)*(($R$4/$Q32)^T32) -> 35.103664 | V32: =((3.47-LOG(U32))^2+(LOG($S32)+1.22)^2)^0.5 -> 2.3689512 | W32: =(L32/$R$4)*($R$4/Q32)^T32 -> 36.123683 | X32: =-(0.403*V32^4)+(5.581*V32^3)-(21.63*V32^2)+(33.75*V32)-17.88 -> 2.1900563 | Y32: =X32*W32 -> 79.112902 | Z32: =-98+66*LOG(10*B32/(SQRT(10*(Q32/100)))) -> 38.255927 | AA32: =IF(Z32<40,1,0.75) -> 1 | AB32: =IF(P32/$R$4<=1,1,(P32/$R$4)^(AA32-1)) -> 1 | AC32: =IF(K32<9.15,1-0.00765*K32,1.174-0.0267*K32) -> 0.95563 | AD32: =0.65*AC32*($R$7)*(P32/Q32) -> 0.12671654 | AE32: =AD32/($R$22*AB32) -> 0.10350849 | AF32: =93*(Y32/1000)^3+0.08 -> 0.1260495 | AG32: =AF32/AE32 -> 1.2177696 | AH32: =EXP((Y32/540)+(Y32/67)^2-(Y32/80)^3+(Y32/114)^4-3) -> 0.11142595 | AI32: =AH32/AE32 -> 1.0764909 | AL32: 1.25 | AM32: -5.8 | AN32: 1.31 | AO32: 2.05 | AP32: 2.6 | AQ32: 2.95 | AR32: 3.6
A33: 6,00 | B33: 49 | C33: 82 | D33: 0.88 | E33: 0.68 | F33: 42 | G33: 34 | H33: 0.085 | K33: 6 | L33: =B33*100 -> 4900 | M33: =L33/C33 -> 59.756098 | N33: =18.5 -> 18.5 | O33: =N33 -> 18.5 | P33: =N33*K33 -> 111 | Q33: =O33*K33 -> 111 | S33: =(M33/(L33-P33))*100 -> 1.2477782 | T33: =((AJ88-1.64)*0.3)+0.5 -> 0.68196821 | U33: =(($L33-$P33)/$R$4)*(($R$4/$Q33)^T33) -> 44.600118 | V33: =((3.47-LOG(U33))^2+(LOG($S33)+1.22)^2)^0.5 -> 2.2465607 | W33: =(L33/$R$4)*($R$4/Q33)^T33 -> 45.633865 | X33: =-(0.403*V33^4)+(5.581*V33^3)-(21.63*V33^2)+(33.75*V33)-17.88 -> 1.788618 | Y33: =X33*W33 -> 81.621553 | Z33: =-98+66*LOG(10*B33/(SQRT(10*(Q33/100)))) -> 45.057283 | AA33: =IF(Z33<40,1,0.75) -> 0.75 | AB33: =IF(P33/$R$4<=1,1,(P33/$R$4)^(AA33-1)) -> 0.9742474 | AC33: =IF(K33<9.15,1-0.00765*K33,1.174-0.0267*K33) -> 0.9541 | AD33: =0.65*AC33*($R$7)*(P33/Q33) -> 0.12651366 | AE33: =AD33/($R$22*AB33) -> 0.10607446 | AF33: =93*(Y33/1000)^3+0.08 -> 0.13057053 | AG33: =AF33/AE33 -> 1.2309328 | AH33: =EXP((Y33/540)+(Y33/67)^2-(Y33/80)^3+(Y33/114)^4-3) -> 0.114862 | AI33: =AH33/AE33 -> 1.0828431 | AL33: 1.25 | AM33: -6 | AN33: 1.31 | AO33: 2.05 | AP33: 2.6 | AQ33: 2.95 | AR33: 3.6
A34: 6.2 | B34: 55 | C34: 46 | D34: 0.89 | E34: 0.7 | F34: 46 | G34: 35 | H34: 0.095 | K34: 6.2 | L34: =B34*100 -> 5500 | M34: =L34/C34 -> 119.56522 | N34: =18.5 -> 18.5 | O34: =N34 -> 18.5 | P34: =N34*K34 -> 114.7 | Q34: =O34*K34 -> 114.7 | S34: =(M34/(L34-P34))*100 -> 2.2202146 | T34: =((AJ89-1.64)*0.3)+0.5 -> 0.71969568 | U34: =(($L34-$P34)/$R$4)*(($R$4/$Q34)^T34) -> 48.791297 | V34: =((3.47-LOG(U34))^2+(LOG($S34)+1.22)^2)^0.5 -> 2.3723189 | W34: =(L34/$R$4)*($R$4/Q34)^T34 -> 49.83049 | X34: =-(0.403*V34^4)+(5.581*V34^3)-(21.63*V34^2)+(33.75*V34)-17.88 -> 2.2029016 | Y34: =X34*W34 -> 109.77167 | Z34: =-98+66*LOG(10*B34/(SQRT(10*(Q34/100)))) -> 47.898345 | AA34: =IF(Z34<40,1,0.75) -> 0.75 | AB34: =IF(P34/$R$4<=1,1,(P34/$R$4)^(AA34-1)) -> 0.96629369 | AC34: =IF(K34<9.15,1-0.00765*K34,1.174-0.0267*K34) -> 0.95257 | AD34: =0.65*AC34*($R$7)*(P34/Q34) -> 0.12631078 | AE34: =AD34/($R$22*AB34) -> 0.10677608 | AF34: =93*(Y34/1000)^3+0.08 -> 0.20301376 | AG34: =AF34/AE34 -> 1.9013038 | AH34: =EXP((Y34/540)+(Y34/67)^2-(Y34/80)^3+(Y34/114)^4-3) -> 0.15942447 | AI34: =AH34/AE34 -> 1.493073 | AL34: 1.25 | AM34: -6.2 | AN34: 1.31 | AO34: 2.05 | AP34: 2.6 | AQ34: 2.95 | AR34: 3.6
A35: 6.4 | B35: 50 | C35: 37 | D35: 0.9 | E35: 0.72 | F35: 49 | G35: 35 | H35: 0.102 | K35: 6.4 | L35: =B35*100 -> 5000 | M35: =L35/C35 -> 135.13514 | N35: =18.5 -> 18.5 | O35: =N35 -> 18.5 | P35: =N35*K35 -> 118.4 | Q35: =O35*K35 -> 118.4 | S35: =(M35/(L35-P35))*100 -> 2.768255 | T35: =((AJ90-1.64)*0.3)+0.5 -> 0.75111544 | U35: =(($L35-$P35)/$R$4)*(($R$4/$Q35)^T35) -> 42.999816 | V35: =((3.47-LOG(U35))^2+(LOG($S35)+1.22)^2)^0.5 -> 2.4770515 | W35: =(L35/$R$4)*($R$4/Q35)^T35 -> 44.042748 | X35: =-(0.403*V35^4)+(5.581*V35^3)-(21.63*V35^2)+(33.75*V35)-17.88 -> 2.6550789 | Y35: =X35*W35 -> 116.93697 | Z35: =-98+66*LOG(10*B35/(SQRT(10*(Q35/100)))) -> 44.711414 | AA35: =IF(Z35<40,1,0.75) -> 0.75 | AB35: =IF(P35/$R$4<=1,1,(P35/$R$4)^(AA35-1)) -> 0.95865441 | AC35: =IF(K35<9.15,1-0.00765*K35,1.174-0.0267*K35) -> 0.95104 | AD35: =0.65*AC35*($R$7)*(P35/Q35) -> 0.1261079 | AE35: =AD35/($R$22*AB35) -> 0.10745408 | AF35: =93*(Y35/1000)^3+0.08 -> 0.22870942 | AG35: =AF35/AE35 -> 2.1284387 | AH35: =EXP((Y35/540)+(Y35/67)^2-(Y35/80)^3+(Y35/114)^4-3) -> 0.17320572 | AI35: =AH35/AE35 -> 1.6119045 | AL35: 1.25 | AM35: -6.4 | AN35: 1.31 | AO35: 2.05 | AP35: 2.6 | AQ35: 2.95 | AR35: 3.6
A36: 6.6 | B36: 50 | C36: 62 | D36: 0.88 | E36: 0.74 | F36: 41 | G36: 34 | H36: 0.083 | K36: 6.6 | L36: =B36*100 -> 5000 | M36: =L36/C36 -> 80.645161 | N36: =18.5 -> 18.5 | O36: =N36 -> 18.5 | P36: =N36*K36 -> 122.1 | Q36: =O36*K36 -> 122.1 | S36: =(M36/(L36-P36))*100 -> 1.6532762 | T36: =((AJ91-1.64)*0.3)+0.5 -> 0.70941877 | U36: =(($L36-$P36)/$R$4)*(($R$4/$Q36)^T36) -> 42.336522 | V36: =((3.47-LOG(U36))^2+(LOG($S36)+1.22)^2)^0.5 -> 2.3380626 | W36: =(L36/$R$4)*($R$4/Q36)^T36 -> 43.396258 | X36: =-(0.403*V36^4)+(5.581*V36^3)-(21.63*V36^2)+(33.75*V36)-17.88 -> 2.0769121 | Y36: =X36*W36 -> 90.130213 | Z36: =-98+66*LOG(10*B36/(SQRT(10*(Q36/100)))) -> 44.270403 | AA36: =IF(Z36<40,1,0.75) -> 0.75 | AB36: =IF(P36/$R$4<=1,1,(P36/$R$4)^(AA36-1)) -> 0.95130786 | AC36: =IF(K36<9.15,1-0.00765*K36,1.174-0.0267*K36) -> 0.94951 | AD36: =0.65*AC36*($R$7)*(P36/Q36) -> 0.12590503 | AE36: =AD36/($R$22*AB36) -> 0.1081097 | AF36: =93*(Y36/1000)^3+0.08 -> 0.14809169 | AG36: =AF36/AE36 -> 1.369828 | AH36: =EXP((Y36/540)+(Y36/67)^2-(Y36/80)^3+(Y36/114)^4-3) -> 0.12710312 | AI36: =AH36/AE36 -> 1.1756865 | AL36: 1.25 | AM36: -6.6 | AN36: 1.31 | AO36: 2.05 | AP36: 2.6 | AQ36: 2.95 | AR36: 3.6
A37: 6.8 | B37: 60 | C37: 60 | D37: 0.87 | E37: 0.75 | F37: 33 | G37: 33 | H37: 0.063 | K37: 6.8 | L37: =B37*100 -> 6000 | M37: =L37/C37 -> 100 | N37: =18.5 -> 18.5 | O37: =N37 -> 18.5 | P37: =N37*K37 -> 125.8 | Q37: =O37*K37 -> 125.8 | S37: =(M37/(L37-P37))*100 -> 1.7023595 | T37: =((AJ92-1.64)*0.3)+0.5 -> 0.69469925 | U37: =(($L37-$P37)/$R$4)*(($R$4/$Q37)^T37) -> 50.084191 | V37: =((3.47-LOG(U37))^2+(LOG($S37)+1.22)^2)^0.5 -> 2.2889975 | W37: =(L37/$R$4)*($R$4/Q37)^T37 -> 51.156778 | X37: =-(0.403*V37^4)+(5.581*V37^3)-(21.63*V37^2)+(33.75*V37)-17.88 -> 1.9139171 | Y37: =X37*W37 -> 97.909831 | Z37: =-98+66*LOG(10*B37/(SQRT(10*(Q37/100)))) -> 49.068521 | AA37: =IF(Z37<40,1,0.75) -> 0.75 | AB37: =IF(P37/$R$4<=1,1,(P37/$R$4)^(AA37-1)) -> 0.94423445 | AC37: =IF(K37<9.15,1-0.00765*K37,1.174-0.0267*K37) -> 0.94798 | AD37: =0.65*AC37*($R$7)*(P37/Q37) -> 0.12570215 | AE37: =AD37/($R$22*AB37) -> 0.10874406 | AF37: =93*(Y37/1000)^3+0.08 -> 0.16728947 | AG37: =AF37/AE37 -> 1.538378 | AH37: =EXP((Y37/540)+(Y37/67)^2-(Y37/80)^3+(Y37/114)^4-3) -> 0.1391426 | AI37: =AH37/AE37 -> 1.2795421 | AL37: 1.25 | AM37: -6.8 | AN37: 1.31 | AO37: 2.05 | AP37: 2.6 | AQ37: 2.95 | AR37: 3.6
A38: 7,00 | B38: 41 | C38: 88 | D38: 0.93 | E38: 0.77 | F38: 23 | G38: 31 | H38: 0.044 | K38: 7 | L38: =B38*100 -> 4100 | M38: =L38/C38 -> 46.590909 | N38: =18.5 -> 18.5 | O38: =N38 -> 18.5 | P38: =N38*K38 -> 129.5 | Q38: =O38*K38 -> 129.5 | S38: =(M38/(L38-P38))*100 -> 1.1734267 | T38: =((AJ93-1.64)*0.3)+0.5 -> 0.70953659 | U38: =(($L38-$P38)/$R$4)*(($R$4/$Q38)^T38) -> 33.051083 | V38: =((3.47-LOG(U38))^2+(LOG($S38)+1.22)^2)^0.5 -> 2.3384553 | W38: =(L38/$R$4)*($R$4/Q38)^T38 -> 34.129062 | X38: =-(0.403*V38^4)+(5.581*V38^3)-(21.63*V38^2)+(33.75*V38)-17.88 -> 2.0782986 | Y38: =X38*W38 -> 70.930379 | Z38: =-98+66*LOG(10*B38/(SQRT(10*(Q38/100)))) -> 37.738832 | AA38: =IF(Z38<40,1,0.75) -> 1 | AB38: =IF(P38/$R$4<=1,1,(P38/$R$4)^(AA38-1)) -> 1 | AC38: =IF(K38<9.15,1-0.00765*K38,1.174-0.0267*K38) -> 0.94645 | AD38: =0.65*AC38*($R$7)*(P38/Q38) -> 0.12549927 | AE38: =AD38/($R$22*AB38) -> 0.10251416 | AF38: =93*(Y38/1000)^3+0.08 -> 0.1131879 | AG38: =AF38/AE38 -> 1.1041196 | AH38: =EXP((Y38/540)+(Y38/67)^2-(Y38/80)^3+(Y38/114)^4-3) -> 0.10076102 | AI38: =AH38/AE38 -> 0.98289854 | AL38: 1.25 | AM38: -7 | AN38: 1.31 | AO38: 2.05 | AP38: 2.6 | AQ38: 2.95 | AR38: 3.6
A39: 7.2 | B39: 53 | C39: 50 | D39: 0.9 | E39: 0.79 | F39: -- | G39: -- | H39: -- | K39: 7.2 | L39: =B39*100 -> 5300 | M39: =L39/C39 -> 106 | N39: =18.5 -> 18.5 | O39: =N39 -> 18.5 | P39: =N39*K39 -> 133.2 | Q39: =O39*K39 -> 133.2 | S39: =(M39/(L39-P39))*100 -> 2.05156 | T39: =((AJ94-1.64)*0.3)+0.5 -> 0.72801501 | U39: =(($L39-$P39)/$R$4)*(($R$4/$Q39)^T39) -> 41.935392 | V39: =((3.47-LOG(U39))^2+(LOG($S39)+1.22)^2)^0.5 -> 2.40005 | W39: =(L39/$R$4)*($R$4/Q39)^T39 -> 43.016486 | X39: =-(0.403*V39^4)+(5.581*V39^3)-(21.63*V39^2)+(33.75*V39)-17.88 -> 2.3125754 | Y39: =X39*W39 -> 99.478864 | Z39: =-98+66*LOG(10*B39/(SQRT(10*(Q39/100)))) -> 44.693568 | AA39: =IF(Z39<40,1,0.75) -> 0.75 | AB39: =IF(P39/$R$4<=1,1,(P39/$R$4)^(AA39-1)) -> 0.93083766 | AC39: =IF(K39<9.15,1-0.00765*K39,1.174-0.0267*K39) -> 0.94492 | AD39: =0.65*AC39*($R$7)*(P39/Q39) -> 0.12529639 | AE39: =AD39/($R$22*AB39) -> 0.10995305 | AF39: =93*(Y39/1000)^3+0.08 -> 0.1715536 | AG39: =AF39/AE39 -> 1.560244 | AH39: =EXP((Y39/540)+(Y39/67)^2-(Y39/80)^3+(Y39/114)^4-3) -> 0.14167998 | AI39: =AH39/AE39 -> 1.2885498 | AL39: 1.25 | AM39: -7.2 | AN39: 1.31 | AO39: 2.05 | AP39: 2.6 | AQ39: 2.95 | AR39: 3.6
A40: 7.4 | B40: 32 | C40: 32 | D40: 0.9 | E40: 0.81 | F40: 46 | G40: 34 | H40: 0.093 | K40: 7.4 | L40: =B40*100 -> 3200 | M40: =L40/C40 -> 100 | N40: =18.5 -> 18.5 | O40: =N40 -> 18.5 | P40: =N40*K40 -> 136.9 | Q40: =O40*K40 -> 136.9 | S40: =(M40/(L40-P40))*100 -> 3.2646665 | T40: =((AJ95-1.64)*0.3)+0.5 -> 0.82411384 | U40: =(($L40-$P40)/$R$4)*(($R$4/$Q40)^T40) -> 23.645538 | V40: =((3.47-LOG(U40))^2+(LOG($S40)+1.22)^2)^0.5 -> 2.7203795 | W40: =(L40/$R$4)*($R$4/Q40)^T40 -> 24.702335 | X40: =-(0.403*V40^4)+(5.581*V40^3)-(21.63*V40^2)+(33.75*V40)-17.88 -> 4.146802 | Y40: =X40*W40 -> 102.43569 | Z40: =-98+66*LOG(10*B40/(SQRT(10*(Q40/100)))) -> 29.838585 | AA40: =IF(Z40<40,1,0.75) -> 1 | AB40: =IF(P40/$R$4<=1,1,(P40/$R$4)^(AA40-1)) -> 1 | AC40: =IF(K40<9.15,1-0.00765*K40,1.174-0.0267*K40) -> 0.94339 | AD40: =0.65*AC40*($R$7)*(P40/Q40) -> 0.12509351 | AE40: =AD40/($R$22*AB40) -> 0.10218272 | AF40: =93*(Y40/1000)^3+0.08 -> 0.17996245 | AG40: =AF40/AE40 -> 1.7611828 | AH40: =EXP((Y40/540)+(Y40/67)^2-(Y40/80)^3+(Y40/114)^4-3) -> 0.14657248 | AI40: =AH40/AE40 -> 1.4344155 | AL40: 1.25 | AM40: -7.4 | AN40: 1.31 | AO40: 2.05 | AP40: 2.6 | AQ40: 2.95 | AR40: 3.6
A41: 7.6 | B41: 43 | C41: 40 | D41: 0.89 | E41: 0.83 | F41: 41 | G41: 34 | H41: 0.081 | K41: 7.6 | L41: =B41*100 -> 4300 | M41: =L41/C41 -> 107.5 | N41: =18.5 -> 18.5 | O41: =N41 -> 18.5 | P41: =N41*K41 -> 140.6 | Q41: =O41*K41 -> 140.6 | S41: =(M41/(L41-P41))*100 -> 2.5845074 | T41: =((AJ96-1.64)*0.3)+0.5 -> 0.77450927 | U41: =(($L41-$P41)/$R$4)*(($R$4/$Q41)^T41) -> 31.945867 | V41: =((3.47-LOG(U41))^2+(LOG($S41)+1.22)^2)^0.5 -> 2.5550309 | W41: =(L41/$R$4)*($R$4/Q41)^T41 -> 33.025732 | X41: =-(0.403*V41^4)+(5.581*V41^3)-(21.63*V41^2)+(33.75*V41)-17.88 -> 3.0624325 | Y41: =X41*W41 -> 101.13907 | Z41: =-98+66*LOG(10*B41/(SQRT(10*(Q41/100)))) -> 37.925402 | AA41: =IF(Z41<40,1,0.75) -> 1 | AB41: =IF(P41/$R$4<=1,1,(P41/$R$4)^(AA41-1)) -> 1 | AC41: =IF(K41<9.15,1-0.00765*K41,1.174-0.0267*K41) -> 0.94186 | AD41: =0.65*AC41*($R$7)*(P41/Q41) -> 0.12489064 | AE41: =AD41/($R$22*AB41) -> 0.102017 | AF41: =93*(Y41/1000)^3+0.08 -> 0.17621435 | AG41: =AF41/AE41 -> 1.7273038 | AH41: =EXP((Y41/540)+(Y41/67)^2-(Y41/80)^3+(Y41/114)^4-3) -> 0.14440863 | AI41: =AH41/AE41 -> 1.415535 | AL41: 1.25 | AM41: -7.6 | AN41: 1.31 | AO41: 2.05 | AP41: 2.6 | AQ41: 2.95 | AR41: 3.6
A42: 7.8 | B42: 39 | C42: 53 | D42: 0.91 | E42: 0.85 | F42: 48 | G42: 35 | H42: 0.099 | K42: 7.8 | L42: =B42*100 -> 3900 | M42: =L42/C42 -> 73.584906 | N42: =18.5 -> 18.5 | O42: =N42 -> 18.5 | P42: =N42*K42 -> 144.3 | Q42: =O42*K42 -> 144.3 | S42: =(M42/(L42-P42))*100 -> 1.959286 | T42: =((AJ97-1.64)*0.3)+0.5 -> 0.76426502 | U42: =(($L42-$P42)/$R$4)*(($R$4/$Q42)^T42) -> 28.377178 | V42: =((3.47-LOG(U42))^2+(LOG($S42)+1.22)^2)^0.5 -> 2.5208834 | W42: =(L42/$R$4)*($R$4/Q42)^T42 -> 29.467475 | X42: =-(0.403*V42^4)+(5.581*V42^3)-(21.63*V42^2)+(33.75*V42)-17.88 -> 2.876274 | Y42: =X42*W42 -> 84.756531 | Z42: =-98+66*LOG(10*B42/(SQRT(10*(Q42/100)))) -> 34.754475 | AA42: =IF(Z42<40,1,0.75) -> 1 | AB42: =IF(P42/$R$4<=1,1,(P42/$R$4)^(AA42-1)) -> 1 | AC42: =IF(K42<9.15,1-0.00765*K42,1.174-0.0267*K42) -> 0.94033 | AD42: =0.65*AC42*($R$7)*(P42/Q42) -> 0.12468776 | AE42: =AD42/($R$22*AB42) -> 0.10185128 | AF42: =93*(Y42/1000)^3+0.08 -> 0.13662425 | AG42: =AF42/AE42 -> 1.3414093 | AH42: =EXP((Y42/540)+(Y42/67)^2-(Y42/80)^3+(Y42/114)^4-3) -> 0.1192656 | AI42: =AH42/AE42 -> 1.1709779 | AL42: 1.25 | AM42: -7.8 | AN42: 1.31 | AO42: 2.05 | AP42: 2.6 | AQ42: 2.95 | AR42: 3.6
A43: 8,00 | B43: 47 | C43: 59 | D43: 0.89 | E43: 0.86 | F43: 41 | G43: 34 | H43: 0.083 | K43: 8 | L43: =B43*100 -> 4700 | M43: =L43/C43 -> 79.661017 | N43: =18.5 -> 18.5 | O43: =N43 -> 18.5 | P43: =N43*K43 -> 148 | Q43: =O43*K43 -> 148 | S43: =(M43/(L43-P43))*100 -> 1.7500223 | T43: =((AJ98-1.64)*0.3)+0.5 -> 0.73626944 | U43: =(($L43-$P43)/$R$4)*(($R$4/$Q43)^T43) -> 34.107018 | V43: =((3.47-LOG(U43))^2+(LOG($S43)+1.22)^2)^0.5 -> 2.4275648 | W43: =(L43/$R$4)*($R$4/Q43)^T43 -> 35.215946 | X43: =-(0.403*V43^4)+(5.581*V43^3)-(21.63*V43^2)+(33.75*V43)-17.88 -> 2.4284241 | Y43: =X43*W43 -> 85.519254 | Z43: =-98+66*LOG(10*B43/(SQRT(10*(Q43/100)))) -> 39.739822 | AA43: =IF(Z43<40,1,0.75) -> 1 | AB43: =IF(P43/$R$4<=1,1,(P43/$R$4)^(AA43-1)) -> 1 | AC43: =IF(K43<9.15,1-0.00765*K43,1.174-0.0267*K43) -> 0.9388 | AD43: =0.65*AC43*($R$7)*(P43/Q43) -> 0.12448488 | AE43: =AD43/($R$22*AB43) -> 0.10168556 | AF43: =93*(Y43/1000)^3+0.08 -> 0.13816673 | AG43: =AF43/AE43 -> 1.3587645 | AH43: =EXP((Y43/540)+(Y43/67)^2-(Y43/80)^3+(Y43/114)^4-3) -> 0.12035556 | AI43: =AH43/AE43 -> 1.1836052 | AL43: 1.25 | AM43: -8 | AN43: 1.31 | AO43: 2.05 | AP43: 2.6 | AQ43: 2.95 | AR43: 3.6
A44: 8.2 | B44: 48 | C44: 72 | D44: 0.92 | E44: 0.88 | F44: 51 | G44: 35 | H44: 0.105 | K44: 8.2 | L44: =B44*100 -> 4800 | M44: =L44/C44 -> 66.666667 | N44: =18.5 -> 18.5 | O44: =N44 -> 18.5 | P44: =N44*K44 -> 151.7 | Q44: =O44*K44 -> 151.7 | S44: =(M44/(L44-P44))*100 -> 1.4342161 | T44: =((AJ99-1.64)*0.3)+0.5 -> 0.71992762 | U44: =(($L44-$P44)/$R$4)*(($R$4/$Q44)^T44) -> 34.434805 | V44: =((3.47-LOG(U44))^2+(LOG($S44)+1.22)^2)^0.5 -> 2.3730921 | W44: =(L44/$R$4)*($R$4/Q44)^T44 -> 35.558605 | X44: =-(0.403*V44^4)+(5.581*V44^3)-(21.63*V44^2)+(33.75*V44)-17.88 -> 2.2058648 | Y44: =X44*W44 -> 78.437476 | Z44: =-98+66*LOG(10*B44/(SQRT(10*(Q44/100)))) -> 39.989398 | AA44: =IF(Z44<40,1,0.75) -> 1 | AB44: =IF(P44/$R$4<=1,1,(P44/$R$4)^(AA44-1)) -> 1 | AC44: =IF(K44<9.15,1-0.00765*K44,1.174-0.0267*K44) -> 0.93727 | AD44: =0.65*AC44*($R$7)*(P44/Q44) -> 0.124282 | AE44: =AD44/($R$22*AB44) -> 0.10151984 | AF44: =93*(Y44/1000)^3+0.08 -> 0.1248801 | AG44: =AF44/AE44 -> 1.2301054 | AH44: =EXP((Y44/540)+(Y44/67)^2-(Y44/80)^3+(Y44/114)^4-3) -> 0.11051412 | AI44: =AH44/AE44 -> 1.0885963 | AL44: 1.25 | AM44: -8.2 | AN44: 1.31 | AO44: 2.05 | AP44: 2.6 | AQ44: 2.95 | AR44: 3.6
A45: 8.4 | B45: 40 | C45: 35 | D45: 0.93 | E45: 0.9 | F45: 55 | G45: 36 | H45: 0.116 | K45: 8.4 | L45: =B45*100 -> 4000 | M45: =L45/C45 -> 114.28571 | N45: =18.5 -> 18.5 | O45: =N45 -> 18.5 | P45: =N45*K45 -> 155.4 | Q45: =O45*K45 -> 155.4 | S45: =(M45/(L45-P45))*100 -> 2.9726295 | T45: =((AJ100-1.64)*0.3)+0.5 -> 0.80307543 | U45: =(($L45-$P45)/$R$4)*(($R$4/$Q45)^T45) -> 26.983704 | V45: =((3.47-LOG(U45))^2+(LOG($S45)+1.22)^2)^0.5 -> 2.6502514 | W45: =(L45/$R$4)*($R$4/Q45)^T45 -> 28.074394 | X45: =-(0.403*V45^4)+(5.581*V45^3)-(21.63*V45^2)+(33.75*V45)-17.88 -> 3.6486755 | Y45: =X45*W45 -> 102.43435 | Z45: =-98+66*LOG(10*B45/(SQRT(10*(Q45/100)))) -> 34.418076 | AA45: =IF(Z45<40,1,0.75) -> 1 | AB45: =IF(P45/$R$4<=1,1,(P45/$R$4)^(AA45-1)) -> 1 | AC45: =IF(K45<9.15,1-0.00765*K45,1.174-0.0267*K45) -> 0.93574 | AD45: =0.65*AC45*($R$7)*(P45/Q45) -> 0.12407912 | AE45: =AD45/($R$22*AB45) -> 0.10135412 | AF45: =93*(Y45/1000)^3+0.08 -> 0.17995852 | AG45: =AF45/AE45 -> 1.7755423 | AH45: =EXP((Y45/540)+(Y45/67)^2-(Y45/80)^3+(Y45/114)^4-3) -> 0.14657023 | AI45: =AH45/AE45 -> 1.4461201 | AL45: 1.25 | AM45: -8.4 | AN45: 1.31 | AO45: 2.05 | AP45: 2.6 | AQ45: 2.95 | AR45: 3.6
A46: 8.6 | B46: 33 | C46: 41 | D46: 0.93 | E46: 0.92 | F46: 54 | G46: 35 | H46: 0.113 | K46: 8.6 | L46: =B46*100 -> 3300 | M46: =L46/C46 -> 80.487805 | N46: =18.5 -> 18.5 | O46: =N46 -> 18.5 | P46: =N46*K46 -> 159.1 | Q46: =O46*K46 -> 159.1 | S46: =(M46/(L46-P46))*100 -> 2.5625714 | T46: =((AJ101-1.64)*0.3)+0.5 -> 0.81409544 | U46: =(($L46-$P46)/$R$4)*(($R$4/$Q46)^T46) -> 21.521639 | V46: =((3.47-LOG(U46))^2+(LOG($S46)+1.22)^2)^0.5 -> 2.6869848 | W46: =(L46/$R$4)*($R$4/Q46)^T46 -> 22.611802 | X46: =-(0.403*V46^4)+(5.581*V46^3)-(21.63*V46^2)+(33.75*V46)-17.88 -> 3.9023639 | Y46: =X46*W46 -> 88.239478 | Z46: =-98+66*LOG(10*B46/(SQRT(10*(Q46/100)))) -> 28.566804 | AA46: =IF(Z46<40,1,0.75) -> 1 | AB46: =IF(P46/$R$4<=1,1,(P46/$R$4)^(AA46-1)) -> 1 | AC46: =IF(K46<9.15,1-0.00765*K46,1.174-0.0267*K46) -> 0.93421 | AD46: =0.65*AC46*($R$7)*(P46/Q46) -> 0.12387625 | AE46: =AD46/($R$22*AB46) -> 0.1011884 | AF46: =93*(Y46/1000)^3+0.08 -> 0.14389571 | AG46: =AF46/AE46 -> 1.4220575 | AH46: =EXP((Y46/540)+(Y46/67)^2-(Y46/80)^3+(Y46/114)^4-3) -> 0.12430301 | AI46: =AH46/AE46 -> 1.2284315 | AL46: 1.25 | AM46: -8.6 | AN46: 1.31 | AO46: 2.05 | AP46: 2.6 | AQ46: 2.95 | AR46: 3.6
A47: 8.8 | B47: 46 | C47: 69 | D47: 0.94 | E47: 0.94 | F47: 59 | G47: 36 | H47: 0.128 | K47: 8.8 | L47: =B47*100 -> 4600 | M47: =L47/C47 -> 66.666667 | N47: =18.5 -> 18.5 | O47: =N47 -> 18.5 | P47: =N47*K47 -> 162.8 | Q47: =O47*K47 -> 162.8 | S47: =(M47/(L47-P47))*100 -> 1.502449 | T47: =((AJ102-1.64)*0.3)+0.5 -> 0.73452962 | U47: =(($L47-$P47)/$R$4)*(($R$4/$Q47)^T47) -> 31.020056 | V47: =((3.47-LOG(U47))^2+(LOG($S47)+1.22)^2)^0.5 -> 2.4217654 | W47: =(L47/$R$4)*($R$4/Q47)^T47 -> 32.158176 | X47: =-(0.403*V47^4)+(5.581*V47^3)-(21.63*V47^2)+(33.75*V47)-17.88 -> 2.4034131 | Y47: =X47*W47 -> 77.289381 | Z47: =-98+66*LOG(10*B47/(SQRT(10*(Q47/100)))) -> 37.757422 | AA47: =IF(Z47<40,1,0.75) -> 1 | AB47: =IF(P47/$R$4<=1,1,(P47/$R$4)^(AA47-1)) -> 1 | AC47: =IF(K47<9.15,1-0.00765*K47,1.174-0.0267*K47) -> 0.93268 | AD47: =0.65*AC47*($R$7)*(P47/Q47) -> 0.12367337 | AE47: =AD47/($R$22*AB47) -> 0.10102268 | AF47: =93*(Y47/1000)^3+0.08 -> 0.12293806 | AG47: =AF47/AE47 -> 1.2169353 | AH47: =EXP((Y47/540)+(Y47/67)^2-(Y47/80)^3+(Y47/114)^4-3) -> 0.10897711 | AI47: =AH47/AE47 -> 1.0787391 | AL47: 1.25 | AM47: -8.8 | AN47: 1.31 | AO47: 2.05 | AP47: 2.6 | AQ47: 2.95 | AR47: 3.6
A48: 9,00 | B48: 56 | C48: 60 | D48: 0.92 | E48: 0.96 | F48: 49 | G48: 35 | H48: 0.102 | K48: 9 | L48: =B48*100 -> 5600 | M48: =L48/C48 -> 93.333333 | N48: =18.5 -> 18.5 | O48: =N48 -> 18.5 | P48: =N48*K48 -> 166.5 | Q48: =O48*K48 -> 166.5 | S48: =(M48/(L48-P48))*100 -> 1.7177387 | T48: =((AJ103-1.64)*0.3)+0.5 -> 0.7248353 | U48: =(($L48-$P48)/$R$4)*(($R$4/$Q48)^T48) -> 37.548346 | V48: =((3.47-LOG(U48))^2+(LOG($S48)+1.22)^2)^0.5 -> 2.389451 | W48: =(L48/$R$4)*($R$4/Q48)^T48 -> 38.698949 | X48: =-(0.403*V48^4)+(5.581*V48^3)-(21.63*V48^2)+(33.75*V48)-17.88 -> 2.2698294 | Y48: =X48*W48 -> 87.840011 | Z48: =-98+66*LOG(10*B48/(SQRT(10*(Q48/100)))) -> 43.07374 | AA48: =IF(Z48<40,1,0.75) -> 0.75 | AB48: =IF(P48/$R$4<=1,1,(P48/$R$4)^(AA48-1)) -> 0.8803319 | AC48: =IF(K48<9.15,1-0.00765*K48,1.174-0.0267*K48) -> 0.93115 | AD48: =0.65*AC48*($R$7)*(P48/Q48) -> 0.12347049 | AE48: =AD48/($R$22*AB48) -> 0.11456696 | AF48: =93*(Y48/1000)^3+0.08 -> 0.14303186 | AG48: =AF48/AE48 -> 1.2484564 | AH48: =EXP((Y48/540)+(Y48/67)^2-(Y48/80)^3+(Y48/114)^4-3) -> 0.12371738 | AI48: =AH48/AE48 -> 1.0798696 | AL48: 1.25 | AM48: -9 | AN48: 1.31 | AO48: 2.05 | AP48: 2.6 | AQ48: 2.95 | AR48: 3.6
A49: 9.2 | B49: 56 | C49: 52 | D49: 0.94 | E49: 0.97 | F49: 57 | G49: 36 | H49: 0.123 | K49: 9.2 | L49: =B49*100 -> 5600 | M49: =L49/C49 -> 107.69231 | N49: =18.5 -> 18.5 | O49: =N49 -> 18.5 | P49: =N49*K49 -> 170.2 | Q49: =O49*K49 -> 170.2 | S49: =(M49/(L49-P49))*100 -> 1.9833568 | T49: =((AJ104-1.64)*0.3)+0.5 -> 0.73884362 | U49: =(($L49-$P49)/$R$4)*(($R$4/$Q49)^T49) -> 36.655643 | V49: =((3.47-LOG(U49))^2+(LOG($S49)+1.22)^2)^0.5 -> 2.4361454 | W49: =(L49/$R$4)*($R$4/Q49)^T49 -> 37.804633 | X49: =-(0.403*V49^4)+(5.581*V49^3)-(21.63*V49^2)+(33.75*V49)-17.88 -> 2.4660182 | Y49: =X49*W49 -> 93.226913 | Z49: =-98+66*LOG(10*B49/(SQRT(10*(Q49/100)))) -> 42.758744 | AA49: =IF(Z49<40,1,0.75) -> 0.75 | AB49: =IF(P49/$R$4<=1,1,(P49/$R$4)^(AA49-1)) -> 0.87550798 | AC49: =IF(K49<9.15,1-0.00765*K49,1.174-0.0267*K49) -> 0.92836 | AD49: =0.65*AC49*($R$7)*(P49/Q49) -> 0.12310054 | AE49: =AD49/($R$22*AB49) -> 0.11485304 | AF49: =93*(Y49/1000)^3+0.08 -> 0.1553541 | AG49: =AF49/AE49 -> 1.3526337 | AH49: =EXP((Y49/540)+(Y49/67)^2-(Y49/80)^3+(Y49/114)^4-3) -> 0.13179254 | AI49: =AH49/AE49 -> 1.1474884 | AL49: 1.25 | AM49: -9.2 | AN49: 1.31 | AO49: 2.05 | AP49: 2.6 | AQ49: 2.95 | AR49: 3.6
A50: 9.4 | B50: 58 | C50: 43 | D50: 0.95 | E50: 0.99 | F50: 59 | G50: 36 | H50: 0.127 | K50: 9.4 | L50: =B50*100 -> 5800 | M50: =L50/C50 -> 134.88372 | N50: =18.5 -> 18.5 | O50: =N50 -> 18.5 | P50: =N50*K50 -> 173.9 | Q50: =O50*K50 -> 173.9 | S50: =(M50/(L50-P50))*100 -> 2.397464 | T50: =((AJ105-1.64)*0.3)+0.5 -> 0.75332391 | U50: =(($L50-$P50)/$R$4)*(($R$4/$Q50)^T50) -> 37.083783 | V50: =((3.47-LOG(U50))^2+(LOG($S50)+1.22)^2)^0.5 -> 2.484413 | W50: =(L50/$R$4)*($R$4/Q50)^T50 -> 38.230024 | X50: =-(0.403*V50^4)+(5.581*V50^3)-(21.63*V50^2)+(33.75*V50)-17.88 -> 2.6908627 | Y50: =X50*W50 -> 102.87175 | Z50: =-98+66*LOG(10*B50/(SQRT(10*(Q50/100)))) -> 43.456361 | AA50: =IF(Z50<40,1,0.75) -> 0.75 | AB50: =IF(P50/$R$4<=1,1,(P50/$R$4)^(AA50-1)) -> 0.8708134 | AC50: =IF(K50<9.15,1-0.00765*K50,1.174-0.0267*K50) -> 0.92302 | AD50: =0.65*AC50*($R$7)*(P50/Q50) -> 0.12239245 | AE50: =AD50/($R$22*AB50) -> 0.11480801 | AF50: =93*(Y50/1000)^3+0.08 -> 0.18124446 | AG50: =AF50/AE50 -> 1.5786743 | AH50: =EXP((Y50/540)+(Y50/67)^2-(Y50/80)^3+(Y50/114)^4-3) -> 0.14730688 | AI50: =AH50/AE50 -> 1.2830714 | AL50: 1.25 | AM50: -9.4 | AN50: 1.31 | AO50: 2.05 | AP50: 2.6 | AQ50: 2.95 | AR50: 3.6
A51: 9.6 | B51: 64 | C51: 44 | D51: 0.95 | E51: 1.01 | F51: 60 | G51: 36 | H51: 0.132 | K51: 9.6 | L51: =B51*100 -> 6400 | M51: =L51/C51 -> 145.45455 | N51: =18.5 -> 18.5 | O51: =N51 -> 18.5 | P51: =N51*K51 -> 177.6 | Q51: =O51*K51 -> 177.6 | S51: =(M51/(L51-P51))*100 -> 2.3375955 | T51: =((AJ106-1.64)*0.3)+0.5 -> 0.74211769 | U51: =(($L51-$P51)/$R$4)*(($R$4/$Q51)^T51) -> 40.629539 | V51: =((3.47-LOG(U51))^2+(LOG($S51)+1.22)^2)^0.5 -> 2.447059 | W51: =(L51/$R$4)*($R$4/Q51)^T51 -> 41.789189 | X51: =-(0.403*V51^4)+(5.581*V51^3)-(21.63*V51^2)+(33.75*V51)-17.88 -> 2.5148572 | Y51: =X51*W51 -> 105.09384 | Z51: =-98+66*LOG(10*B51/(SQRT(10*(Q51/100)))) -> 45.976261 | AA51: =IF(Z51<40,1,0.75) -> 0.75 | AB51: =IF(P51/$R$4<=1,1,(P51/$R$4)^(AA51-1)) -> 0.86624205 | AC51: =IF(K51<9.15,1-0.00765*K51,1.174-0.0267*K51) -> 0.91768 | AD51: =0.65*AC51*($R$7)*(P51/Q51) -> 0.12168437 | AE51: =AD51/($R$22*AB51) -> 0.11474617 | AF51: =93*(Y51/1000)^3+0.08 -> 0.18794804 | AG51: =AF51/AE51 -> 1.6379461 | AH51: =EXP((Y51/540)+(Y51/67)^2-(Y51/80)^3+(Y51/114)^4-3) -> 0.15110405 | AI51: =AH51/AE51 -> 1.3168548 | AL51: 1.25 | AM51: -9.6 | AN51: 1.31 | AO51: 2.05 | AP51: 2.6 | AQ51: 2.95 | AR51: 3.6
A52: 9.8 | B52: 68 | C52: 42 | K52: 9.8 | L52: =B52*100 -> 6800 | M52: =L52/C52 -> 161.90476 | N52: =18.5 -> 18.5 | O52: =N52 -> 18.5 | P52: =N52*K52 -> 181.3 | Q52: =O52*K52 -> 181.3 | S52: =(M52/(L52-P52))*100 -> 2.4461716 | T52: =((AJ107-1.64)*0.3)+0.5 -> 0.7413604 | U52: =(($L52-$P52)/$R$4)*(($R$4/$Q52)^T52) -> 42.580112 | V52: =((3.47-LOG(U52))^2+(LOG($S52)+1.22)^2)^0.5 -> 2.4445347 | W52: =(L52/$R$4)*($R$4/Q52)^T52 -> 43.74647 | X52: =-(0.403*V52^4)+(5.581*V52^3)-(21.63*V52^2)+(33.75*V52)-17.88 -> 2.5034583 | Y52: =X52*W52 -> 109.51746 | Z52: =-98+66*LOG(10*B52/(SQRT(10*(Q52/100)))) -> 47.418461 | AA52: =IF(Z52<40,1,0.75) -> 0.75 | AB52: =IF(P52/$R$4<=1,1,(P52/$R$4)^(AA52-1)) -> 0.86178821 | AC52: =IF(K52<9.15,1-0.00765*K52,1.174-0.0267*K52) -> 0.91234 | AD52: =0.65*AC52*($R$7)*(P52/Q52) -> 0.12097628 | AE52: =AD52/($R$22*AB52) -> 0.11466803 | AF52: =93*(Y52/1000)^3+0.08 -> 0.20216114 | AG52: =AF52/AE52 -> 1.7630122 | AH52: =EXP((Y52/540)+(Y52/67)^2-(Y52/80)^3+(Y52/114)^4-3) -> 0.15895995 | AI52: =AH52/AE52 -> 1.3862621 | AM52: -9.8
A53: 10 | B53: 60 | C53: -- | K53: 10 | L53: =B53*100 -> 6000 | M53: -- | N53: =18.5 -> 18.5 | O53: =N53 -> 18.5 | P53: =N53*K53 -> 185 | Q53: =O53*K53 -> 185 | S53: =(M53/(L53-P53))*100 -> #VALUE! | T53: =((AJ108-1.64)*0.3)+0.5 -> #VALUE! | U53: =(($L53-$P53)/$R$4)*(($R$4/$Q53)^T53) -> #VALUE! | W53: =(L53/$R$4)*($R$4/Q53)^T53 -> #VALUE! | X53: =-(0.403*V53^4)+(5.581*V53^3)-(21.63*V53^2)+(33.75*V53)-17.88 -> -17.88 | Y53: =X53*W53 -> #VALUE! | Z53: =-98+66*LOG(10*B53/(SQRT(10*(Q53/100)))) -> 43.541315 | AA53: =IF(Z53<40,1,0.75) -> 0.75 | AB53: =IF(P53/$R$4<=1,1,(P53/$R$4)^(AA53-1)) -> 0.85744657 | AC53: =IF(K53<9.15,1-0.00765*K53,1.174-0.0267*K53) -> 0.907 | AD53: =0.65*AC53*($R$7)*(P53/Q53) -> 0.1202682 | AE53: =AD53/($R$22*AB53) -> 0.11457409 | AF53: =93*(Y53/1000)^3+0.08 -> #VALUE! | AG53: =AF53/AE53 -> #VALUE! | AH53: =EXP((Y53/540)+(Y53/67)^2-(Y53/80)^3+(Y53/114)^4-3) -> #VALUE! | AI53: =AH53/AE53 -> #VALUE! | AM53: -10
M56: ITERAZIONE 1 | P56: ITERAZIONE 2 | S56: ITERAZIONE 3 | V56: ITERAZIONE 4 | Y56: ITERAZIONE 5 | AB56: ITERAZIONE 6 | AE56: ITERAZIONE 7 | AH56: ITERAZIONE 8
K57: Q (n=1) | L57: Ic | M57: n | N57: Q | O57: Ic | P57: n | Q57: Q | R57: Ic | S57: n | T57: Q | U57: Ic | V57: n | W57: Q | X57: Ic | Y57: n | Z57: Q | AA57: Ic | AB57: n | AC57: Q | AD57: Ic | AE57: n | AF57: Q | AG57: Ic | AH57: n | AI57: Q | AJ57: Ic
K58: (-) | L58: (-) | M58: (-) | N58: (-) | O58: (-) | P58: (-) | Q58: (-) | R58: (-) | S58: (-) | T58: (-) | U58: (-) | V58: (-) | W58: (-) | X58: (-) | Y58: (-) | Z58: (-) | AA58: (-) | AB58: (-) | AC58: (-) | AD58: (-) | AE58: (-) | AF58: (-) | AG58: (-) | AH58: (-) | AI58: (-) | AJ58: (-)
K59: =((L4-P4)/$R$4)*(($R$4/Q4)^$R$10) -> 188.18919 | L59: =((3.47-LOG(K59))^2+(LOG(S4)+1.22)^2)^0.5 -> #VALUE! | M59: =((L59-1.64)*0.3)+0.5 -> #VALUE! | N59: =((L4-P4)/$R$4)*(($R$4/Q4)^M59) -> #VALUE! | O59: =((3.47-LOG(N59))^2+(LOG(S4)+1.22)^2)^0.5 -> #VALUE! | P59: =((O59-1.64)*0.3)+0.5 -> #VALUE! | Q59: =(($L4-$P4)/$R$4)*(($R$4/$Q4)^P59) -> #VALUE! | R59: =((3.47-LOG(Q59))^2+(LOG($S4)+1.22)^2)^0.5 -> #VALUE! | S59: =((R59-1.64)*0.3)+0.5 -> #VALUE! | T59: =(($L4-$P4)/$R$4)*(($R$4/$Q4)^S59) -> #VALUE! | U59: =((3.47-LOG(T59))^2+(LOG($S4)+1.22)^2)^0.5 -> #VALUE! | V59: =((U59-1.64)*0.3)+0.5 -> #VALUE! | W59: =(($L4-$P4)/$R$4)*(($R$4/$Q4)^V59) -> #VALUE! | X59: =((3.47-LOG(W59))^2+(LOG($S4)+1.22)^2)^0.5 -> #VALUE! | Y59: =((X59-1.64)*0.3)+0.5 -> #VALUE! | Z59: =(($L4-$P4)/$R$4)*(($R$4/$Q4)^Y59) -> #VALUE! | AA59: =((3.47-LOG(Z59))^2+(LOG($S4)+1.22)^2)^0.5 -> #VALUE! | AB59: =((AA59-1.64)*0.3)+0.5 -> #VALUE! | AC59: =(($L4-$P4)/$R$4)*(($R$4/$Q4)^AB59) -> #VALUE! | AD59: =((3.47-LOG(AC59))^2+(LOG($S4)+1.22)^2)^0.5 -> #VALUE! | AE59: =((AD59-1.64)*0.3)+0.5 -> #VALUE! | AF59: =(($L4-$P4)/$R$4)*(($R$4/$Q4)^AE59) -> #VALUE! | AG59: =((3.47-LOG(AF59))^2+(LOG($S4)+1.22)^2)^0.5 -> #VALUE! | AH59: =((AG59-1.64)*0.3)+0.5 -> #VALUE! | AI59: =(($L4-$P4)/$R$4)*(($R$4/$Q4)^AH59) -> #VALUE! | AJ59: =((3.47-LOG(AI59))^2+(LOG($S4)+1.22)^2)^0.5 -> #VALUE!
K60: =((L5-P5)/$R$4)*(($R$4/Q5)^$R$10) -> 188.18919 | L60: =((3.47-LOG(K60))^2+(LOG(S5)+1.22)^2)^0.5 -> 2.0604519 | M60: =((L60-1.64)*0.3)+0.5 -> 0.62613556 | N60: =((L5-P5)/$R$4)*(($R$4/Q5)^M60) -> 71.095256 | O60: =((3.47-LOG(N60))^2+(LOG(S5)+1.22)^2)^0.5 -> 2.3312889 | P60: =((O60-1.64)*0.3)+0.5 -> 0.70738666 | Q60: =(($L5-$P5)/$R$4)*(($R$4/$Q5)^P60) -> 87.844948 | R60: =((3.47-LOG(Q60))^2+(LOG($S5)+1.22)^2)^0.5 -> 2.2684815 | S60: =((R60-1.64)*0.3)+0.5 -> 0.68854446 | T60: =(($L5-$P5)/$R$4)*(($R$4/$Q5)^S60) -> 83.639345 | U60: =((3.47-LOG(T60))^2+(LOG($S5)+1.22)^2)^0.5 -> 2.2828712 | V60: =((U60-1.64)*0.3)+0.5 -> 0.69286136 | W60: =(($L5-$P5)/$R$4)*(($R$4/$Q5)^V60) -> 84.584744 | X60: =((3.47-LOG(W60))^2+(LOG($S5)+1.22)^2)^0.5 -> 2.2795648 | Y60: =((X60-1.64)*0.3)+0.5 -> 0.69186945 | Z60: =(($L5-$P5)/$R$4)*(($R$4/$Q5)^Y60) -> 84.366576 | AA60: =((3.47-LOG(Z60))^2+(LOG($S5)+1.22)^2)^0.5 -> 2.2803241 | AB60: =((AA60-1.64)*0.3)+0.5 -> 0.69209722 | AC60: =(($L5-$P5)/$R$4)*(($R$4/$Q5)^AB60) -> 84.416622 | AD60: =((3.47-LOG(AC60))^2+(LOG($S5)+1.22)^2)^0.5 -> 2.2801497 | AE60: =((AD60-1.64)*0.3)+0.5 -> 0.69204491 | AF60: =(($L5-$P5)/$R$4)*(($R$4/$Q5)^AE60) -> 84.405126 | AG60: =((3.47-LOG(AF60))^2+(LOG($S5)+1.22)^2)^0.5 -> 2.2801897 | AH60: =((AG60-1.64)*0.3)+0.5 -> 0.69205692 | AI60: =(($L5-$P5)/$R$4)*(($R$4/$Q5)^AH60) -> 84.407766 | AJ60: =((3.47-LOG(AI60))^2+(LOG($S5)+1.22)^2)^0.5 -> 2.2801805
K61: =((L6-P6)/$R$4)*(($R$4/Q6)^$R$10) -> 215.21622 | L61: =((3.47-LOG(K61))^2+(LOG(S6)+1.22)^2)^0.5 -> 1.9792175 | M61: =((L61-1.64)*0.3)+0.5 -> 0.60176525 | N61: =((L6-P6)/$R$4)*(($R$4/Q6)^M61) -> 89.678725 | O61: =((3.47-LOG(N61))^2+(LOG(S6)+1.22)^2)^0.5 -> 2.2195675 | P61: =((O61-1.64)*0.3)+0.5 -> 0.67387026 | Q61: =(($L6-$P6)/$R$4)*(($R$4/$Q6)^P61) -> 105.08154 | R61: =((3.47-LOG(Q61))^2+(LOG($S6)+1.22)^2)^0.5 -> 2.173091 | S61: =((R61-1.64)*0.3)+0.5 -> 0.65992729 | T61: =(($L6-$P6)/$R$4)*(($R$4/$Q6)^S61) -> 101.90967 | U61: =((3.47-LOG(T61))^2+(LOG($S6)+1.22)^2)^0.5 -> 2.181986 | V61: =((U61-1.64)*0.3)+0.5 -> 0.6625958 | W61: =(($L6-$P6)/$R$4)*(($R$4/$Q6)^V61) -> 102.50923 | X61: =((3.47-LOG(W61))^2+(LOG($S6)+1.22)^2)^0.5 -> 2.1802801 | Y61: =((X61-1.64)*0.3)+0.5 -> 0.66208404 | Z61: =(($L6-$P6)/$R$4)*(($R$4/$Q6)^Y61) -> 102.39397 | AA61: =((3.47-LOG(Z61))^2+(LOG($S6)+1.22)^2)^0.5 -> 2.1806071 | AB61: =((AA61-1.64)*0.3)+0.5 -> 0.66218214 | AC61: =(($L6-$P6)/$R$4)*(($R$4/$Q6)^AB61) -> 102.41606 | AD61: =((3.47-LOG(AC61))^2+(LOG($S6)+1.22)^2)^0.5 -> 2.1805444 | AE61: =((AD61-1.64)*0.3)+0.5 -> 0.66216333 | AF61: =(($L6-$P6)/$R$4)*(($R$4/$Q6)^AE61) -> 102.41182 | AG61: =((3.47-LOG(AF61))^2+(LOG($S6)+1.22)^2)^0.5 -> 2.1805565 | AH61: =((AG61-1.64)*0.3)+0.5 -> 0.66216694 | AI61: =(($L6-$P6)/$R$4)*(($R$4/$Q6)^AH61) -> 102.41263 | AJ61: =((3.47-LOG(AI61))^2+(LOG($S6)+1.22)^2)^0.5 -> 2.1805542
K62: =((L7-P7)/$R$4)*(($R$4/Q7)^$R$10) -> 336.83784 | L62: =((3.47-LOG(K62))^2+(LOG(S7)+1.22)^2)^0.5 -> 1.7117822 | M62: =((L62-1.64)*0.3)+0.5 -> 0.52153467 | N62: =((L7-P7)/$R$4)*(($R$4/Q7)^M62) -> 135.02677 | O62: =((3.47-LOG(N62))^2+(LOG(S7)+1.22)^2)^0.5 -> 1.9586265 | P62: =((O62-1.64)*0.3)+0.5 -> 0.59558796 | Q62: =(($L7-$P7)/$R$4)*(($R$4/$Q7)^P62) -> 155.5481 | R62: =((3.47-LOG(Q62))^2+(LOG($S7)+1.22)^2)^0.5 -> 1.9171262 | S62: =((R62-1.64)*0.3)+0.5 -> 0.58313785 | T62: =(($L7-$P7)/$R$4)*(($R$4/$Q7)^S62) -> 151.89182 | U62: =((3.47-LOG(T62))^2+(LOG($S7)+1.22)^2)^0.5 -> 1.9240288 | V62: =((U62-1.64)*0.3)+0.5 -> 0.58520863 | W62: =(($L7-$P7)/$R$4)*(($R$4/$Q7)^V62) -> 152.49394 | X62: =((3.47-LOG(W62))^2+(LOG($S7)+1.22)^2)^0.5 -> 1.9228785 | Y62: =((X62-1.64)*0.3)+0.5 -> 0.58486356 | Z62: =(($L7-$P7)/$R$4)*(($R$4/$Q7)^Y62) -> 152.39344 | AA62: =((3.47-LOG(Z62))^2+(LOG($S7)+1.22)^2)^0.5 -> 1.9230702 | AB62: =((AA62-1.64)*0.3)+0.5 -> 0.58492105 | AC62: =(($L7-$P7)/$R$4)*(($R$4/$Q7)^AB62) -> 152.41018 | AD62: =((3.47-LOG(AC62))^2+(LOG($S7)+1.22)^2)^0.5 -> 1.9230382 | AE62: =((AD62-1.64)*0.3)+0.5 -> 0.58491147 | AF62: =(($L7-$P7)/$R$4)*(($R$4/$Q7)^AE62) -> 152.40739 | AG62: =((3.47-LOG(AF62))^2+(LOG($S7)+1.22)^2)^0.5 -> 1.9230435 | AH62: =((AG62-1.64)*0.3)+0.5 -> 0.58491306 | AI62: =(($L7-$P7)/$R$4)*(($R$4/$Q7)^AH62) -> 152.40785 | AJ62: =((3.47-LOG(AI62))^2+(LOG($S7)+1.22)^2)^0.5 -> 1.9230427
K63: =((L8-P8)/$R$4)*(($R$4/Q8)^$R$10) -> 215.21622 | L63: =((3.47-LOG(K63))^2+(LOG(S8)+1.22)^2)^0.5 -> 2.0070241 | M63: =((L63-1.64)*0.3)+0.5 -> 0.61010724 | N63: =((L8-P8)/$R$4)*(($R$4/Q8)^M63) -> 111.46809 | O63: =((3.47-LOG(N63))^2+(LOG(S8)+1.22)^2)^0.5 -> 2.1816492 | P63: =((O63-1.64)*0.3)+0.5 -> 0.66249476 | Q63: =(($L8-$P8)/$R$4)*(($R$4/$Q8)^P63) -> 121.77036 | R63: =((3.47-LOG(Q63))^2+(LOG($S8)+1.22)^2)^0.5 -> 2.1568073 | S63: =((R63-1.64)*0.3)+0.5 -> 0.65504219 | T63: =(($L8-$P8)/$R$4)*(($R$4/$Q8)^S63) -> 120.24863 | U63: =((3.47-LOG(T63))^2+(LOG($S8)+1.22)^2)^0.5 -> 2.1603171 | V63: =((U63-1.64)*0.3)+0.5 -> 0.65609512 | W63: =(($L8-$P8)/$R$4)*(($R$4/$Q8)^V63) -> 120.46247 | X63: =((3.47-LOG(W63))^2+(LOG($S8)+1.22)^2)^0.5 -> 2.1598207 | Y63: =((X63-1.64)*0.3)+0.5 -> 0.65594621 | Z63: =(($L8-$P8)/$R$4)*(($R$4/$Q8)^Y63) -> 120.43221 | AA63: =((3.47-LOG(Z63))^2+(LOG($S8)+1.22)^2)^0.5 -> 2.1598909 | AB63: =((AA63-1.64)*0.3)+0.5 -> 0.65596727 | AC63: =(($L8-$P8)/$R$4)*(($R$4/$Q8)^AB63) -> 120.43649 | AD63: =((3.47-LOG(AC63))^2+(LOG($S8)+1.22)^2)^0.5 -> 2.159881 | AE63: =((AD63-1.64)*0.3)+0.5 -> 0.65596429 | AF63: =(($L8-$P8)/$R$4)*(($R$4/$Q8)^AE63) -> 120.43588 | AG63: =((3.47-LOG(AF63))^2+(LOG($S8)+1.22)^2)^0.5 -> 2.1598824 | AH63: =((AG63-1.64)*0.3)+0.5 -> 0.65596471 | AI63: =(($L8-$P8)/$R$4)*(($R$4/$Q8)^AH63) -> 120.43597 | AJ63: =((3.47-LOG(AI63))^2+(LOG($S8)+1.22)^2)^0.5 -> 2.1598822
K64: =((L9-P9)/$R$4)*(($R$4/Q9)^$R$10) -> 107.10811 | L64: =((3.47-LOG(K64))^2+(LOG(S9)+1.22)^2)^0.5 -> 2.2872269 | M64: =((L64-1.64)*0.3)+0.5 -> 0.69416806 | N64: =((L9-P9)/$R$4)*(($R$4/Q9)^M64) -> 67.595255 | O64: =((3.47-LOG(N64))^2+(LOG(S9)+1.22)^2)^0.5 -> 2.4180922 | P64: =((O64-1.64)*0.3)+0.5 -> 0.73342766 | Q64: =(($L9-$P9)/$R$4)*(($R$4/$Q9)^P64) -> 71.709737 | R64: =((3.47-LOG(Q64))^2+(LOG($S9)+1.22)^2)^0.5 -> 2.4007609 | S64: =((R64-1.64)*0.3)+0.5 -> 0.72822828 | T64: =(($L9-$P9)/$R$4)*(($R$4/$Q9)^S64) -> 71.150764 | U64: =((3.47-LOG(T64))^2+(LOG($S9)+1.22)^2)^0.5 -> 2.4030476 | V64: =((U64-1.64)*0.3)+0.5 -> 0.72891429 | W64: =(($L9-$P9)/$R$4)*(($R$4/$Q9)^V64) -> 71.224266 | X64: =((3.47-LOG(W64))^2+(LOG($S9)+1.22)^2)^0.5 -> 2.4027458 | Y64: =((X64-1.64)*0.3)+0.5 -> 0.72882373 | Z64: =(($L9-$P9)/$R$4)*(($R$4/$Q9)^Y64) -> 71.214559 | AA64: =((3.47-LOG(Z64))^2+(LOG($S9)+1.22)^2)^0.5 -> 2.4027856 | AB64: =((AA64-1.64)*0.3)+0.5 -> 0.72883569 | AC64: =(($L9-$P9)/$R$4)*(($R$4/$Q9)^AB64) -> 71.21584 | AD64: =((3.47-LOG(AC64))^2+(LOG($S9)+1.22)^2)^0.5 -> 2.4027804 | AE64: =((AD64-1.64)*0.3)+0.5 -> 0.72883411 | AF64: =(($L9-$P9)/$R$4)*(($R$4/$Q9)^AE64) -> 71.215671 | AG64: =((3.47-LOG(AF64))^2+(LOG($S9)+1.22)^2)^0.5 -> 2.4027811 | AH64: =((AG64-1.64)*0.3)+0.5 -> 0.72883432 | AI64: =(($L9-$P9)/$R$4)*(($R$4/$Q9)^AH64) -> 71.215693 | AJ64: =((3.47-LOG(AI64))^2+(LOG($S9)+1.22)^2)^0.5 -> 2.402781
K65: =((L10-P10)/$R$4)*(($R$4/Q10)^$R$10) -> 103.2471 | L65: =((3.47-LOG(K65))^2+(LOG(S10)+1.22)^2)^0.5 -> 2.2633984 | M65: =((L65-1.64)*0.3)+0.5 -> 0.68701951 | N65: =((L10-P10)/$R$4)*(($R$4/Q10)^M65) -> 67.647562 | O65: =((3.47-LOG(N65))^2+(LOG(S10)+1.22)^2)^0.5 -> 2.3856767 | P65: =((O65-1.64)*0.3)+0.5 -> 0.72370302 | Q65: =(($L10-$P10)/$R$4)*(($R$4/$Q10)^P65) -> 71.084412 | R65: =((3.47-LOG(Q65))^2+(LOG($S10)+1.22)^2)^0.5 -> 2.3709354 | S65: =((R65-1.64)*0.3)+0.5 -> 0.71928062 | T65: =(($L10-$P10)/$R$4)*(($R$4/$Q10)^S65) -> 70.660996 | U65: =((3.47-LOG(T65))^2+(LOG($S10)+1.22)^2)^0.5 -> 2.3727071 | V65: =((U65-1.64)*0.3)+0.5 -> 0.71981212 | W65: =(($L10-$P10)/$R$4)*(($R$4/$Q10)^V65) -> 70.71175 | X65: =((3.47-LOG(W65))^2+(LOG($S10)+1.22)^2)^0.5 -> 2.3724941 | Y65: =((X65-1.64)*0.3)+0.5 -> 0.71974822 | Z65: =(($L10-$P10)/$R$4)*(($R$4/$Q10)^Y65) -> 70.705646 | AA65: =((3.47-LOG(Z65))^2+(LOG($S10)+1.22)^2)^0.5 -> 2.3725197 | AB65: =((AA65-1.64)*0.3)+0.5 -> 0.7197559 | AC65: =(($L10-$P10)/$R$4)*(($R$4/$Q10)^AB65) -> 70.706379 | AD65: =((3.47-LOG(AC65))^2+(LOG($S10)+1.22)^2)^0.5 -> 2.3725166 | AE65: =((AD65-1.64)*0.3)+0.5 -> 0.71975497 | AF65: =(($L10-$P10)/$R$4)*(($R$4/$Q10)^AE65) -> 70.706291 | AG65: =((3.47-LOG(AF65))^2+(LOG($S10)+1.22)^2)^0.5 -> 2.372517 | AH65: =((AG65-1.64)*0.3)+0.5 -> 0.71975509 | AI65: =(($L10-$P10)/$R$4)*(($R$4/$Q10)^AH65) -> 70.706302 | AJ65: =((3.47-LOG(AI65))^2+(LOG($S10)+1.22)^2)^0.5 -> 2.3725169
K66: =((L11-P11)/$R$4)*(($R$4/Q11)^$R$10) -> 103.72973 | L66: =((3.47-LOG(K66))^2+(LOG(S11)+1.22)^2)^0.5 -> 2.2127287 | M66: =((L66-1.64)*0.3)+0.5 -> 0.67181862 | N66: =((L11-P11)/$R$4)*(($R$4/Q11)^M66) -> 69.565039 | O66: =((3.47-LOG(N66))^2+(LOG(S11)+1.22)^2)^0.5 -> 2.3304253 | P66: =((O66-1.64)*0.3)+0.5 -> 0.70712759 | Q66: =(($L11-$P11)/$R$4)*(($R$4/$Q11)^P66) -> 72.62049 | R66: =((3.47-LOG(Q66))^2+(LOG($S11)+1.22)^2)^0.5 -> 2.3174257 | S66: =((R66-1.64)*0.3)+0.5 -> 0.7032277 | T66: =(($L11-$P11)/$R$4)*(($R$4/$Q11)^S66) -> 72.276526 | U66: =((3.47-LOG(T66))^2+(LOG($S11)+1.22)^2)^0.5 -> 2.3188577 | V66: =((U66-1.64)*0.3)+0.5 -> 0.7036573 | W66: =(($L11-$P11)/$R$4)*(($R$4/$Q11)^V66) -> 72.314336 | X66: =((3.47-LOG(W66))^2+(LOG($S11)+1.22)^2)^0.5 -> 2.3186999 | Y66: =((X66-1.64)*0.3)+0.5 -> 0.70360996 | Z66: =(($L11-$P11)/$R$4)*(($R$4/$Q11)^Y66) -> 72.310169 | AA66: =((3.47-LOG(Z66))^2+(LOG($S11)+1.22)^2)^0.5 -> 2.3187173 | AB66: =((AA66-1.64)*0.3)+0.5 -> 0.70361518 | AC66: =(($L11-$P11)/$R$4)*(($R$4/$Q11)^AB66) -> 72.310628 | AD66: =((3.47-LOG(AC66))^2+(LOG($S11)+1.22)^2)^0.5 -> 2.3187153 | AE66: =((AD66-1.64)*0.3)+0.5 -> 0.7036146 | AF66: =(($L11-$P11)/$R$4)*(($R$4/$Q11)^AE66) -> 72.310578 | AG66: =((3.47-LOG(AF66))^2+(LOG($S11)+1.22)^2)^0.5 -> 2.3187156 | AH66: =((AG66-1.64)*0.3)+0.5 -> 0.70361467 | AI66: =(($L11-$P11)/$R$4)*(($R$4/$Q11)^AH66) -> 72.310583 | AJ66: =((3.47-LOG(AI66))^2+(LOG($S11)+1.22)^2)^0.5 -> 2.3187155
K67: =((L12-P12)/$R$4)*(($R$4/Q12)^$R$10) -> 92.093093 | L67: =((3.47-LOG(K67))^2+(LOG(S12)+1.22)^2)^0.5 -> 2.317979 | M67: =((L67-1.64)*0.3)+0.5 -> 0.7033937 | N67: =((L12-P12)/$R$4)*(($R$4/Q12)^M67) -> 66.463164 | O67: =((3.47-LOG(N67))^2+(LOG(S12)+1.22)^2)^0.5 -> 2.4123979 | P67: =((O67-1.64)*0.3)+0.5 -> 0.73171938 | Q67: =(($L12-$P12)/$R$4)*(($R$4/$Q12)^P67) -> 68.565888 | R67: =((3.47-LOG(Q67))^2+(LOG($S12)+1.22)^2)^0.5 -> 2.4031807 | S67: =((R67-1.64)*0.3)+0.5 -> 0.7289542 | T67: =(($L12-$P12)/$R$4)*(($R$4/$Q12)^S67) -> 68.357721 | U67: =((3.47-LOG(T67))^2+(LOG($S12)+1.22)^2)^0.5 -> 2.4040787 | V67: =((U67-1.64)*0.3)+0.5 -> 0.7292236 | W67: =(($L12-$P12)/$R$4)*(($R$4/$Q12)^V67) -> 68.377974 | X67: =((3.47-LOG(W67))^2+(LOG($S12)+1.22)^2)^0.5 -> 2.4039912 | Y67: =((X67-1.64)*0.3)+0.5 -> 0.72919735 | Z67: =(($L12-$P12)/$R$4)*(($R$4/$Q12)^Y67) -> 68.376 | AA67: =((3.47-LOG(Z67))^2+(LOG($S12)+1.22)^2)^0.5 -> 2.4039997 | AB67: =((AA67-1.64)*0.3)+0.5 -> 0.7291999 | AC67: =(($L12-$P12)/$R$4)*(($R$4/$Q12)^AB67) -> 68.376192 | AD67: =((3.47-LOG(AC67))^2+(LOG($S12)+1.22)^2)^0.5 -> 2.4039988 | AE67: =((AD67-1.64)*0.3)+0.5 -> 0.72919965 | AF67: =(($L12-$P12)/$R$4)*(($R$4/$Q12)^AE67) -> 68.376174 | AG67: =((3.47-LOG(AF67))^2+(LOG($S12)+1.22)^2)^0.5 -> 2.4039989 | AH67: =((AG67-1.64)*0.3)+0.5 -> 0.72919968 | AI67: =(($L12-$P12)/$R$4)*(($R$4/$Q12)^AH67) -> 68.376175 | AJ67: =((3.47-LOG(AI67))^2+(LOG($S12)+1.22)^2)^0.5 -> 2.4039989
K68: =((L13-P13)/$R$4)*(($R$4/Q13)^$R$10) -> 74.675676 | L68: =((3.47-LOG(K68))^2+(LOG(S13)+1.22)^2)^0.5 -> 2.2932797 | M68: =((L68-1.64)*0.3)+0.5 -> 0.6959839 | N68: =((L13-P13)/$R$4)*(($R$4/Q13)^M68) -> 55.195736 | O68: =((3.47-LOG(N68))^2+(LOG(S13)+1.22)^2)^0.5 -> 2.3865467 | P68: =((O68-1.64)*0.3)+0.5 -> 0.72396402 | Q68: =(($L13-$P13)/$R$4)*(($R$4/$Q13)^P68) -> 56.752801 | R68: =((3.47-LOG(Q68))^2+(LOG($S13)+1.22)^2)^0.5 -> 2.3778129 | S68: =((R68-1.64)*0.3)+0.5 -> 0.72134388 | T68: =(($L13-$P13)/$R$4)*(($R$4/$Q13)^S68) -> 56.605148 | U68: =((3.47-LOG(T68))^2+(LOG($S13)+1.22)^2)^0.5 -> 2.3786295 | V68: =((U68-1.64)*0.3)+0.5 -> 0.72158886 | W68: =(($L13-$P13)/$R$4)*(($R$4/$Q13)^V68) -> 56.618937 | X68: =((3.47-LOG(W68))^2+(LOG($S13)+1.22)^2)^0.5 -> 2.3785532 | Y68: =((X68-1.64)*0.3)+0.5 -> 0.72156596 | Z68: =(($L13-$P13)/$R$4)*(($R$4/$Q13)^Y68) -> 56.617648 | AA68: =((3.47-LOG(Z68))^2+(LOG($S13)+1.22)^2)^0.5 -> 2.3785603 | AB68: =((AA68-1.64)*0.3)+0.5 -> 0.7215681 | AC68: =(($L13-$P13)/$R$4)*(($R$4/$Q13)^AB68) -> 56.617768 | AD68: =((3.47-LOG(AC68))^2+(LOG($S13)+1.22)^2)^0.5 -> 2.3785597 | AE68: =((AD68-1.64)*0.3)+0.5 -> 0.7215679 | AF68: =(($L13-$P13)/$R$4)*(($R$4/$Q13)^AE68) -> 56.617757 | AG68: =((3.47-LOG(AF68))^2+(LOG($S13)+1.22)^2)^0.5 -> 2.3785597 | AH68: =((AG68-1.64)*0.3)+0.5 -> 0.72156792 | AI68: =(($L13-$P13)/$R$4)*(($R$4/$Q13)^AH68) -> 56.617758 | AJ68: =((3.47-LOG(AI68))^2+(LOG($S13)+1.22)^2)^0.5 -> 2.3785597
K69: =((L14-P14)/$R$4)*(($R$4/Q14)^$R$10) -> 84.995086 | L69: =((3.47-LOG(K69))^2+(LOG(S14)+1.22)^2)^0.5 -> 2.2990943 | M69: =((L69-1.64)*0.3)+0.5 -> 0.69772828 | N69: =((L14-P14)/$R$4)*(($R$4/Q14)^M69) -> 64.771693 | O69: =((3.47-LOG(N69))^2+(LOG(S14)+1.22)^2)^0.5 -> 2.3797836 | P69: =((O69-1.64)*0.3)+0.5 -> 0.72193508 | Q69: =(($L14-$P14)/$R$4)*(($R$4/$Q14)^P69) -> 66.196605 | R69: =((3.47-LOG(Q69))^2+(LOG($S14)+1.22)^2)^0.5 -> 2.3732067 | S69: =((R69-1.64)*0.3)+0.5 -> 0.719962 | T69: =(($L14-$P14)/$R$4)*(($R$4/$Q14)^S69) -> 66.079298 | U69: =((3.47-LOG(T69))^2+(LOG($S14)+1.22)^2)^0.5 -> 2.373742 | V69: =((U69-1.64)*0.3)+0.5 -> 0.72012261 | W69: =(($L14-$P14)/$R$4)*(($R$4/$Q14)^V69) -> 66.088839 | X69: =((3.47-LOG(W69))^2+(LOG($S14)+1.22)^2)^0.5 -> 2.3736984 | Y69: =((X69-1.64)*0.3)+0.5 -> 0.72010953 | Z69: =(($L14-$P14)/$R$4)*(($R$4/$Q14)^Y69) -> 66.088062 | AA69: =((3.47-LOG(Z69))^2+(LOG($S14)+1.22)^2)^0.5 -> 2.373702 | AB69: =((AA69-1.64)*0.3)+0.5 -> 0.7201106 | AC69: =(($L14-$P14)/$R$4)*(($R$4/$Q14)^AB69) -> 66.088125 | AD69: =((3.47-LOG(AC69))^2+(LOG($S14)+1.22)^2)^0.5 -> 2.3737017 | AE69: =((AD69-1.64)*0.3)+0.5 -> 0.72011051 | AF69: =(($L14-$P14)/$R$4)*(($R$4/$Q14)^AE69) -> 66.08812 | AG69: =((3.47-LOG(AF69))^2+(LOG($S14)+1.22)^2)^0.5 -> 2.3737017 | AH69: =((AG69-1.64)*0.3)+0.5 -> 0.72011052 | AI69: =(($L14-$P14)/$R$4)*(($R$4/$Q14)^AH69) -> 66.08812 | AJ69: =((3.47-LOG(AI69))^2+(LOG($S14)+1.22)^2)^0.5 -> 2.3737017
K70: =((L15-P15)/$R$4)*(($R$4/Q15)^$R$10) -> 71.072072 | L70: =((3.47-LOG(K70))^2+(LOG(S15)+1.22)^2)^0.5 -> 2.2372725 | M70: =((L70-1.64)*0.3)+0.5 -> 0.67918174 | N70: =((L15-P15)/$R$4)*(($R$4/Q15)^M70) -> 54.773815 | O70: =((3.47-LOG(N70))^2+(LOG(S15)+1.22)^2)^0.5 -> 2.3204158 | P70: =((O70-1.64)*0.3)+0.5 -> 0.70412473 | Q70: =(($L15-$P15)/$R$4)*(($R$4/$Q15)^P70) -> 55.894402 | R70: =((3.47-LOG(Q70))^2+(LOG($S15)+1.22)^2)^0.5 -> 2.3138604 | S70: =((R70-1.64)*0.3)+0.5 -> 0.70215811 | T70: =(($L15-$P15)/$R$4)*(($R$4/$Q15)^S70) -> 55.805224 | U70: =((3.47-LOG(T70))^2+(LOG($S15)+1.22)^2)^0.5 -> 2.3143767 | V70: =((U70-1.64)*0.3)+0.5 -> 0.702313 | W70: =(($L15-$P15)/$R$4)*(($R$4/$Q15)^V70) -> 55.812242 | X70: =((3.47-LOG(W70))^2+(LOG($S15)+1.22)^2)^0.5 -> 2.314336 | Y70: =((X70-1.64)*0.3)+0.5 -> 0.7023008 | Z70: =(($L15-$P15)/$R$4)*(($R$4/$Q15)^Y70) -> 55.81169 | AA70: =((3.47-LOG(Z70))^2+(LOG($S15)+1.22)^2)^0.5 -> 2.3143392 | AB70: =((AA70-1.64)*0.3)+0.5 -> 0.70230176 | AC70: =(($L15-$P15)/$R$4)*(($R$4/$Q15)^AB70) -> 55.811733 | AD70: =((3.47-LOG(AC70))^2+(LOG($S15)+1.22)^2)^0.5 -> 2.314339 | AE70: =((AD70-1.64)*0.3)+0.5 -> 0.70230169 | AF70: =(($L15-$P15)/$R$4)*(($R$4/$Q15)^AE70) -> 55.81173 | AG70: =((3.47-LOG(AF70))^2+(LOG($S15)+1.22)^2)^0.5 -> 2.314339 | AH70: =((AG70-1.64)*0.3)+0.5 -> 0.70230169 | AI70: =(($L15-$P15)/$R$4)*(($R$4/$Q15)^AH70) -> 55.81173 | AJ70: =((3.47-LOG(AI70))^2+(LOG($S15)+1.22)^2)^0.5 -> 2.314339
... K108: =((L53-P53)/$R$4)*(($R$4/Q53)^$R$10) -> 31.432432 | L108: =((3.47-LOG(K108))^2+(LOG(S53)+1.22)^2)^0.5 -> #VALUE! | M108: =((L108-1.64)*0.3)+0.5 -> #VALUE! | N108: =((L53-P53)/$R$4)*(($R$4/Q53)^M108) -> #VALUE! | O108: =((3.47-LOG(N108))^2+(LOG(S53)+1.22)^2)^0.5 -> #VALUE! | P108: =((O108-1.64)*0.3)+0.5 -> #VALUE! | Q108: =(($L53-$P53)/$R$4)*(($R$4/$Q53)^P108) -> #VALUE! | R108: =((3.47-LOG(Q108))^2+(LOG($S53)+1.22)^2)^0.5 -> #VALUE! | S108: =((R108-1.64)*0.3)+0.5 -> #VALUE! | T108: =(($L53-$P53)/$R$4)*(($R$4/$Q53)^S108) -> #VALUE! | U108: =((3.47-LOG(T108))^2+(LOG($S53)+1.22)^2)^0.5 -> #VALUE! | V108: =((U108-1.64)*0.3)+0.5 -> #VALUE! | W108: =(($L53-$P53)/$R$4)*(($R$4/$Q53)^V108) -> #VALUE! | X108: =((3.47-LOG(W108))^2+(LOG($S53)+1.22)^2)^0.5 -> #VALUE! | Y108: =((X108-1.64)*0.3)+0.5 -> #VALUE! | Z108: =(($L53-$P53)/$R$4)*(($R$4/$Q53)^Y108) -> #VALUE! | AA108: =((3.47-LOG(Z108))^2+(LOG($S53)+1.22)^2)^0.5 -> #VALUE! | AB108: =((AA108-1.64)*0.3)+0.5 -> #VALUE! | AC108: =(($L53-$P53)/$R$4)*(($R$4/$Q53)^AB108) -> #VALUE! | AD108: =((3.47-LOG(AC108))^2+(LOG($S53)+1.22)^2)^0.5 -> #VALUE! | AE108: =((AD108-1.64)*0.3)+0.5 -> #VALUE! | AF108: =(($L53-$P53)/$R$4)*(($R$4/$Q53)^AE108) -> #VALUE! | AG108: =((3.47-LOG(AF108))^2+(LOG($S53)+1.22)^2)^0.5 -> #VALUE! | AH108: =((AG108-1.64)*0.3)+0.5 -> #VALUE! | AI108: =(($L53-$P53)/$R$4)*(($R$4/$Q53)^AH108) -> #VALUE! | AJ108: =((3.47-LOG(AI108))^2+(LOG($S53)+1.22)^2)^0.5 -> #VALUE!

Sheet verifica a liquefazione (4)
A1: CPT 1 | AD1: DOMANDA | AF1: CAPACITA' | AH1: DOMANDA
A2: z | B2: qc | C2: qc/fs | D2: γ' | E2: σ'vo | F2: Dr | G2: φ's | H2: amax/g | K2: z | L2: qc | M2: fs | N2: γ | O2: γ' | P2: σvo | Q2: σ'vo | R2: Pa | S2: F | T2: n | U2: Q | V2: Ic | W2: qc1N | X2: kc | Y2: (qc1N)cs | Z2: Dr | AA2: f | AB2: kσ | AC2: rd | AD2: CSR7,5 | AE2: CSRM | AF2: CRR7,5 (Y-R) | AG2: FS | AH2: CRR7,5 (I-B) | AI2: FS
A3: [m] | B3: [Kg/cm^2] | C3: [Kg/cm^2] | D3: [t/m^3] | E3: [Kg/cm^2] | F3: % | G3: (°) | H3: (-) | K3: [m] | L3: [KPa] | M3: [KPa] | N3: [KN/m^3] | O3: [KN/m^3] | P3: [KPa] | Q3: [KPa] | R3: [KPa] | S3: (-) | T3: (-) | U3: (-) | V3: (-) | W3: (-) | X3: (-) | Y3: (-) | Z3: % | AA3: (-) | AB3: (-) | AC3: (-) | AD3: (-) | AE3: (-) | AF3: (-) | AG3: (-) | AH3: (-) | AI3: (-) | AN3: sabbia ghiaiosa | AO3: sabbie da pulite a limose | AP3: miscele di sabbie (da sabbia limosa a limo sabbioso) | AQ3: Mscele di limo (da limo argilloso a argilla limosa | AR3: Argilla (da argilla limosa a argilla) | AS3: Terreni organici (torbe)
A4: 0.2 | B4: 16 | C4: -- | D4: 1.85 | E4: 0.04 | F4: 89 | G4: 41 | H4: 0.221 | K4: 0.2 | L4: =B4*100 -> 1600 | M4: - | N4: =18.5 -> 18.5 | O4: =N4 -> 18.5 | P4: =N4*K4 -> 3.7 | Q4: =O4*K4 -> 3.7 | R4: =100 -> 100 | S4: =(M4/(L4-P4))*100 -> #VALUE! | T4: =((AJ59-1.64)*0.3)+0.5 -> #VALUE! | U4: =(($L4-$P4)/$R$4)*(($R$4/$Q4)^T4) -> #VALUE! | W4: =(L4/$R$4)*($R$4/Q4)^T4 -> #VALUE! | X4: =IF(V4<2.5,-(0.403*V4^4)+(5.581*V4^3)-(21.63*V4^2)+(33.75*V4)-17.88,(6*10^(-7))*V4^(16.76)) -> -17.88 | Y4: =X4*W4 -> #VALUE! | Z4: =-98+66*LOG(10*B4/(SQRT(10*(Q4/100)))) -> 61.721262 | AA4: =IF(Z4<40,1,0.75) -> 0.75 | AB4: =IF(P4/$R$4<=1,1,(P4/$R$4)^(AA4-1)) -> 1 | AC4: =IF(K4<9.15,1-0.00765*K4,1.174-0.0267*K4) -> 0.99847 | AD4: =0.65*AC4*($R$7)*(P4/Q4) -> 0.13239712 | AE4: =AD4/($R$22*AB4) -> 0.020436332 | AF4: =93*(Y4/1000)^3+0.08 -> #VALUE! | AH4: =EXP((Y4/540)+(Y4/67)^2-(Y4/80)^3+(Y4/114)^4-3) -> #VALUE! | AI4: =AH4/AE4 -> #VALUE! | AL4: 1.25 | AM4: -0.2 | AN4: 1.31 | AO4: 2.05 | AP4: 2.6 | AQ4: 2.95 | AR4: 3.6 | AS4: 4
A5: 0.4 | B5: 26 | C5: 26 | D5: 1.85 | E5: 0.07 | F5: 89 | G5: 40 | H5: 0.22 | K5: 0.4 | L5: =B5*100 -> 2600 | M5: =L5/C5 -> 100 | N5: =18.5 -> 18.5 | O5: =N5 -> 18.5 | P5: =N5*K5 -> 7.4 | Q5: =O5*K5 -> 7.4 | R5: amax/g | S5: =(M5/(L5-P5))*100 -> 3.8571318 | T5: =((AJ60-1.64)*0.3)+0.5 -> 0.6745049 | U5: =(($L5-$P5)/$R$4)*(($R$4/$Q5)^$T$5) -> 150.12197 | V5: =((3.47-LOG(U5))^2+(LOG($S5)+1.22)^2)^0.5 -> 2.2216836 | W5: =(L5/$R$4)*($R$4/Q5)^T5 -> 150.55046 | X5: =-(0.403*V5^4)+(5.581*V5^3)-(21.63*V5^2)+(33.75*V5)-17.88 -> 1.721553 | Y5: =X5*W5 -> 259.1806 | Z5: =-98+66*LOG(10*B5/(SQRT(10*(Q5/100)))) -> 65.703594 | AA5: =IF(Z5<40,1,0.75) -> 0.75 | AB5: =IF(P5/$R$4<=1,1,(P5/$R$4)^(AA5-1)) -> 1 | AC5: =IF(K5<9.15,1-0.00765*K5,1.174-0.0267*K5) -> 0.99694 | AD5: =0.65*AC5*($R$7)*(P5/Q5) -> 0.13219424 | AE5: =AD5/($R$22*AB5) -> 0.020405016 | AF5: =93*(Y5/1000)^3+0.08 -> 1.6991625 | AH5: =EXP((Y5/540)+(Y5/67)^2-(Y5/80)^3+(Y5/114)^4-3) -> 173.61108 | AL5: 1.25 | AM5: -0.4 | AN5: 1.31 | AO5: 2.05 | AP5: 2.6 | AQ5: 2.95 | AR5: 3.6
A6: 0.6 | B6: 30 | C6: 45 | D6: 1.85 | E6: 0.11 | F6: 84 | G6: 40 | H6: 0.204 | K6: 0.6 | L6: =B6*100 -> 3000 | M6: =L6/C6 -> 66.666667 | N6: =18.5 -> 18.5 | O6: =N6 -> 18.5 | P6: =N6*K6 -> 11.1 | Q6: =O6*K6 -> 11.1 | R6: (-) | S6: =(M6/(L6-P6))*100 -> 2.230475 | T6: =((AJ61-1.64)*0.3)+0.5 -> 0.6361484 | U6: =(($L6-$P6)/$R$4)*(($R$4/$Q6)^T6) -> 121.01178 | V6: =((3.47-LOG(U6))^2+(LOG($S6)+1.22)^2)^0.5 -> 2.0938284 | W6: =(L6/$R$4)*($R$4/Q6)^T6 -> 121.46118 | X6: =-(0.403*V6^4)+(5.581*V6^3)-(21.63*V6^2)+(33.75*V6)-17.88 -> 1.4436831 | Y6: =X6*W6 -> 175.35146 | Z6: =-98+66*LOG(10*B6/(SQRT(10*(Q6/100)))) -> 63.994345 | AA6: =IF(Z6<40,1,0.75) -> 0.75 | AB6: =IF(P6/$R$4<=1,1,(P6/$R$4)^(AA6-1)) -> 1 | AC6: =IF(K6<9.15,1-0.00765*K6,1.174-0.0267*K6) -> 0.99541 | AD6: =0.65*AC6*($R$7)*(P6/Q6) -> 0.13199137 | AE6: =AD6/($R$22*AB6) -> 0.020373701 | AF6: =93*(Y6/1000)^3+0.08 -> 0.5814309 | AG6: =AF6/AE6 -> 28.538305 | AH6: =EXP((Y6/540)+(Y6/67)^2-(Y6/80)^3+(Y6/114)^4-3) -> 0.46835622 | AI6: =AH6/AE6 -> 22.988274 | AL6: 1.25 | AM6: -0.6 | AN6: 1.31 | AO6: 2.05 | AP6: 2.6 | AQ6: 2.95 | AR6: 3.6
A7: 0.8 | B7: 25 | C7: 34 | D7: 1.85 | E7: 0.15 | F7: 71 | G7: 38 | H7: 0.162 | K7: 0.8 | L7: =B7*100 -> 2500 | M7: =L7/C7 -> 73.529412 | N7: =18.5 -> 18.5 | O7: =N7 -> 18.5 | P7: =N7*K7 -> 14.8 | Q7: =O7*K7 -> 14.8 | R7: 0.204 | S7: =(M7/(L7-P7))*100 -> 2.9586919 | T7: =((AJ62-1.64)*0.3)+0.5 -> 0.68705611 | U7: =(($L7-$P7)/$R$4)*(($R$4/$Q7)^T7) -> 92.350255 | V7: =((3.47-LOG(U7))^2+(LOG($S7)+1.22)^2)^0.5 -> 2.2635205 | W7: =(L7/$R$4)*($R$4/Q7)^T7 -> 92.900224 | X7: =-(0.403*V7^4)+(5.581*V7^3)-(21.63*V7^2)+(33.75*V7)-17.88 -> 1.8370102 | Y7: =X7*W7 -> 170.65866 | Z7: =-98+66*LOG(10*B7/(SQRT(10*(Q7/100)))) -> 54.645404 | AA7: =IF(Z7<40,1,0.75) -> 0.75 | AB7: =IF(P7/$R$4<=1,1,(P7/$R$4)^(AA7-1)) -> 1 | AC7: =IF(K7<9.15,1-0.00765*K7,1.174-0.0267*K7) -> 0.99388 | AD7: =0.65*AC7*($R$7)*(P7/Q7) -> 0.13178849 | AE7: =AD7/($R$22*AB7) -> 0.020342385 | AF7: =93*(Y7/1000)^3+0.08 -> 0.54224044 | AG7: =AF7/AE7 -> 26.655696 | AH7: =EXP((Y7/540)+(Y7/67)^2-(Y7/80)^3+(Y7/114)^4-3) -> 0.41416386 | AI7: =AH7/AE7 -> 20.359651 | AL7: 1.25 | AM7: -0.8 | AN7: 1.31 | AO7: 2.05 | AP7: 2.6 | AQ7: 2.95 | AR7: 3.6
A8: 1,00 | B8: 17 | C8: 32 | D8: 1.85 | E8: 0.19 | F8: 52 | G8: 35 | H8: 0.11 | K8: 1 | L8: =B8*100 -> 1700 | M8: =L8/C8 -> 53.125 | N8: =18.5 -> 18.5 | O8: =N8 -> 18.5 | P8: =N8*K8 -> 18.5 | Q8: =O8*K8 -> 18.5 | R8: n | S8: =(M8/(L8-P8))*100 -> 3.1593815 | T8: =((AJ63-1.64)*0.3)+0.5 -> 0.73466822 | U8: =(($L8-$P8)/$R$4)*(($R$4/$Q8)^T8) -> 58.087477 | V8: =((3.47-LOG(U8))^2+(LOG($S8)+1.22)^2)^0.5 -> 2.4222274 | W8: =(L8/$R$4)*($R$4/Q8)^T8 -> 58.72656 | X8: =-(0.403*V8^4)+(5.581*V8^3)-(21.63*V8^2)+(33.75*V8)-17.88 -> 2.4053941 | Y8: =X8*W8 -> 141.26052 | Z8: =-98+66*LOG(10*B8/(SQRT(10*(Q8/100)))) -> 40.392962 | AA8: =IF(Z8<40,1,0.75) -> 0.75 | AB8: =IF(P8/$R$4<=1,1,(P8/$R$4)^(AA8-1)) -> 1 | AC8: =IF(K8<9.15,1-0.00765*K8,1.174-0.0267*K8) -> 0.99235 | AD8: =0.65*AC8*($R$7)*(P8/Q8) -> 0.13158561 | AE8: =AD8/($R$22*AB8) -> 0.02031107 | AF8: =93*(Y8/1000)^3+0.08 -> 0.34214727 | AG8: =AF8/AE8 -> 16.845359 | AH8: =EXP((Y8/540)+(Y8/67)^2-(Y8/80)^3+(Y8/114)^4-3) -> 0.23667228 | AI8: =AH8/AE8 -> 11.652379 | AL8: 1.25 | AM8: -1 | AN8: 1.31 | AO8: 2.05 | AP8: 2.6 | AQ8: 2.95 | AR8: 3.6
A9: 1.2 | B9: 12 | C9: 22 | D9: 1.85 | E9: 0.22 | F9: -- | G9: -- | H9: -- | K9: 1.2 | L9: =B9*100 -> 1200 | M9: =L9/C9 -> 54.545455 | N9: =18.5 -> 18.5 | O9: =N9 -> 18.5 | P9: =N9*K9 -> 22.2 | Q9: =O9*K9 -> 22.2 | R9: (-) | S9: =(M9/(L9-P9))*100 -> 4.6311305 | T9: =((AJ64-1.64)*0.3)+0.5 -> 0.80525307 | U9: =(($L9-$P9)/$R$4)*(($R$4/$Q9)^T9) -> 39.575173 | V9: =((3.47-LOG(U9))^2+(LOG($S9)+1.22)^2)^0.5 -> 2.6575103 | W9: =(L9/$R$4)*($R$4/Q9)^T9 -> 40.321114 | X9: =-(0.403*V9^4)+(5.581*V9^3)-(21.63*V9^2)+(33.75*V9)-17.88 -> 3.6975621 | Y9: =X9*W9 -> 149.08982 | Z9: =-98+66*LOG(10*B9/(SQRT(10*(Q9/100)))) -> 27.796314 | AA9: =IF(Z9<40,1,0.75) -> 1 | AB9: =IF(P9/$R$4<=1,1,(P9/$R$4)^(AA9-1)) -> 1 | AC9: =IF(K9<9.15,1-0.00765*K9,1.174-0.0267*K9) -> 0.99082 | AD9: =0.65*AC9*($R$7)*(P9/Q9) -> 0.13138273 | AE9: =AD9/($R$22*AB9) -> 0.020279754 | AF9: =93*(Y9/1000)^3+0.08 -> 0.38819597 | AG9: =AF9/AE9 -> 19.142045 | AH9: =EXP((Y9/540)+(Y9/67)^2-(Y9/80)^3+(Y9/114)^4-3) -> 0.26726545 | AI9: =AH9/AE9 -> 13.178929 | AL9: 1.25 | AM9: -1.2 | AN9: 1.31 | AO9: 2.05 | AP9: 2.6 | AQ9: 2.95 | AR9: 3.6
A10: 1.4 | B10: 24 | C10: 45 | D10: 1.85 | E10: 0.26 | F10: 56 | G10: 36 | H10: 0.119 | K10: 1.4 | L10: =B10*100 -> 2400 | M10: =L10/C10 -> 53.333333 | N10: =18.5 -> 18.5 | O10: =N10 -> 18.5 | P10: =N10*K10 -> 25.9 | Q10: =O10*K10 -> 25.9 | R10: 1 | S10: =(M10/(L10-P10))*100 -> 2.2464653 | T10: =((AJ65-1.64)*0.3)+0.5 -> 0.69908434 | U10: =(($L10-$P10)/$R$4)*(($R$4/$Q10)^T10) -> 61.045261 | V10: =((3.47-LOG(U10))^2+(LOG($S10)+1.22)^2)^0.5 -> 2.3036145 | W10: =(L10/$R$4)*($R$4/Q10)^T10 -> 61.711228 | X10: =-(0.403*V10^4)+(5.581*V10^3)-(21.63*V10^2)+(33.75*V10)-17.88 -> 1.960388 | Y10: =X10*W10 -> 120.97795 | Z10: =-98+66*LOG(10*B10/(SQRT(10*(Q10/100)))) -> 45.45505 | AA10: =IF(Z10<40,1,0.75) -> 0.75 | AB10: =IF(P10/$R$4<=1,1,(P10/$R$4)^(AA10-1)) -> 1 | AC10: =IF(K10<9.15,1-0.00765*K10,1.174-0.0267*K10) -> 0.98929 | AD10: =0.65*AC10*($R$7)*(P10/Q10) -> 0.13117985 | AE10: =AD10/($R$22*AB10) -> 0.020248439 | AF10: =93*(Y10/1000)^3+0.08 -> 0.24466513 | AG10: =AF10/AE10 -> 12.08316 | AH10: =EXP((Y10/540)+(Y10/67)^2-(Y10/80)^3+(Y10/114)^4-3) -> 0.18166986 | AI10: =AH10/AE10 -> 8.972043 | AL10: 1.25 | AM10: -1.4 | AN10: 1.31 | AO10: 2.05 | AP10: 2.6 | AQ10: 2.95 | AR10: 3.6
A11: 1.6 | B11: 20 | C11: 60 | D11: 1.85 | E11: 0.3 | F11: 46 | G11: 34 | H11: 0.095 | K11: 1.6 | L11: =B11*100 -> 2000 | M11: =L11/C11 -> 33.333333 | N11: =18.5 -> 18.5 | O11: =N11 -> 18.5 | P11: =N11*K11 -> 29.6 | Q11: =O11*K11 -> 29.6 | R11: M | S11: =(M11/(L11-P11))*100 -> 1.6917039 | T11: =((AJ66-1.64)*0.3)+0.5 -> 0.70209251 | U11: =(($L11-$P11)/$R$4)*(($R$4/$Q11)^T11) -> 46.318718 | V11: =((3.47-LOG(U11))^2+(LOG($S11)+1.22)^2)^0.5 -> 2.3136417 | W11: =(L11/$R$4)*($R$4/Q11)^T11 -> 47.014533 | X11: =-(0.403*V11^4)+(5.581*V11^3)-(21.63*V11^2)+(33.75*V11)-17.88 -> 1.99328 | Y11: =X11*W11 -> 93.713127 | Z11: =-98+66*LOG(10*B11/(SQRT(10*(Q11/100)))) -> 38.315353 | AA11: =IF(Z11<40,1,0.75) -> 1 | AB11: =IF(P11/$R$4<=1,1,(P11/$R$4)^(AA11-1)) -> 1 | AC11: =IF(K11<9.15,1-0.00765*K11,1.174-0.0267*K11) -> 0.98776 | AD11: =0.65*AC11*($R$7)*(P11/Q11) -> 0.13097698 | AE11: =AD11/($R$22*AB11) -> 0.020217123 | AF11: =93*(Y11/1000)^3+0.08 -> 0.15653926 | AG11: =AF11/AE11 -> 7.7429046 | AH11: =EXP((Y11/540)+(Y11/67)^2-(Y11/80)^3+(Y11/114)^4-3) -> 0.13254084 | AI11: =AH11/AE11 -> 6.5558703 | AL11: 1.25 | AM11: -1.6 | AN11: 1.31 | AO11: 2.05 | AP11: 2.6 | AQ11: 2.95 | AR11: 3.6
A12: 1.8 | B12: 9 | C12: 34 | D12: 0.85 | E12: 0.31 | F12: 18 | G12: 30 | H12: 0.034 | K12: 1.8 | L12: =B12*100 -> 900 | M12: =L12/C12 -> 26.470588 | N12: =18.5 -> 18.5 | O12: =N4-10 -> 8.5 | P12: =N12*K12 -> 33.3 | Q12: =O12*K12 -> 15.3 | R12: (-) | S12: =(M12/(L12-P12))*100 -> 3.0541812 | T12: =((AJ67-1.64)*0.3)+0.5 -> 0.77406303 | U12: =(($L12-$P12)/$R$4)*(($R$4/$Q12)^T12) -> 37.065428 | V12: =((3.47-LOG(U12))^2+(LOG($S12)+1.22)^2)^0.5 -> 2.5535436 | W12: =(L12/$R$4)*($R$4/Q12)^T12 -> 38.489541 | X12: =-(0.403*V12^4)+(5.581*V12^3)-(21.63*V12^2)+(33.75*V12)-17.88 -> 3.0540665 | Y12: =X12*W12 -> 117.54962 | Z12: =-98+66*LOG(10*B12/(SQRT(10*(Q12/100)))) -> 24.885188 | AA12: =IF(Z12<40,1,0.75) -> 1 | AB12: =IF(P12/$R$4<=1,1,(P12/$R$4)^(AA12-1)) -> 1 | AC12: =IF(K12<9.15,1-0.00765*K12,1.174-0.0267*K12) -> 0.98623 | AD12: =0.65*AC12*($R$7)*(P12/Q12) -> 0.28462598 | AE12: =AD12/($R$22*AB12) -> 0.043933817 | AF12: =93*(Y12/1000)^3+0.08 -> 0.23105901 | AG12: =AF12/AE12 -> 5.2592518 | AH12: =EXP((Y12/540)+(Y12/67)^2-(Y12/80)^3+(Y12/114)^4-3) -> 0.17445313 | AI12: =AH12/AE12 -> 3.9708166 | AL12: 1.25 | AM12: -1.8 | AN12: 1.31 | AO12: 2.05 | AP12: 2.6 | AQ12: 2.95 | AR12: 3.6
A13: 2,00 | B13: 76 | C13: 104 | D13: 0.96 | E13: 0.33 | F13: 89 | G13: 41 | H13: 0.221 | K13: 2 | L13: 1000 | M13: =L13/C13 -> 9.6153846 | N13: =18.5 -> 18.5 | O13: =N5-10 -> 8.5 | P13: =N13*K13 -> 37 | Q13: =O13*K13 -> 17 | R13: 4 | S13: =(M13/(L13-P13))*100 -> 0.99848231 | T13: =((AJ68-1.64)*0.3)+0.5 -> 0.69779678 | U13: =(($L13-$P13)/$R$4)*(($R$4/$Q13)^T13) -> 33.160155 | V13: =((3.47-LOG(U13))^2+(LOG($S13)+1.22)^2)^0.5 -> 2.2993231 | W13: =(L13/$R$4)*($R$4/Q13)^T13 -> 34.434221 | X13: =-(0.403*V13^4)+(5.581*V13^3)-(21.63*V13^2)+(33.75*V13)-17.88 -> 1.9465643 | Y13: =X13*W13 -> 67.028424 | Z13: =-98+66*LOG(10*B13/(SQRT(10*(Q13/100)))) -> 84.528883 | AA13: =IF(Z13<40,1,0.75) -> 0.75 | AB13: =IF(P13/$R$4<=1,1,(P13/$R$4)^(AA13-1)) -> 1 | AC13: =IF(K13<9.15,1-0.00765*K13,1.174-0.0267*K13) -> 0.9847 | AD13: =0.65*AC13*($R$7)*(P13/Q13) -> 0.28418442 | AE13: =AD13/($R$22*AB13) -> 0.04386566 | AF13: =93*(Y13/1000)^3+0.08 -> 0.10800657 | AG13: =AF13/AE13 -> 2.4622124 | AH13: =EXP((Y13/540)+(Y13/67)^2-(Y13/80)^3+(Y13/114)^4-3) -> 0.095973142 | AI13: =AH13/AE13 -> 2.1878878 | AL13: 1.25 | AM13: -2 | AN13: 1.31 | AO13: 2.05 | AP13: 2.6 | AQ13: 2.95 | AR13: 3.6
A14: 2.2 | B14: 11 | C14: 82 | D14: 0.87 | E14: 0.35 | F14: 22 | G14: 31 | H14: 0.041 | K14: 2.2 | L14: =B14*100 -> 1100 | M14: =L14/C14 -> 13.414634 | N14: =18.5 -> 18.5 | O14: =N6-10 -> 8.5 | P14: =N14*K14 -> 40.7 | Q14: =O14*K14 -> 18.7 | R14: MFS(Idriss) | S14: =(M14/(L14-P14))*100 -> 1.2663678 | T14: =((AJ69-1.64)*0.3)+0.5 -> 0.70949482 | U14: =(($L14-$P14)/$R$4)*(($R$4/$Q14)^T14) -> 34.805156 | V14: =((3.47-LOG(U14))^2+(LOG($S14)+1.22)^2)^0.5 -> 2.3383163 | W14: =(L14/$R$4)*($R$4/Q14)^T14 -> 36.142425 | X14: =-(0.403*V14^4)+(5.581*V14^3)-(21.63*V14^2)+(33.75*V14)-17.88 -> 2.0778077 | Y14: =X14*W14 -> 75.097008 | Z14: =-98+66*LOG(10*B14/(SQRT(10*(Q14/100)))) -> 27.761144 | AA14: =IF(Z14<40,1,0.75) -> 1 | AB14: =IF(P14/$R$4<=1,1,(P14/$R$4)^(AA14-1)) -> 1 | AC14: =IF(K14<9.15,1-0.00765*K14,1.174-0.0267*K14) -> 0.98317 | AD14: =0.65*AC14*($R$7)*(P14/Q14) -> 0.28374286 | AE14: =AD14/($R$22*AB14) -> 0.043797503 | AF14: =93*(Y14/1000)^3+0.08 -> 0.11938681 | AG14: =AF14/AE14 -> 2.7258818 | AH14: =EXP((Y14/540)+(Y14/67)^2-(Y14/80)^3+(Y14/114)^4-3) -> 0.10608742 | AI14: =AH14/AE14 -> 2.4222253 | AL14: 1.25 | AM14: -2.2 | AN14: 1.31 | AO14: 2.05 | AP14: 2.6 | AQ14: 2.95 | AR14: 3.6
A15: 2.4 | B15: 6 | C15: 90 | D15: 0.82 | E15: 0.37 | F15: -- | G15: 28 | H15: -- | K15: 2.4 | L15: =B15*100 -> 600 | M15: =L15/C15 -> 6.6666667 | N15: =18.5 -> 18.5 | O15: =N7-10 -> 8.5 | P15: =N15*K15 -> 44.4 | Q15: =O15*K15 -> 20.4 | R15: (-) | S15: =(M15/(L15-P15))*100 -> 1.199904 | T15: =((AJ70-1.64)*0.3)+0.5 -> 0.77241618 | U15: =(($L15-$P15)/$R$4)*(($R$4/$Q15)^T15) -> 18.967717 | V15: =((3.47-LOG(U15))^2+(LOG($S15)+1.22)^2)^0.5 -> 2.5480541 | W15: =(L15/$R$4)*($R$4/Q15)^T15 -> 20.483496 | X15: =-(0.403*V15^4)+(5.581*V15^3)-(21.63*V15^2)+(33.75*V15)-17.88 -> 3.0233924 | Y15: =X15*W15 -> 61.929646 | Z15: =-98+66*LOG(10*B15/(SQRT(10*(Q15/100)))) -> 9.140187 | AA15: =IF(Z15<40,1,0.75) -> 1 | AB15: =IF(P15/$R$4<=1,1,(P15/$R$4)^(AA15-1)) -> 1 | AC15: =IF(K15<9.15,1-0.00765*K15,1.174-0.0267*K15) -> 0.98164 | AD15: =0.65*AC15*($R$7)*(P15/Q15) -> 0.2833013 | AE15: =AD15/($R$22*AB15) -> 0.043729345 | AF15: =93*(Y15/1000)^3+0.08 -> 0.10208914 | AG15: =AF15/AE15 -> 2.3345682 | AH15: =EXP((Y15/540)+(Y15/67)^2-(Y15/80)^3+(Y15/114)^4-3) -> 0.090017378 | AI15: =AH15/AE15 -> 2.0585119 | AL15: 1.25 | AM15: -2.4 | AN15: 1.31 | AO15: 2.05 | AP15: 2.6 | AQ15: 2.95 | AR15: 3.6
A16: 2.6 | B16: 5 | C16: 19 | D16: 0.8 | E16: 0.38 | F16: -- | G16: -- | H16: -- | K16: 2.6 | L16: =B16*100 -> 500 | M16: =L16/C16 -> 26.315789 | N16: =18.5 -> 18.5 | O16: =N8-10 -> 8.5 | P16: =N16*K16 -> 48.1 | Q16: =O16*K16 -> 22.1 | R16: =(10^2.24)/($R$13^2.56) -> 4.9971964 | S16: =(M16/(L16-P16))*100 -> 5.8233657 | T16: =((AJ71-1.64)*0.3)+0.5 -> 0.90221553 | U16: =(($L16-$P16)/$R$4)*(($R$4/$Q16)^T16) -> 17.641756 | V16: =((3.47-LOG(U16))^2+(LOG($S16)+1.22)^2)^0.5 -> 2.9807184 | W16: =(L16/$R$4)*($R$4/Q16)^T16 -> 19.519535 | X16: =-(0.403*V16^4)+(5.581*V16^3)-(21.63*V16^2)+(33.75*V16)-17.88 -> 6.5318748 | Y16: =X16*W16 -> 127.49916 | Z16: =-98+66*LOG(10*B16/(SQRT(10*(Q16/100)))) -> 2.7670753 | AA16: =IF(Z16<40,1,0.75) -> 1 | AB16: =IF(P16/$R$4<=1,1,(P16/$R$4)^(AA16-1)) -> 1 | AC16: =IF(K16<9.15,1-0.00765*K16,1.174-0.0267*K16) -> 0.98011 | AD16: =0.65*AC16*($R$7)*(P16/Q16) -> 0.28285975 | AE16: =AD16/($R$22*AB16) -> 0.043661188 | AF16: =93*(Y16/1000)^3+0.08 -> 0.27275467 | AG16: =AF16/AE16 -> 6.2470741 | AH16: =EXP((Y16/540)+(Y16/67)^2-(Y16/80)^3+(Y16/114)^4-3) -> 0.19670118 | AI16: =AH16/AE16 -> 4.5051724 | AL16: 1.25 | AM16: -2.6 | AN16: 1.31 | AO16: 2.05 | AP16: 2.6 | AQ16: 2.95 | AR16: 3.6
A17: 2.8 | B17: 8 | C17: 13 | D17: 0.86 | E17: 0.4 | F17: -- | G17: -- | H17: -- | K17: 2.8 | L17: =B17*100 -> 800 | M17: =L17/C17 -> 61.538462 | N17: =18.5 -> 18.5 | O17: =N9-10 -> 8.5 | P17: =N17*K17 -> 51.8 | Q17: =O17*K17 -> 23.8 | R17: MFS(A&S) | S17: =(M17/(L17-P17))*100 -> 8.2248679 | T17: =((AJ72-1.64)*0.3)+0.5 -> 0.89366974 | U17: =(($L17-$P17)/$R$4)*(($R$4/$Q17)^T17) -> 26.986839 | V17: =((3.47-LOG(U17))^2+(LOG($S17)+1.22)^2)^0.5 -> 2.9522325 | W17: =(L17/$R$4)*($R$4/Q17)^T17 -> 28.855214 | X17: =-(0.403*V17^4)+(5.581*V17^3)-(21.63*V17^2)+(33.75*V17)-17.88 -> 6.2277212 | Y17: =X17*W17 -> 179.70223 | Z17: =-98+66*LOG(10*B17/(SQRT(10*(Q17/100)))) -> 15.1769 | AA17: =IF(Z17<40,1,0.75) -> 1 | AB17: =IF(P17/$R$4<=1,1,(P17/$R$4)^(AA17-1)) -> 1 | AC17: =IF(K17<9.15,1-0.00765*K17,1.174-0.0267*K17) -> 0.97858 | AD17: =0.65*AC17*($R$7)*(P17/Q17) -> 0.28241819 | AE17: =AD17/($R$22*AB17) -> 0.043593031 | AF17: =93*(Y17/1000)^3+0.08 -> 0.61968871 | AG17: =AF17/AE17 -> 14.215316 | AH17: =EXP((Y17/540)+(Y17/67)^2-(Y17/80)^3+(Y17/114)^4-3) -> 0.53087525 | AI17: =AH17/AE17 -> 12.177984 | AL17: 1.25 | AM17: -2.8 | AN17: 1.31 | AO17: 2.05 | AP17: 2.6 | AQ17: 2.95 | AR17: 3.6
A18: 3,00 | B18: 36 | C18: 34 | D18: 0.89 | E18: 0.42 | F18: 58 | G18: 36 | H18: 0.126 | K18: 3 | L18: =B18*100 -> 3600 | M18: =L18/C18 -> 105.88235 | N18: =18.5 -> 18.5 | O18: =N10-10 -> 8.5 | P18: =N18*K18 -> 55.5 | Q18: =O18*K18 -> 25.5 | R18: (-) | S18: =(M18/(L18-P18))*100 -> 2.9872296 | T18: =((AJ73-1.64)*0.3)+0.5 -> 0.6893439 | U18: =(($L18-$P18)/$R$4)*(($R$4/$Q18)^T18) -> 90.918631 | V18: =((3.47-LOG(U18))^2+(LOG($S18)+1.22)^2)^0.5 -> 2.2711463 | W18: =(L18/$R$4)*($R$4/Q18)^T18 -> 92.342241 | X18: =-(0.403*V18^4)+(5.581*V18^3)-(21.63*V18^2)+(33.75*V18)-17.88 -> 1.8594935 | Y18: =X18*W18 -> 171.7098 | Z18: =-98+66*LOG(10*B18/(SQRT(10*(Q18/100)))) -> 57.300139 | AA18: =IF(Z18<40,1,0.75) -> 0.75 | AB18: =IF(P18/$R$4<=1,1,(P18/$R$4)^(AA18-1)) -> 1 | AC18: =IF(K18<9.15,1-0.00765*K18,1.174-0.0267*K18) -> 0.97705 | AD18: =0.65*AC18*($R$7)*(P18/Q18) -> 0.28197663 | AE18: =AD18/($R$22*AB18) -> 0.043524873 | AF18: =93*(Y18/1000)^3+0.08 -> 0.55083438 | AG18: =AF18/AE18 -> 12.655623 | AH18: =EXP((Y18/540)+(Y18/67)^2-(Y18/80)^3+(Y18/114)^4-3) -> 0.42529074 | AI18: =AH18/AE18 -> 9.7712115 | AL18: 1.25 | AM18: -3 | AN18: 1.31 | AO18: 2.05 | AP18: 2.6 | AQ18: 2.95 | AR18: 3.6
A19: 3.2 | B19: 38 | C19: 71 | D19: 0.9 | E19: 0.43 | F19: 59 | G19: 36 | H19: 0.128 | K19: 3.2 | L19: =B19*100 -> 3800 | M19: =L19/C19 -> 53.521127 | N19: =18.5 -> 18.5 | O19: =N11-10 -> 8.5 | P19: =N19*K19 -> 59.2 | Q19: =O19*K19 -> 27.2 | R19: =($R$13/7.5)^(-3.3) -> 7.9598374 | S19: =(M19/(L19-P19))*100 -> 1.4307401 | T19: =((AJ74-1.64)*0.3)+0.5 -> 0.62791302 | U19: =(($L19-$P19)/$R$4)*(($R$4/$Q19)^T19) -> 84.723919 | V19: =((3.47-LOG(U19))^2+(LOG($S19)+1.22)^2)^0.5 -> 2.0663767 | W19: =(L19/$R$4)*($R$4/Q19)^T19 -> 86.064716 | X19: =-(0.403*V19^4)+(5.581*V19^3)-(21.63*V19^2)+(33.75*V19)-17.88 -> 1.3969919 | Y19: =X19*W19 -> 120.23171 | Z19: =-98+66*LOG(10*B19/(SQRT(10*(Q19/100)))) -> 57.924944 | AA19: =IF(Z19<40,1,0.75) -> 0.75 | AB19: =IF(P19/$R$4<=1,1,(P19/$R$4)^(AA19-1)) -> 1 | AC19: =IF(K19<9.15,1-0.00765*K19,1.174-0.0267*K19) -> 0.97552 | AD19: =0.65*AC19*($R$7)*(P19/Q19) -> 0.28153507 | AE19: =AD19/($R$22*AB19) -> 0.043456716 | AF19: =93*(Y19/1000)^3+0.08 -> 0.24163672 | AG19: =AF19/AE19 -> 5.5604 | AH19: =EXP((Y19/540)+(Y19/67)^2-(Y19/80)^3+(Y19/114)^4-3) -> 0.18006315 | AI19: =AH19/AE19 -> 4.1435056 | AL19: 1.25 | AM19: -3.2 | AN19: 1.31 | AO19: 2.05 | AP19: 2.6 | AQ19: 2.95 | AR19: 3.6
A20: 3.4 | B20: 52 | C20: 32 | D20: 0.92 | E20: 0.45 | F20: 69 | G20: 38 | H20: 0.156 | K20: 3.4 | L20: =B20*100 -> 5200 | M20: =L20/C20 -> 162.5 | N20: =18.5 -> 18.5 | O20: =N12-10 -> 8.5 | P20: =N20*K20 -> 62.9 | Q20: =O20*K20 -> 28.9 | R20: MFS | S20: =(M20/(L20-P20))*100 -> 3.1632633 | T20: =((AJ75-1.64)*0.3)+0.5 -> 0.67271576 | U20: =(($L20-$P20)/$R$4)*(($R$4/$Q20)^T20) -> 118.40786 | V20: =((3.47-LOG(U20))^2+(LOG($S20)+1.22)^2)^0.5 -> 2.2157192 | W20: =(L20/$R$4)*($R$4/Q20)^T20 -> 119.85768 | X20: =-(0.403*V20^4)+(5.581*V20^3)-(21.63*V20^2)+(33.75*V20)-17.88 -> 1.7061491 | Y20: =X20*W20 -> 204.49507 | Z20: =-98+66*LOG(10*B20/(SQRT(10*(Q20/100)))) -> 66.046592 | AA20: =IF(Z20<40,1,0.75) -> 0.75 | AB20: =IF(P20/$R$4<=1,1,(P20/$R$4)^(AA20-1)) -> 1 | AC20: =IF(K20<9.15,1-0.00765*K20,1.174-0.0267*K20) -> 0.97399 | AD20: =0.65*AC20*($R$7)*(P20/Q20) -> 0.28109351 | AE20: =AD20/($R$22*AB20) -> 0.043388559 | AF20: =93*(Y20/1000)^3+0.08 -> 0.87530092 | AG20: =AF20/AE20 -> 20.173542 | AH20: =EXP((Y20/540)+(Y20/67)^2-(Y20/80)^3+(Y20/114)^4-3) -> 1.4135581 | AI20: =AH20/AE20 -> 32.579051 | AL20: 1.25 | AM20: -3.4 | AN20: 1.31 | AO20: 2.05 | AP20: 2.6 | AQ20: 2.95 | AR20: 3.6
A21: 3.6 | B21: 36 | C21: 39 | D21: 0.89 | E21: 0.47 | F21: 55 | G21: 36 | H21: 0.118 | K21: 3.6 | L21: =B21*100 -> 3600 | M21: =L21/C21 -> 92.307692 | N21: =18.5 -> 18.5 | O21: =N13-10 -> 8.5 | P21: =N21*K21 -> 66.6 | Q21: =O21*K21 -> 30.6 | R21: (-) | S21: =(M21/(L21-P21))*100 -> 2.6124326 | T21: =((AJ76-1.64)*0.3)+0.5 -> 0.68804253 | U21: =(($L21-$P21)/$R$4)*(($R$4/$Q21)^T21) -> 79.806513 | V21: =((3.47-LOG(U21))^2+(LOG($S21)+1.22)^2)^0.5 -> 2.2668084 | W21: =(L21/$R$4)*($R$4/Q21)^T21 -> 81.310762 | X21: =-(0.403*V21^4)+(5.581*V21^3)-(21.63*V21^2)+(33.75*V21)-17.88 -> 1.8466484 | Y21: =X21*W21 -> 150.15239 | Z21: =-98+66*LOG(10*B21/(SQRT(10*(Q21/100)))) -> 54.687158 | AA21: =IF(Z21<40,1,0.75) -> 0.75 | AB21: =IF(P21/$R$4<=1,1,(P21/$R$4)^(AA21-1)) -> 1 | AC21: =IF(K21<9.15,1-0.00765*K21,1.174-0.0267*K21) -> 0.97246 | AD21: =0.65*AC21*($R$7)*(P21/Q21) -> 0.28065196 | AE21: =AD21/($R$22*AB21) -> 0.043320402 | AF21: =93*(Y21/1000)^3+0.08 -> 0.3948326 | AG21: =AF21/AE21 -> 9.1142413 | AH21: =EXP((Y21/540)+(Y21/67)^2-(Y21/80)^3+(Y21/114)^4-3) -> 0.27204152 | AI21: =AH21/AE21 -> 6.2797552 | AL21: 1.25 | AM21: -3.6 | AN21: 1.31 | AO21: 2.05 | AP21: 2.6 | AQ21: 2.95 | AR21: 3.6
A22: 3.8 | B22: 32 | C22: 37 | D22: 0.88 | E22: 0.49 | F22: 50 | G22: 35 | H22: 0.105 | K22: 3.8 | L22: =B22*100 -> 3200 | M22: =L22/C22 -> 86.486486 | N22: =18.5 -> 18.5 | O22: =N14-10 -> 8.5 | P22: =N22*K22 -> 70.3 | Q22: =O22*K22 -> 32.3 | R22: =(R16+R19)/2 -> 6.4785169 | S22: =(M22/(L22-P22))*100 -> 2.7634114 | T22: =((AJ77-1.64)*0.3)+0.5 -> 0.70584737 | U22: =(($L22-$P22)/$R$4)*(($R$4/$Q22)^T22) -> 69.491361 | V22: =((3.47-LOG(U22))^2+(LOG($S22)+1.22)^2)^0.5 -> 2.3261579 | W22: =(L22/$R$4)*($R$4/Q22)^T22 -> 71.052291 | X22: =-(0.403*V22^4)+(5.581*V22^3)-(21.63*V22^2)+(33.75*V22)-17.88 -> 2.0355126 | Y22: =X22*W22 -> 144.62784 | Z22: =-98+66*LOG(10*B22/(SQRT(10*(Q22/100)))) -> 50.536215 | AA22: =IF(Z22<40,1,0.75) -> 0.75 | AB22: =IF(P22/$R$4<=1,1,(P22/$R$4)^(AA22-1)) -> 1 | AC22: =IF(K22<9.15,1-0.00765*K22,1.174-0.0267*K22) -> 0.97093 | AD22: =0.65*AC22*($R$7)*(P22/Q22) -> 0.2802104 | AE22: =AD22/($R$22*AB22) -> 0.043252244 | AF22: =93*(Y22/1000)^3+0.08 -> 0.36134462 | AG22: =AF22/AE22 -> 8.3543553 | AH22: =EXP((Y22/540)+(Y22/67)^2-(Y22/80)^3+(Y22/114)^4-3) -> 0.24892608 | AI22: =AH22/AE22 -> 5.7552176 | AL22: 1.25 | AM22: -3.8 | AN22: 1.31 | AO22: 2.05 | AP22: 2.6 | AQ22: 2.95 | AR22: 3.6
A23: 4,00 | B23: 37 | C23: 40 | D23: 0.89 | E23: 0.51 | F23: 54 | G23: 36 | H23: 0.115 | K23: 4 | L23: =B23*100 -> 3700 | M23: =L23/C23 -> 92.5 | N23: =18.5 -> 18.5 | O23: =N15-10 -> 8.5 | P23: =N23*K23 -> 74 | Q23: =O23*K23 -> 34 | R23: MFS | S23: =(M23/(L23-P23))*100 -> 2.5510204 | T23: =((AJ78-1.64)*0.3)+0.5 -> 0.68985889 | U23: =(($L23-$P23)/$R$4)*(($R$4/$Q23)^T23) -> 76.320505 | V23: =((3.47-LOG(U23))^2+(LOG($S23)+1.22)^2)^0.5 -> 2.272863 | W23: =(L23/$R$4)*($R$4/Q23)^T23 -> 77.878066 | X23: =-(0.403*V23^4)+(5.581*V23^3)-(21.63*V23^2)+(33.75*V23)-17.88 -> 1.8646173 | Y23: =X23*W23 -> 145.21279 | Z23: =-98+66*LOG(10*B23/(SQRT(10*(Q23/100)))) -> 53.96251 | AA23: =IF(Z23<40,1,0.75) -> 0.75 | AB23: =IF(P23/$R$4<=1,1,(P23/$R$4)^(AA23-1)) -> 1 | AC23: =IF(K23<9.15,1-0.00765*K23,1.174-0.0267*K23) -> 0.9694 | AD23: =0.65*AC23*($R$7)*(P23/Q23) -> 0.27976884 | AE23: =AD23/($R$22*AB23) -> 0.043184087 | AF23: =93*(Y23/1000)^3+0.08 -> 0.36477219 | AG23: =AF23/AE23 -> 8.4469121 | AH23: =EXP((Y23/540)+(Y23/67)^2-(Y23/80)^3+(Y23/114)^4-3) -> 0.25118495 | AI23: =AH23/AE23 -> 5.816609 | AL23: 1.25 | AM23: -4 | AN23: 1.31 | AO23: 2.05 | AP23: 2.6 | AQ23: 2.95 | AR23: 3.6
A24: 4.2 | B24: 22 | C24: 33 | D24: 0.86 | E24: 0.52 | F24: 36 | G24: 33 | H24: 0.07 | K24: 4.2 | L24: =B24*100 -> 2200 | M24: =L24/C24 -> 66.666667 | N24: =18.5 -> 18.5 | O24: =N16-10 -> 8.5 | P24: =N24*K24 -> 77.7 | Q24: =O24*K24 -> 35.7 | R24: (-) | S24: =(M24/(L24-P24))*100 -> 3.1412461 | T24: =((AJ79-1.64)*0.3)+0.5 -> 0.75544 | U24: =(($L24-$P24)/$R$4)*(($R$4/$Q24)^T24) -> 46.210333 | V24: =((3.47-LOG(U24))^2+(LOG($S24)+1.22)^2)^0.5 -> 2.4914667 | W24: =(L24/$R$4)*($R$4/Q24)^T24 -> 47.90215 | X24: =-(0.403*V24^4)+(5.581*V24^3)-(21.63*V24^2)+(33.75*V24)-17.88 -> 2.7256623 | Y24: =X24*W24 -> 130.56508 | Z24: =-98+66*LOG(10*B24/(SQRT(10*(Q24/100)))) -> 38.361846 | AA24: =IF(Z24<40,1,0.75) -> 1 | AB24: =IF(P24/$R$4<=1,1,(P24/$R$4)^(AA24-1)) -> 1 | AC24: =IF(K24<9.15,1-0.00765*K24,1.174-0.0267*K24) -> 0.96787 | AD24: =0.65*AC24*($R$7)*(P24/Q24) -> 0.27932728 | AE24: =AD24/($R$22*AB24) -> 0.04311593 | AF24: =93*(Y24/1000)^3+0.08 -> 0.28699702 | AG24: =AF24/AE24 -> 6.6564033 | AH24: =EXP((Y24/540)+(Y24/67)^2-(Y24/80)^3+(Y24/114)^4-3) -> 0.20449032 | AI24: =AH24/AE24 -> 4.7428019 | AL24: 1.25 | AM24: -4.2 | AN24: 1.31 | AO24: 2.05 | AP24: 2.6 | AQ24: 2.95 | AR24: 3.6
A25: 4.4 | B25: 26 | C25: 43 | D25: 0.87 | E25: 0.54 | F25: 41 | G25: 34 | H25: 0.081 | K25: 4.4 | L25: =B25*100 -> 2600 | M25: =L25/C25 -> 60.465116 | N25: =18.5 -> 18.5 | O25: =N17-10 -> 8.5 | P25: =N25*K25 -> 81.4 | Q25: =O25*K25 -> 37.4 | R25: =6.9*EXP(-R13/4)-0.058 -> 2.4803681 | S25: =(M25/(L25-P25))*100 -> 2.4007431 | T25: =((AJ80-1.64)*0.3)+0.5 -> 0.72176422 | U25: =(($L25-$P25)/$R$4)*(($R$4/$Q25)^T25) -> 51.220663 | V25: =((3.47-LOG(U25))^2+(LOG($S25)+1.22)^2)^0.5 -> 2.3792141 | W25: =(L25/$R$4)*($R$4/Q25)^T25 -> 52.876091 | X25: =-(0.403*V25^4)+(5.581*V25^3)-(21.63*V25^2)+(33.75*V25)-17.88 -> 2.2295187 | Y25: =X25*W25 -> 117.88823 | Z25: =-98+66*LOG(10*B25/(SQRT(10*(Q25/100)))) -> 42.483478 | AA25: =IF(Z25<40,1,0.75) -> 0.75 | AB25: =IF(P25/$R$4<=1,1,(P25/$R$4)^(AA25-1)) -> 1 | AC25: =IF(K25<9.15,1-0.00765*K25,1.174-0.0267*K25) -> 0.96634 | AD25: =0.65*AC25*($R$7)*(P25/Q25) -> 0.27888572 | AE25: =AD25/($R$22*AB25) -> 0.043047773 | AF25: =93*(Y25/1000)^3+0.08 -> 0.23236819 | AG25: =AF25/AE25 -> 5.3979145 | AH25: =EXP((Y25/540)+(Y25/67)^2-(Y25/80)^3+(Y25/114)^4-3) -> 0.17514783 | AI25: =AH25/AE25 -> 4.068685 | AL25: 1.25 | AM25: -4.4 | AN25: 1.31 | AO25: 2.05 | AP25: 2.6 | AQ25: 2.95 | AR25: 3.6
A26: 4.6 | B26: 27 | C26: 45 | D26: 0.87 | E26: 0.56 | F26: 41 | G26: 34 | H26: 0.083 | K26: 4.6 | L26: =B26*100 -> 2700 | M26: =L26/C26 -> 60 | N26: =18.5 -> 18.5 | O26: =N18-10 -> 8.5 | P26: =N26*K26 -> 85.1 | Q26: =O26*K26 -> 39.1 | S26: =(M26/(L26-P26))*100 -> 2.2945428 | T26: =((AJ81-1.64)*0.3)+0.5 -> 0.71765898 | U26: =(($L26-$P26)/$R$4)*(($R$4/$Q26)^T26) -> 51.301858 | V26: =((3.47-LOG(U26))^2+(LOG($S26)+1.22)^2)^0.5 -> 2.3655299 | W26: =(L26/$R$4)*($R$4/Q26)^T26 -> 52.97144 | X26: =-(0.403*V26^4)+(5.581*V26^3)-(21.63*V26^2)+(33.75*V26)-17.88 -> 2.1771106 | Y26: =X26*W26 -> 115.32468 | Z26: =-98+66*LOG(10*B26/(SQRT(10*(Q26/100)))) -> 42.928175 | AA26: =IF(Z26<40,1,0.75) -> 0.75 | AB26: =IF(P26/$R$4<=1,1,(P26/$R$4)^(AA26-1)) -> 1 | AC26: =IF(K26<9.15,1-0.00765*K26,1.174-0.0267*K26) -> 0.96481 | AD26: =0.65*AC26*($R$7)*(P26/Q26) -> 0.27844417 | AE26: =AD26/($R$22*AB26) -> 0.042979615 | AF26: =93*(Y26/1000)^3+0.08 -> 0.22264277 | AG26: =AF26/AE26 -> 5.1801947 | AH26: =EXP((Y26/540)+(Y26/67)^2-(Y26/80)^3+(Y26/114)^4-3) -> 0.16997914 | AI26: =AH26/AE26 -> 3.9548781 | AL26: 1.25 | AM26: -4.6 | AN26: 1.31 | AO26: 2.05 | AP26: 2.6 | AQ26: 2.95 | AR26: 3.6
A27: 4.8 | B27: 28 | C27: 42 | D27: 0.87 | E27: 0.58 | F27: 42 | G27: 34 | H27: 0.084 | K27: 4.8 | L27: =B27*100 -> 2800 | M27: =L27/C27 -> 66.666667 | N27: =18.5 -> 18.5 | O27: =N19-10 -> 8.5 | P27: =N27*K27 -> 88.8 | Q27: =O27*K27 -> 40.8 | S27: =(M27/(L27-P27))*100 -> 2.4589358 | T27: =((AJ82-1.64)*0.3)+0.5 -> 0.72273728 | U27: =(($L27-$P27)/$R$4)*(($R$4/$Q27)^T27) -> 51.826511 | V27: =((3.47-LOG(U27))^2+(LOG($S27)+1.22)^2)^0.5 -> 2.3824576 | W27: =(L27/$R$4)*($R$4/Q27)^T27 -> 53.523986 | X27: =-(0.403*V27^4)+(5.581*V27^3)-(21.63*V27^2)+(33.75*V27)-17.88 -> 2.242188 | Y27: =X27*W27 -> 120.01084 | Z27: =-98+66*LOG(10*B27/(SQRT(10*(Q27/100)))) -> 43.360645 | AA27: =IF(Z27<40,1,0.75) -> 0.75 | AB27: =IF(P27/$R$4<=1,1,(P27/$R$4)^(AA27-1)) -> 1 | AC27: =IF(K27<9.15,1-0.00765*K27,1.174-0.0267*K27) -> 0.96328 | AD27: =0.65*AC27*($R$7)*(P27/Q27) -> 0.27800261 | AE27: =AD27/($R$22*AB27) -> 0.042911458 | AF27: =93*(Y27/1000)^3+0.08 -> 0.24074755 | AG27: =AF27/AE27 -> 5.6103325 | AH27: =EXP((Y27/540)+(Y27/67)^2-(Y27/80)^3+(Y27/114)^4-3) -> 0.17959156 | AI27: =AH27/AE27 -> 4.1851656 | AL27: 1.25 | AM27: -4.8 | AN27: 1.31 | AO27: 2.05 | AP27: 2.6 | AQ27: 2.95 | AR27: 3.6
A28: 5,00 | B28: 26 | C28: 24 | D28: 0.95 | E28: 0.59 | F28: 38 | G28: 33 | H28: 0.076 | K28: 5 | L28: =B28*100 -> 2600 | M28: =L28/C28 -> 108.33333 | N28: =18.5 -> 18.5 | O28: =N20-10 -> 8.5 | P28: =N28*K28 -> 92.5 | Q28: =O28*K28 -> 42.5 | S28: =(M28/(L28-P28))*100 -> 4.3203722 | T28: =((AJ83-1.64)*0.3)+0.5 -> 0.77959554 | U28: =(($L28-$P28)/$R$4)*(($R$4/$Q28)^T28) -> 48.859304 | V28: =((3.47-LOG(U28))^2+(LOG($S28)+1.22)^2)^0.5 -> 2.5719851 | W28: =(L28/$R$4)*($R$4/Q28)^T28 -> 50.661691 | X28: =-(0.403*V28^4)+(5.581*V28^3)-(21.63*V28^2)+(33.75*V28)-17.88 -> 3.1594854 | Y28: =X28*W28 -> 160.06487 | Z28: =-98+66*LOG(10*B28/(SQRT(10*(Q28/100)))) -> 40.651406 | AA28: =IF(Z28<40,1,0.75) -> 0.75 | AB28: =IF(P28/$R$4<=1,1,(P28/$R$4)^(AA28-1)) -> 1 | AC28: =IF(K28<9.15,1-0.00765*K28,1.174-0.0267*K28) -> 0.96175 | AD28: =0.65*AC28*($R$7)*(P28/Q28) -> 0.27756105 | AE28: =AD28/($R$22*AB28) -> 0.042843301 | AF28: =93*(Y28/1000)^3+0.08 -> 0.46139152 | AG28: =AF28/AE28 -> 10.76928 | AH28: =EXP((Y28/540)+(Y28/67)^2-(Y28/80)^3+(Y28/114)^4-3) -> 0.3265051 | AI28: =AH28/AE28 -> 7.6209138 | AL28: 1.25 | AM28: -5 | AN28: 1.31 | AO28: 2.05 | AP28: 2.6 | AQ28: 2.95 | AR28: 3.6
A29: 5.2 | B29: 38 | C29: 57 | D29: 0.9 | E29: 0.61 | F29: 51 | G29: 35 | H29: 0.106 | K29: 5.2 | L29: =B29*100 -> 3800 | M29: =L29/C29 -> 66.666667 | N29: =18.5 -> 18.5 | O29: =N21-10 -> 8.5 | P29: =N29*K29 -> 96.2 | Q29: =O29*K29 -> 44.2 | S29: =(M29/(L29-P29))*100 -> 1.7999532 | T29: =((AJ84-1.64)*0.3)+0.5 -> 0.67471684 | U29: =(($L29-$P29)/$R$4)*(($R$4/$Q29)^T29) -> 64.252066 | V29: =((3.47-LOG(U29))^2+(LOG($S29)+1.22)^2)^0.5 -> 2.2223895 | W29: =(L29/$R$4)*($R$4/Q29)^T29 -> 65.920905 | X29: =-(0.403*V29^4)+(5.581*V29^3)-(21.63*V29^2)+(33.75*V29)-17.88 -> 1.7233932 | Y29: =X29*W29 -> 113.60764 | Z29: =-98+66*LOG(10*B29/(SQRT(10*(Q29/100)))) -> 50.966782 | AA29: =IF(Z29<40,1,0.75) -> 0.75 | AB29: =IF(P29/$R$4<=1,1,(P29/$R$4)^(AA29-1)) -> 1 | AC29: =IF(K29<9.15,1-0.00765*K29,1.174-0.0267*K29) -> 0.96022 | AD29: =0.65*AC29*($R$7)*(P29/Q29) -> 0.27711949 | AE29: =AD29/($R$22*AB29) -> 0.042775144 | AF29: =93*(Y29/1000)^3+0.08 -> 0.21636583 | AG29: =AF29/AE29 -> 5.0582139 | AH29: =EXP((Y29/540)+(Y29/67)^2-(Y29/80)^3+(Y29/114)^4-3) -> 0.1666275 | AI29: =AH29/AE29 -> 3.8954283 | AL29: 1.25 | AM29: -5.2 | AN29: 1.31 | AO29: 2.05 | AP29: 2.6 | AQ29: 2.95 | AR29: 3.6
A30: 5.4 | B30: 48 | C30: 60 | D30: 0.91 | E30: 0.63 | F30: 58 | G30: 36 | H30: 0.125 | K30: 5.4 | L30: =B30*100 -> 4800 | M30: =L30/C30 -> 80 | N30: =18.5 -> 18.5 | O30: =N22-10 -> 8.5 | P30: =N30*K30 -> 99.9 | Q30: =O30*K30 -> 45.9 | S30: =(M30/(L30-P30))*100 -> 1.7020914 | T30: =((AJ85-1.64)*0.3)+0.5 -> 0.65104655 | U30: =(($L30-$P30)/$R$4)*(($R$4/$Q30)^T30) -> 78.033805 | V30: =((3.47-LOG(U30))^2+(LOG($S30)+1.22)^2)^0.5 -> 2.1434885 | W30: =(L30/$R$4)*($R$4/Q30)^T30 -> 79.692403 | X30: =-(0.403*V30^4)+(5.581*V30^3)-(21.63*V30^2)+(33.75*V30)-17.88 -> 1.5391547 | Y30: =X30*W30 -> 122.65893 | Z30: =-98+66*LOG(10*B30/(SQRT(10*(Q30/100)))) -> 57.122103 | AA30: =IF(Z30<40,1,0.75) -> 0.75 | AB30: =IF(P30/$R$4<=1,1,(P30/$R$4)^(AA30-1)) -> 1 | AC30: =IF(K30<9.15,1-0.00765*K30,1.174-0.0267*K30) -> 0.95869 | AD30: =0.65*AC30*($R$7)*(P30/Q30) -> 0.27667793 | AE30: =AD30/($R$22*AB30) -> 0.042706986 | AF30: =93*(Y30/1000)^3+0.08 -> 0.25162498 | AG30: =AF30/AE30 -> 5.8918926 | AH30: =EXP((Y30/540)+(Y30/67)^2-(Y30/80)^3+(Y30/114)^4-3) -> 0.1853681 | AI30: =AH30/AE30 -> 4.3404633 | AL30: 1.25 | AM30: -5.4 | AN30: 1.31 | AO30: 2.05 | AP30: 2.6 | AQ30: 2.95 | AR30: 3.6
A31: 5.6 | B31: 42 | C31: 42 | D31: 0.9 | E31: 0.65 | F31: 53 | G31: 35 | H31: 0.111 | K31: 5.6 | L31: =B31*100 -> 4200 | M31: =L31/C31 -> 100 | N31: =18.5 -> 18.5 | O31: =N23-10 -> 8.5 | P31: =N31*K31 -> 103.6 | Q31: =O31*K31 -> 47.6 | S31: =(M31/(L31-P31))*100 -> 2.4411679 | T31: =((AJ86-1.64)*0.3)+0.5 -> 0.69553321 | U31: =(($L31-$P31)/$R$4)*(($R$4/$Q31)^T31) -> 68.649508 | V31: =((3.47-LOG(U31))^2+(LOG($S31)+1.22)^2)^0.5 -> 2.2917774 | W31: =(L31/$R$4)*($R$4/Q31)^T31 -> 70.385688 | X31: =-(0.403*V31^4)+(5.581*V31^3)-(21.63*V31^2)+(33.75*V31)-17.88 -> 1.9226214 | Y31: =X31*W31 -> 135.32503 | Z31: =-98+66*LOG(10*B31/(SQRT(10*(Q31/100)))) -> 52.773424 | AA31: =IF(Z31<40,1,0.75) -> 0.75 | AB31: =IF(P31/$R$4<=1,1,(P31/$R$4)^(AA31-1)) -> 0.99119719 | AC31: =IF(K31<9.15,1-0.00765*K31,1.174-0.0267*K31) -> 0.95716 | AD31: =0.65*AC31*($R$7)*(P31/Q31) -> 0.27623638 | AE31: =AD31/($R$22*AB31) -> 0.043017504 | AF31: =93*(Y31/1000)^3+0.08 -> 0.31047156 | AG31: =AF31/AE31 -> 7.2173309 | AH31: =EXP((Y31/540)+(Y31/67)^2-(Y31/80)^3+(Y31/114)^4-3) -> 0.21772836 | AI31: =AH31/AE31 -> 5.0613898 | AL31: 1.25 | AM31: -5.6 | AN31: 1.31 | AO31: 2.05 | AP31: 2.6 | AQ31: 2.95 | AR31: 3.6
A32: 5.8 | B32: 30 | C32: 56 | D32: 0.88 | E32: 0.67 | F32: 41 | G32: 34 | H32: 0.081 | K32: 5.8 | L32: =B32*100 -> 3000 | M32: =L32/C32 -> 53.571429 | N32: =18.5 -> 18.5 | O32: =N24-10 -> 8.5 | P32: =N32*K32 -> 107.3 | Q32: =O32*K32 -> 49.3 | S32: =(M32/(L32-P32))*100 -> 1.8519525 | T32: =((AJ87-1.64)*0.3)+0.5 -> 0.70662452 | U32: =(($L32-$P32)/$R$4)*(($R$4/$Q32)^T32) -> 47.680993 | V32: =((3.47-LOG(U32))^2+(LOG($S32)+1.22)^2)^0.5 -> 2.3287484 | W32: =(L32/$R$4)*($R$4/Q32)^T32 -> 49.449642 | X32: =-(0.403*V32^4)+(5.581*V32^3)-(21.63*V32^2)+(33.75*V32)-17.88 -> 2.0444185 | Y32: =X32*W32 -> 101.09577 | Z32: =-98+66*LOG(10*B32/(SQRT(10*(Q32/100)))) -> 42.626054 | AA32: =IF(Z32<40,1,0.75) -> 0.75 | AB32: =IF(P32/$R$4<=1,1,(P32/$R$4)^(AA32-1)) -> 0.98253961 | AC32: =IF(K32<9.15,1-0.00765*K32,1.174-0.0267*K32) -> 0.95563 | AD32: =0.65*AC32*($R$7)*(P32/Q32) -> 0.27579482 | AE32: =AD32/($R$22*AB32) -> 0.043327181 | AF32: =93*(Y32/1000)^3+0.08 -> 0.17609081 | AG32: =AF32/AE32 -> 4.064211 | AH32: =EXP((Y32/540)+(Y32/67)^2-(Y32/80)^3+(Y32/114)^4-3) -> 0.14433686 | AI32: =AH32/AE32 -> 3.3313236 | AL32: 1.25 | AM32: -5.8 | AN32: 1.31 | AO32: 2.05 | AP32: 2.6 | AQ32: 2.95 | AR32: 3.6
A33: 6,00 | B33: 32 | C33: 53 | D33: 0.88 | E33: 0.68 | F33: 42 | G33: 34 | H33: 0.085 | K33: 6 | L33: =B33*100 -> 3200 | M33: =L33/C33 -> 60.377358 | N33: =18.5 -> 18.5 | O33: =N25-10 -> 8.5 | P33: =N33*K33 -> 111 | Q33: =O33*K33 -> 51 | S33: =(M33/(L33-P33))*100 -> 1.9545924 | T33: =((AJ88-1.64)*0.3)+0.5 -> 0.70696739 | U33: =(($L33-$P33)/$R$4)*(($R$4/$Q33)^T33) -> 49.722878 | V33: =((3.47-LOG(U33))^2+(LOG($S33)+1.22)^2)^0.5 -> 2.3298913 | W33: =(L33/$R$4)*($R$4/Q33)^T33 -> 51.509618 | X33: =-(0.403*V33^4)+(5.581*V33^3)-(21.63*V33^2)+(33.75*V33)-17.88 -> 2.0483659 | Y33: =X33*W33 -> 105.51055 | Z33: =-98+66*LOG(10*B33/(SQRT(10*(Q33/100)))) -> 43.990083 | AA33: =IF(Z33<40,1,0.75) -> 0.75 | AB33: =IF(P33/$R$4<=1,1,(P33/$R$4)^(AA33-1)) -> 0.9742474 | AC33: =IF(K33<9.15,1-0.00765*K33,1.174-0.0267*K33) -> 0.9541 | AD33: =0.65*AC33*($R$7)*(P33/Q33) -> 0.27535326 | AE33: =AD33/($R$22*AB33) -> 0.043625997 | AF33: =93*(Y33/1000)^3+0.08 -> 0.1892372 | AG33: =AF33/AE33 -> 4.3377162 | AH33: =EXP((Y33/540)+(Y33/67)^2-(Y33/80)^3+(Y33/114)^4-3) -> 0.15182668 | AI33: =AH33/AE33 -> 3.4801882 | AL33: 1.25 | AM33: -6 | AN33: 1.31 | AO33: 2.05 | AP33: 2.6 | AQ33: 2.95 | AR33: 3.6
A34: 6.2 | B34: 37 | C34: 37 | D34: 0.89 | E34: 0.7 | F34: 46 | G34: 35 | H34: 0.095 | K34: 6.2 | L34: =B34*100 -> 3700 | M34: =L34/C34 -> 100 | N34: =18.5 -> 18.5 | O34: =N26-10 -> 8.5 | P34: =N34*K34 -> 114.7 | Q34: =O34*K34 -> 52.7 | S34: =(M34/(L34-P34))*100 -> 2.7891669 | T34: =((AJ89-1.64)*0.3)+0.5 -> 0.72492727 | U34: =(($L34-$P34)/$R$4)*(($R$4/$Q34)^T34) -> 57.041715 | V34: =((3.47-LOG(U34))^2+(LOG($S34)+1.22)^2)^0.5 -> 2.3897576 | W34: =(L34/$R$4)*($R$4/Q34)^T34 -> 58.866579 | X34: =-(0.403*V34^4)+(5.581*V34^3)-(21.63*V34^2)+(33.75*V34)-17.88 -> 2.2710512 | Y34: =X34*W34 -> 133.68901 | Z34: =-98+66*LOG(10*B34/(SQRT(10*(Q34/100)))) -> 47.681563 | AA34: =IF(Z34<40,1,0.75) -> 0.75 | AB34: =IF(P34/$R$4<=1,1,(P34/$R$4)^(AA34-1)) -> 0.96629369 | AC34: =IF(K34<9.15,1-0.00765*K34,1.174-0.0267*K34) -> 0.95257 | AD34: =0.65*AC34*($R$7)*(P34/Q34) -> 0.2749117 | AE34: =AD34/($R$22*AB34) -> 0.043914555 | AF34: =93*(Y34/1000)^3+0.08 -> 0.30221333 | AG34: =AF34/AE34 -> 6.881849 | AH34: =EXP((Y34/540)+(Y34/67)^2-(Y34/80)^3+(Y34/114)^4-3) -> 0.21300538 | AI34: =AH34/AE34 -> 4.8504506 | AL34: 1.25 | AM34: -6.2 | AN34: 1.31 | AO34: 2.05 | AP34: 2.6 | AQ34: 2.95 | AR34: 3.6
A35: 6.4 | B35: 41 | C35: 56 | D35: 0.9 | E35: 0.72 | F35: 49 | G35: 35 | H35: 0.102 | K35: 6.4 | L35: =B35*100 -> 4100 | M35: =L35/C35 -> 73.214286 | N35: =18.5 -> 18.5 | O35: =N27-10 -> 8.5 | P35: =N35*K35 -> 118.4 | Q35: =O35*K35 -> 54.4 | S35: =(M35/(L35-P35))*100 -> 1.8388157 | T35: =((AJ90-1.64)*0.3)+0.5 -> 0.68270288 | U35: =(($L35-$P35)/$R$4)*(($R$4/$Q35)^T35) -> 60.334403 | V35: =((3.47-LOG(U35))^2+(LOG($S35)+1.22)^2)^0.5 -> 2.2490096 | W35: =(L35/$R$4)*($R$4/Q35)^T35 -> 62.128555 | X35: =-(0.403*V35^4)+(5.581*V35^3)-(21.63*V35^2)+(33.75*V35)-17.88 -> 1.7954699 | Y35: =X35*W35 -> 111.54995 | Z35: =-98+66*LOG(10*B35/(SQRT(10*(Q35/100)))) -> 50.168971 | AA35: =IF(Z35<40,1,0.75) -> 0.75 | AB35: =IF(P35/$R$4<=1,1,(P35/$R$4)^(AA35-1)) -> 0.95865441 | AC35: =IF(K35<9.15,1-0.00765*K35,1.174-0.0267*K35) -> 0.95104 | AD35: =0.65*AC35*($R$7)*(P35/Q35) -> 0.27447014 | AE35: =AD35/($R$22*AB35) -> 0.044193402 | AF35: =93*(Y35/1000)^3+0.08 -> 0.20908956 | AG35: =AF35/AE35 -> 4.7312392 | AH35: =EXP((Y35/540)+(Y35/67)^2-(Y35/80)^3+(Y35/114)^4-3) -> 0.16271731 | AI35: =AH35/AE35 -> 3.6819368 | AL35: 1.25 | AM35: -6.4 | AN35: 1.31 | AO35: 2.05 | AP35: 2.6 | AQ35: 2.95 | AR35: 3.6
A36: 6.6 | B36: 33 | C36: 45 | D36: 0.88 | E36: 0.74 | F36: 41 | G36: 34 | H36: 0.083 | K36: 6.6 | L36: =B36*100 -> 3300 | M36: =L36/C36 -> 73.333333 | N36: =18.5 -> 18.5 | O36: =N28-10 -> 8.5 | P36: =N36*K36 -> 122.1 | Q36: =O36*K36 -> 56.1 | S36: =(M36/(L36-P36))*100 -> 2.3076036 | T36: =((AJ91-1.64)*0.3)+0.5 -> 0.72402419 | U36: =(($L36-$P36)/$R$4)*(($R$4/$Q36)^T36) -> 48.294446 | V36: =((3.47-LOG(U36))^2+(LOG($S36)+1.22)^2)^0.5 -> 2.3867473 | W36: =(L36/$R$4)*($R$4/Q36)^T36 -> 50.149996 | X36: =-(0.403*V36^4)+(5.581*V36^3)-(21.63*V36^2)+(33.75*V36)-17.88 -> 2.2590901 | Y36: =X36*W36 -> 113.29336 | Z36: =-98+66*LOG(10*B36/(SQRT(10*(Q36/100)))) -> 43.506146 | AA36: =IF(Z36<40,1,0.75) -> 0.75 | AB36: =IF(P36/$R$4<=1,1,(P36/$R$4)^(AA36-1)) -> 0.95130786 | AC36: =IF(K36<9.15,1-0.00765*K36,1.174-0.0267*K36) -> 0.94951 | AD36: =0.65*AC36*($R$7)*(P36/Q36) -> 0.27402859 | AE36: =AD36/($R$22*AB36) -> 0.044463044 | AF36: =93*(Y36/1000)^3+0.08 -> 0.21523724 | AG36: =AF36/AE36 -> 4.8408122 | AH36: =EXP((Y36/540)+(Y36/67)^2-(Y36/80)^3+(Y36/114)^4-3) -> 0.166023 | AI36: =AH36/AE36 -> 3.7339548 | AL36: 1.25 | AM36: -6.6 | AN36: 1.31 | AO36: 2.05 | AP36: 2.6 | AQ36: 2.95 | AR36: 3.6
A37: 6.8 | B37: 26 | C37: 65 | D37: 0.87 | E37: 0.75 | F37: 33 | G37: 33 | H37: 0.063 | K37: 6.8 | L37: =B37*100 -> 2600 | M37: =L37/C37 -> 40 | N37: =18.5 -> 18.5 | O37: =N29-10 -> 8.5 | P37: =N37*K37 -> 125.8 | Q37: =O37*K37 -> 57.8 | S37: =(M37/(L37-P37))*100 -> 1.6166842 | T37: =((AJ92-1.64)*0.3)+0.5 -> 0.72226017 | U37: =(($L37-$P37)/$R$4)*(($R$4/$Q37)^T37) -> 36.760791 | V37: =((3.47-LOG(U37))^2+(LOG($S37)+1.22)^2)^0.5 -> 2.3808672 | W37: =(L37/$R$4)*($R$4/Q37)^T37 -> 38.629883 | X37: =-(0.403*V37^4)+(5.581*V37^3)-(21.63*V37^2)+(33.75*V37)-17.88 -> 2.2359641 | Y37: =X37*W37 -> 86.375031 | Z37: =-98+66*LOG(10*B37/(SQRT(10*(Q37/100)))) -> 36.244622 | AA37: =IF(Z37<40,1,0.75) -> 1 | AB37: =IF(P37/$R$4<=1,1,(P37/$R$4)^(AA37-1)) -> 1 | AC37: =IF(K37<9.15,1-0.00765*K37,1.174-0.0267*K37) -> 0.94798 | AD37: =0.65*AC37*($R$7)*(P37/Q37) -> 0.27358703 | AE37: =AD37/($R$22*AB37) -> 0.042229885 | AF37: =93*(Y37/1000)^3+0.08 -> 0.13993046 | AG37: =AF37/AE37 -> 3.313541 | AH37: =EXP((Y37/540)+(Y37/67)^2-(Y37/80)^3+(Y37/114)^4-3) -> 0.12158724 | AI37: =AH37/AE37 -> 2.8791752 | AL37: 1.25 | AM37: -6.8 | AN37: 1.31 | AO37: 2.05 | AP37: 2.6 | AQ37: 2.95 | AR37: 3.6
A38: 7,00 | B38: 20 | C38: 25 | D38: 0.93 | E38: 0.77 | F38: 23 | G38: 31 | H38: 0.044 | K38: 7 | L38: =B38*100 -> 2000 | M38: =L38/C38 -> 80 | N38: =18.5 -> 18.5 | O38: =N30-10 -> 8.5 | P38: =N38*K38 -> 129.5 | Q38: =O38*K38 -> 59.5 | S38: =(M38/(L38-P38))*100 -> 4.2769313 | T38: =((AJ93-1.64)*0.3)+0.5 -> 0.82805633 | U38: =(($L38-$P38)/$R$4)*(($R$4/$Q38)^T38) -> 28.752153 | V38: =((3.47-LOG(U38))^2+(LOG($S38)+1.22)^2)^0.5 -> 2.7335211 | W38: =(L38/$R$4)*($R$4/Q38)^T38 -> 30.742745 | X38: =-(0.403*V38^4)+(5.581*V38^3)-(21.63*V38^2)+(33.75*V38)-17.88 -> 4.2466629 | Y38: =X38*W38 -> 130.55408 | Z38: =-98+66*LOG(10*B38/(SQRT(10*(Q38/100)))) -> 28.30892 | AA38: =IF(Z38<40,1,0.75) -> 1 | AB38: =IF(P38/$R$4<=1,1,(P38/$R$4)^(AA38-1)) -> 1 | AC38: =IF(K38<9.15,1-0.00765*K38,1.174-0.0267*K38) -> 0.94645 | AD38: =0.65*AC38*($R$7)*(P38/Q38) -> 0.27314547 | AE38: =AD38/($R$22*AB38) -> 0.042161728 | AF38: =93*(Y38/1000)^3+0.08 -> 0.28694468 | AG38: =AF38/AE38 -> 6.8058092 | AH38: =EXP((Y38/540)+(Y38/67)^2-(Y38/80)^3+(Y38/114)^4-3) -> 0.2044614 | AI38: =AH38/AE38 -> 4.8494549 | AL38: 1.25 | AM38: -7 | AN38: 1.31 | AO38: 2.05 | AP38: 2.6 | AQ38: 2.95 | AR38: 3.6
A39: 7.2 | B39: 10 | C39: 25 | D39: 0.9 | E39: 0.79 | F39: -- | G39: -- | H39: -- | K39: 7.2 | L39: =B39*100 -> 1000 | M39: =L39/C39 -> 40 | N39: =18.5 -> 18.5 | O39: =N31-10 -> 8.5 | P39: =N39*K39 -> 133.2 | Q39: =O39*K39 -> 61.2 | S39: =(M39/(L39-P39))*100 -> 4.6146747 | T39: =((AJ94-1.64)*0.3)+0.5 -> 0.90887316 | U39: =(($L39-$P39)/$R$4)*(($R$4/$Q39)^T39) -> 13.543622 | V39: =((3.47-LOG(U39))^2+(LOG($S39)+1.22)^2)^0.5 -> 3.0029105 | W39: =(L39/$R$4)*($R$4/Q39)^T39 -> 15.624852 | X39: =-(0.403*V39^4)+(5.581*V39^3)-(21.63*V39^2)+(33.75*V39)-17.88 -> 6.776461 | Y39: =X39*W39 -> 105.8812 | Z39: =-98+66*LOG(10*B39/(SQRT(10*(Q39/100)))) -> 8.0372031 | AA39: =IF(Z39<40,1,0.75) -> 1 | AB39: =IF(P39/$R$4<=1,1,(P39/$R$4)^(AA39-1)) -> 1 | AC39: =IF(K39<9.15,1-0.00765*K39,1.174-0.0267*K39) -> 0.94492 | AD39: =0.65*AC39*($R$7)*(P39/Q39) -> 0.27270391 | AE39: =AD39/($R$22*AB39) -> 0.042093571 | AF39: =93*(Y39/1000)^3+0.08 -> 0.19039248 | AG39: =AF39/AE39 -> 4.5230775 | AH39: =EXP((Y39/540)+(Y39/67)^2-(Y39/80)^3+(Y39/114)^4-3) -> 0.15247236 | AI39: =AH39/AE39 -> 3.6222243 | AL39: 1.25 | AM39: -7.2 | AN39: 1.31 | AO39: 2.05 | AP39: 2.6 | AQ39: 2.95 | AR39: 3.6
A40: 7.4 | B40: 40 | C40: 46 | D40: 0.9 | E40: 0.81 | F40: 46 | G40: 34 | H40: 0.093 | K40: 7.4 | L40: =B40*100 -> 4000 | M40: =L40/C40 -> 86.956522 | N40: =18.5 -> 18.5 | O40: =N32-10 -> 8.5 | P40: =N40*K40 -> 136.9 | Q40: =O40*K40 -> 62.9 | S40: =(M40/(L40-P40))*100 -> 2.2509519 | T40: =((AJ95-1.64)*0.3)+0.5 -> 0.71151398 | U40: =(($L40-$P40)/$R$4)*(($R$4/$Q40)^T40) -> 53.727772 | V40: =((3.47-LOG(U40))^2+(LOG($S40)+1.22)^2)^0.5 -> 2.3450466 | W40: =(L40/$R$4)*($R$4/Q40)^T40 -> 55.631769 | X40: =-(0.403*V40^4)+(5.581*V40^3)-(21.63*V40^2)+(33.75*V40)-17.88 -> 2.1017655 | Y40: =X40*W40 -> 116.92494 | Z40: =-98+66*LOG(10*B40/(SQRT(10*(Q40/100)))) -> 47.380488 | AA40: =IF(Z40<40,1,0.75) -> 0.75 | AB40: =IF(P40/$R$4<=1,1,(P40/$R$4)^(AA40-1)) -> 0.92448344 | AC40: =IF(K40<9.15,1-0.00765*K40,1.174-0.0267*K40) -> 0.94339 | AD40: =0.65*AC40*($R$7)*(P40/Q40) -> 0.27226235 | AE40: =AD40/($R$22*AB40) -> 0.045458265 | AF40: =93*(Y40/1000)^3+0.08 -> 0.22866351 | AG40: =AF40/AE40 -> 5.0301855 | AH40: =EXP((Y40/540)+(Y40/67)^2-(Y40/80)^3+(Y40/114)^4-3) -> 0.17318133 | AI40: =AH40/AE40 -> 3.8096775 | AL40: 1.25 | AM40: -7.4 | AN40: 1.31 | AO40: 2.05 | AP40: 2.6 | AQ40: 2.95 | AR40: 3.6
A41: 7.6 | B41: 35 | C41: 52 | D41: 0.89 | E41: 0.83 | F41: 41 | G41: 34 | H41: 0.081 | K41: 7.6 | L41: =B41*100 -> 3500 | M41: =L41/C41 -> 67.307692 | N41: =18.5 -> 18.5 | O41: =N33-10 -> 8.5 | P41: =N41*K41 -> 140.6 | Q41: =O41*K41 -> 64.6 | S41: =(M41/(L41-P41))*100 -> 2.0035629 | T41: =((AJ96-1.64)*0.3)+0.5 -> 0.71689226 | U41: =(($L41-$P41)/$R$4)*(($R$4/$Q41)^T41) -> 45.952015 | V41: =((3.47-LOG(U41))^2+(LOG($S41)+1.22)^2)^0.5 -> 2.3629742 | W41: =(L41/$R$4)*($R$4/Q41)^T41 -> 47.875231 | X41: =-(0.403*V41^4)+(5.581*V41^3)-(21.63*V41^2)+(33.75*V41)-17.88 -> 2.1675079 | Y41: =X41*W41 -> 103.76994 | Z41: =-98+66*LOG(10*B41/(SQRT(10*(Q41/100)))) -> 43.170818 | AA41: =IF(Z41<40,1,0.75) -> 0.75 | AB41: =IF(P41/$R$4<=1,1,(P41/$R$4)^(AA41-1)) -> 0.91834036 | AC41: =IF(K41<9.15,1-0.00765*K41,1.174-0.0267*K41) -> 0.94186 | AD41: =0.65*AC41*($R$7)*(P41/Q41) -> 0.2718208 | AE41: =AD41/($R$22*AB41) -> 0.045688133 | AF41: =93*(Y41/1000)^3+0.08 -> 0.18391966 | AG41: =AF41/AE41 -> 4.0255454 | AH41: =EXP((Y41/540)+(Y41/67)^2-(Y41/80)^3+(Y41/114)^4-3) -> 0.14883056 | AI41: =AH41/AE41 -> 3.2575321 | AL41: 1.25 | AM41: -7.6 | AN41: 1.31 | AO41: 2.05 | AP41: 2.6 | AQ41: 2.95 | AR41: 3.6
A42: 7.8 | B42: 44 | C42: 35 | D42: 0.91 | E42: 0.85 | F42: 48 | G42: 35 | H42: 0.099 | K42: 7.8 | L42: =B42*100 -> 4400 | M42: =L42/C42 -> 125.71429 | N42: =18.5 -> 18.5 | O42: =N34-10 -> 8.5 | P42: =N42*K42 -> 144.3 | Q42: =O42*K42 -> 66.3 | S42: =(M42/(L42-P42))*100 -> 2.9540213 | T42: =((AJ97-1.64)*0.3)+0.5 -> 0.72952337 | U42: =(($L42-$P42)/$R$4)*(($R$4/$Q42)^T42) -> 57.435586 | V42: =((3.47-LOG(U42))^2+(LOG($S42)+1.22)^2)^0.5 -> 2.4050779 | W42: =(L42/$R$4)*($R$4/Q42)^T42 -> 59.383081 | X42: =-(0.403*V42^4)+(5.581*V42^3)-(21.63*V42^2)+(33.75*V42)-17.88 -> 2.3332156 | Y42: =X42*W42 -> 138.55353 | Z42: =-98+66*LOG(10*B42/(SQRT(10*(Q42/100)))) -> 49.35793 | AA42: =IF(Z42<40,1,0.75) -> 0.75 | AB42: =IF(P42/$R$4<=1,1,(P42/$R$4)^(AA42-1)) -> 0.91239609 | AC42: =IF(K42<9.15,1-0.00765*K42,1.174-0.0267*K42) -> 0.94033 | AD42: =0.65*AC42*($R$7)*(P42/Q42) -> 0.27137924 | AE42: =AD42/($R$22*AB42) -> 0.04591109 | AF42: =93*(Y42/1000)^3+0.08 -> 0.32736357 | AG42: =AF42/AE42 -> 7.1303811 | AH42: =EXP((Y42/540)+(Y42/67)^2-(Y42/80)^3+(Y42/114)^4-3) -> 0.22765267 | AI42: =AH42/AE42 -> 4.9585552 | AL42: 1.25 | AM42: -7.8 | AN42: 1.31 | AO42: 2.05 | AP42: 2.6 | AQ42: 2.95 | AR42: 3.6
A43: 8,00 | B43: 37 | C43: 62 | D43: 0.89 | E43: 0.86 | F43: 41 | G43: 34 | H43: 0.083 | K43: 8 | L43: =B43*100 -> 3700 | M43: =L43/C43 -> 59.677419 | N43: =18.5 -> 18.5 | O43: =N35-10 -> 8.5 | P43: =N43*K43 -> 148 | Q43: =O43*K43 -> 68 | S43: =(M43/(L43-P43))*100 -> 1.6801075 | T43: =((AJ98-1.64)*0.3)+0.5 -> 0.70103253 | U43: =(($L43-$P43)/$R$4)*(($R$4/$Q43)^T43) -> 46.546782 | V43: =((3.47-LOG(U43))^2+(LOG($S43)+1.22)^2)^0.5 -> 2.3101084 | W43: =(L43/$R$4)*($R$4/Q43)^T43 -> 48.486231 | X43: =-(0.403*V43^4)+(5.581*V43^3)-(21.63*V43^2)+(33.75*V43)-17.88 -> 1.9815949 | Y43: =X43*W43 -> 96.08007 | Z43: =-98+66*LOG(10*B43/(SQRT(10*(Q43/100)))) -> 44.02852 | AA43: =IF(Z43<40,1,0.75) -> 0.75 | AB43: =IF(P43/$R$4<=1,1,(P43/$R$4)^(AA43-1)) -> 0.90663936 | AC43: =IF(K43<9.15,1-0.00765*K43,1.174-0.0267*K43) -> 0.9388 | AD43: =0.65*AC43*($R$7)*(P43/Q43) -> 0.27093768 | AE43: =AD43/($R$22*AB43) -> 0.046127428 | AF43: =93*(Y43/1000)^3+0.08 -> 0.1624865 | AG43: =AF43/AE43 -> 3.5225572 | AH43: =EXP((Y43/540)+(Y43/67)^2-(Y43/80)^3+(Y43/114)^4-3) -> 0.13623206 | AI43: =AH43/AE43 -> 2.9533851 | AL43: 1.25 | AM43: -8 | AN43: 1.31 | AO43: 2.05 | AP43: 2.6 | AQ43: 2.95 | AR43: 3.6
A44: 8.2 | B44: 49 | C44: 46 | D44: 0.92 | E44: 0.88 | F44: 51 | G44: 35 | H44: 0.105 | K44: 8.2 | L44: =B44*100 -> 4900 | M44: =L44/C44 -> 106.52174 | N44: =18.5 -> 18.5 | O44: =N36-10 -> 8.5 | P44: =N44*K44 -> 151.7 | Q44: =O44*K44 -> 69.7 | S44: =(M44/(L44-P44))*100 -> 2.2433658 | T44: =((AJ99-1.64)*0.3)+0.5 -> 0.69886398 | U44: =(($L44-$P44)/$R$4)*(($R$4/$Q44)^T44) -> 61.107866 | V44: =((3.47-LOG(U44))^2+(LOG($S44)+1.22)^2)^0.5 -> 2.3028799 | W44: =(L44/$R$4)*($R$4/Q44)^T44 -> 63.060157 | X44: =-(0.403*V44^4)+(5.581*V44^3)-(21.63*V44^2)+(33.75*V44)-17.88 -> 1.9580112 | Y44: =X44*W44 -> 123.47249 | Z44: =-98+66*LOG(10*B44/(SQRT(10*(Q44/100)))) -> 51.72626 | AA44: =IF(Z44<40,1,0.75) -> 0.75 | AB44: =IF(P44/$R$4<=1,1,(P44/$R$4)^(AA44-1)) -> 0.90105978 | AC44: =IF(K44<9.15,1-0.00765*K44,1.174-0.0267*K44) -> 0.93727 | AD44: =0.65*AC44*($R$7)*(P44/Q44) -> 0.27049612 | AE44: =AD44/($R$22*AB44) -> 0.046337419 | AF44: =93*(Y44/1000)^3+0.08 -> 0.25506268 | AG44: =AF44/AE44 -> 5.5044645 | AH44: =EXP((Y44/540)+(Y44/67)^2-(Y44/80)^3+(Y44/114)^4-3) -> 0.18719925 | AI44: =AH44/AE44 -> 4.0399153 | AL44: 1.25 | AM44: -8.2 | AN44: 1.31 | AO44: 2.05 | AP44: 2.6 | AQ44: 2.95 | AR44: 3.6
A45: 8.4 | B45: 56 | C45: 40 | D45: 0.93 | E45: 0.9 | F45: 55 | G45: 36 | H45: 0.116 | K45: 8.4 | L45: =B45*100 -> 5600 | M45: =L45/C45 -> 140 | N45: =18.5 -> 18.5 | O45: =N37-10 -> 8.5 | P45: =N45*K45 -> 155.4 | Q45: =O45*K45 -> 71.4 | S45: =(M45/(L45-P45))*100 -> 2.5713551 | T45: =((AJ100-1.64)*0.3)+0.5 -> 0.69993125 | U45: =(($L45-$P45)/$R$4)*(($R$4/$Q45)^T45) -> 68.923476 | V45: =((3.47-LOG(U45))^2+(LOG($S45)+1.22)^2)^0.5 -> 2.3064375 | W45: =(L45/$R$4)*($R$4/Q45)^T45 -> 70.890693 | X45: =-(0.403*V45^4)+(5.581*V45^3)-(21.63*V45^2)+(33.75*V45)-17.88 -> 1.9695643 | Y45: =X45*W45 -> 139.62378 | Z45: =-98+66*LOG(10*B45/(SQRT(10*(Q45/100)))) -> 55.208369 | AA45: =IF(Z45<40,1,0.75) -> 0.75 | AB45: =IF(P45/$R$4<=1,1,(P45/$R$4)^(AA45-1)) -> 0.89564776 | AC45: =IF(K45<9.15,1-0.00765*K45,1.174-0.0267*K45) -> 0.93574 | AD45: =0.65*AC45*($R$7)*(P45/Q45) -> 0.27005456 | AE45: =AD45/($R$22*AB45) -> 0.046541318 | AF45: =93*(Y45/1000)^3+0.08 -> 0.33314019 | AG45: =AF45/AE45 -> 7.1579449 | AH45: =EXP((Y45/540)+(Y45/67)^2-(Y45/80)^3+(Y45/114)^4-3) -> 0.2311372 | AI45: =AH45/AE45 -> 4.9662796 | AL45: 1.25 | AM45: -8.4 | AN45: 1.31 | AO45: 2.05 | AP45: 2.6 | AQ45: 2.95 | AR45: 3.6
A46: 8.6 | B46: 55 | C46: 46 | D46: 0.93 | E46: 0.92 | F46: 54 | G46: 35 | H46: 0.113 | K46: 8.6 | L46: =B46*100 -> 5500 | M46: =L46/C46 -> 119.56522 | N46: =18.5 -> 18.5 | O46: =N38-10 -> 8.5 | P46: =N46*K46 -> 159.1 | Q46: =O46*K46 -> 73.1 | S46: =(M46/(L46-P46))*100 -> 2.2386717 | T46: =((AJ101-1.64)*0.3)+0.5 -> 0.69091838 | U46: =(($L46-$P46)/$R$4)*(($R$4/$Q46)^T46) -> 66.318765 | V46: =((3.47-LOG(U46))^2+(LOG($S46)+1.22)^2)^0.5 -> 2.2763946 | W46: =(L46/$R$4)*($R$4/Q46)^T46 -> 68.294334 | X46: =-(0.403*V46^4)+(5.581*V46^3)-(21.63*V46^2)+(33.75*V46)-17.88 -> 1.8752316 | Y46: =X46*W46 -> 128.06769 | Z46: =-98+66*LOG(10*B46/(SQRT(10*(Q46/100)))) -> 54.354664 | AA46: =IF(Z46<40,1,0.75) -> 0.75 | AB46: =IF(P46/$R$4<=1,1,(P46/$R$4)^(AA46-1)) -> 0.89039447 | AC46: =IF(K46<9.15,1-0.00765*K46,1.174-0.0267*K46) -> 0.93421 | AD46: =0.65*AC46*($R$7)*(P46/Q46) -> 0.26961301 | AE46: =AD46/($R$22*AB46) -> 0.046739363 | AF46: =93*(Y46/1000)^3+0.08 -> 0.27534474 | AG46: =AF46/AE46 -> 5.8910676 | AH46: =EXP((Y46/540)+(Y46/67)^2-(Y46/80)^3+(Y46/114)^4-3) -> 0.19810675 | AI46: =AH46/AE46 -> 4.2385419 | AL46: 1.25 | AM46: -8.6 | AN46: 1.31 | AO46: 2.05 | AP46: 2.6 | AQ46: 2.95 | AR46: 3.6
A47: 8.8 | B47: 66 | C47: 49 | D47: 0.94 | E47: 0.94 | F47: 59 | G47: 36 | H47: 0.128 | K47: 8.8 | L47: =B47*100 -> 6600 | M47: =L47/C47 -> 134.69388 | N47: =18.5 -> 18.5 | O47: =N39-10 -> 8.5 | P47: =N47*K47 -> 162.8 | Q47: =O47*K47 -> 74.8 | S47: =(M47/(L47-P47))*100 -> 2.0924296 | T47: =((AJ102-1.64)*0.3)+0.5 -> 0.66937619 | U47: =(($L47-$P47)/$R$4)*(($R$4/$Q47)^T47) -> 78.181549 | V47: =((3.47-LOG(U47))^2+(LOG($S47)+1.22)^2)^0.5 -> 2.2045873 | W47: =(L47/$R$4)*($R$4/Q47)^T47 -> 80.158799 | X47: =-(0.403*V47^4)+(5.581*V47^3)-(21.63*V47^2)+(33.75*V47)-17.88 -> 1.6780819 | Y47: =X47*W47 -> 134.51303 | Z47: =-98+66*LOG(10*B47/(SQRT(10*(Q47/100)))) -> 59.251147 | AA47: =IF(Z47<40,1,0.75) -> 0.75 | AB47: =IF(P47/$R$4<=1,1,(P47/$R$4)^(AA47-1)) -> 0.88529171 | AC47: =IF(K47<9.15,1-0.00765*K47,1.174-0.0267*K47) -> 0.93268 | AD47: =0.65*AC47*($R$7)*(P47/Q47) -> 0.26917145 | AE47: =AD47/($R$22*AB47) -> 0.046931776 | AF47: =93*(Y47/1000)^3+0.08 -> 0.30634766 | AG47: =AF47/AE47 -> 6.5275104 | AH47: =EXP((Y47/540)+(Y47/67)^2-(Y47/80)^3+(Y47/114)^4-3) -> 0.21536011 | AI47: =AH47/AE47 -> 4.588791 | AL47: 1.25 | AM47: -8.8 | AN47: 1.31 | AO47: 2.05 | AP47: 2.6 | AQ47: 2.95 | AR47: 3.6
A48: 9,00 | B48: 50 | C48: 34 | D48: 0.92 | E48: 0.96 | F48: 49 | G48: 35 | H48: 0.102 | K48: 9 | L48: =B48*100 -> 5000 | M48: =L48/C48 -> 147.05882 | N48: =18.5 -> 18.5 | O48: =N40-10 -> 8.5 | P48: =N48*K48 -> 166.5 | Q48: =O48*K48 -> 76.5 | S48: =(M48/(L48-P48))*100 -> 3.0424914 | T48: =((AJ103-1.64)*0.3)+0.5 -> 0.73010366 | U48: =(($L48-$P48)/$R$4)*(($R$4/$Q48)^T48) -> 58.776123 | V48: =((3.47-LOG(U48))^2+(LOG($S48)+1.22)^2)^0.5 -> 2.4070122 | W48: =(L48/$R$4)*($R$4/Q48)^T48 -> 60.800789 | X48: =-(0.403*V48^4)+(5.581*V48^3)-(21.63*V48^2)+(33.75*V48)-17.88 -> 2.3412188 | Y48: =X48*W48 -> 142.34795 | Z48: =-98+66*LOG(10*B48/(SQRT(10*(Q48/100)))) -> 50.971193 | AA48: =IF(Z48<40,1,0.75) -> 0.75 | AB48: =IF(P48/$R$4<=1,1,(P48/$R$4)^(AA48-1)) -> 0.8803319 | AC48: =IF(K48<9.15,1-0.00765*K48,1.174-0.0267*K48) -> 0.93115 | AD48: =0.65*AC48*($R$7)*(P48/Q48) -> 0.26872989 | AE48: =AD48/($R$22*AB48) -> 0.047118769 | AF48: =93*(Y48/1000)^3+0.08 -> 0.34824806 | AG48: =AF48/AE48 -> 7.3908565 | AH48: =EXP((Y48/540)+(Y48/67)^2-(Y48/80)^3+(Y48/114)^4-3) -> 0.24049631 | AI48: =AH48/AE48 -> 5.1040449 | AL48: 1.25 | AM48: -9 | AN48: 1.31 | AO48: 2.05 | AP48: 2.6 | AQ48: 2.95 | AR48: 3.6
A49: 9.2 | B49: 64 | C49: 44 | D49: 0.94 | E49: 0.97 | F49: 57 | G49: 36 | H49: 0.123 | K49: 9.2 | L49: =B49*100 -> 6400 | M49: =L49/C49 -> 145.45455 | N49: =18.5 -> 18.5 | O49: =N41-10 -> 8.5 | P49: =N49*K49 -> 170.2 | Q49: =O49*K49 -> 78.2 | S49: =(M49/(L49-P49))*100 -> 2.3348189 | T49: =((AJ104-1.64)*0.3)+0.5 -> 0.6848441 | U49: =(($L49-$P49)/$R$4)*(($R$4/$Q49)^T49) -> 73.724329 | V49: =((3.47-LOG(U49))^2+(LOG($S49)+1.22)^2)^0.5 -> 2.256147 | W49: =(L49/$R$4)*($R$4/Q49)^T49 -> 75.7385 | X49: =-(0.403*V49^4)+(5.581*V49^3)-(21.63*V49^2)+(33.75*V49)-17.88 -> 1.8157002 | Y49: =X49*W49 -> 137.51841 | Z49: =-98+66*LOG(10*B49/(SQRT(10*(Q49/100)))) -> 57.732055 | AA49: =IF(Z49<40,1,0.75) -> 0.75 | AB49: =IF(P49/$R$4<=1,1,(P49/$R$4)^(AA49-1)) -> 0.87550798 | AC49: =IF(K49<9.15,1-0.00765*K49,1.174-0.0267*K49) -> 0.92836 | AD49: =0.65*AC49*($R$7)*(P49/Q49) -> 0.2679247 | AE49: =AD49/($R$22*AB49) -> 0.047236427 | AF49: =93*(Y49/1000)^3+0.08 -> 0.3218608 | AG49: =AF49/AE49 -> 6.8138261 | AH49: =EXP((Y49/540)+(Y49/67)^2-(Y49/80)^3+(Y49/114)^4-3) -> 0.22437795 | AI49: =AH49/AE49 -> 4.7501042 | AL49: 1.25 | AM49: -9.2 | AN49: 1.31 | AO49: 2.05 | AP49: 2.6 | AQ49: 2.95 | AR49: 3.6
A50: 9.4 | B50: 68 | C50: 42 | D50: 0.95 | E50: 0.99 | F50: 59 | G50: 36 | H50: 0.127 | K50: 9.4 | L50: =B50*100 -> 6800 | M50: =L50/C50 -> 161.90476 | N50: =18.5 -> 18.5 | O50: =N42-10 -> 8.5 | P50: =N50*K50 -> 173.9 | Q50: =O50*K50 -> 79.9 | S50: =(M50/(L50-P50))*100 -> 2.4434398 | T50: =((AJ105-1.64)*0.3)+0.5 -> 0.68472679 | U50: =(($L50-$P50)/$R$4)*(($R$4/$Q50)^T50) -> 77.265713 | V50: =((3.47-LOG(U50))^2+(LOG($S50)+1.22)^2)^0.5 -> 2.255756 | W50: =(L50/$R$4)*($R$4/Q50)^T50 -> 79.293528 | X50: =-(0.403*V50^4)+(5.581*V50^3)-(21.63*V50^2)+(33.75*V50)-17.88 -> 1.8145818 | Y50: =X50*W50 -> 143.88459 | Z50: =-98+66*LOG(10*B50/(SQRT(10*(Q50/100)))) -> 59.161545 | AA50: =IF(Z50<40,1,0.75) -> 0.75 | AB50: =IF(P50/$R$4<=1,1,(P50/$R$4)^(AA50-1)) -> 0.8708134 | AC50: =IF(K50<9.15,1-0.00765*K50,1.174-0.0267*K50) -> 0.92302 | AD50: =0.65*AC50*($R$7)*(P50/Q50) -> 0.26638357 | AE50: =AD50/($R$22*AB50) -> 0.047217907 | AF50: =93*(Y50/1000)^3+0.08 -> 0.35702938 | AG50: =AF50/AE50 -> 7.5613131 | AH50: =EXP((Y50/540)+(Y50/67)^2-(Y50/80)^3+(Y50/114)^4-3) -> 0.24611396 | AI50: =AH50/AE50 -> 5.2123013 | AL50: 1.25 | AM50: -9.4 | AN50: 1.31 | AO50: 2.05 | AP50: 2.6 | AQ50: 2.95 | AR50: 3.6
A51: 9.6 | B51: 72 | C51: -- | D51: 0.95 | E51: 1.01 | F51: 60 | G51: 36 | H51: 0.132 | K51: 9.6 | L51: =B51*100 -> 7200 | N51: =18.5 -> 18.5 | O51: =N43-10 -> 8.5 | P51: =N51*K51 -> 177.6 | Q51: =O51*K51 -> 81.6 | S51: =(M51/(L51-P51))*100 -> 0 | T51: =((AJ106-1.64)*0.3)+0.5 -> #NUM! | U51: =(($L51-$P51)/$R$4)*(($R$4/$Q51)^T51) -> #NUM! | W51: =(L51/$R$4)*($R$4/Q51)^T51 -> #NUM! | X51: =-(0.403*V51^4)+(5.581*V51^3)-(21.63*V51^2)+(33.75*V51)-17.88 -> -17.88 | Y51: =X51*W51 -> #NUM! | Z51: =-98+66*LOG(10*B51/(SQRT(10*(Q51/100)))) -> 60.49817 | AA51: =IF(Z51<40,1,0.75) -> 0.75 | AB51: =IF(P51/$R$4<=1,1,(P51/$R$4)^(AA51-1)) -> 0.86624205 | AC51: =IF(K51<9.15,1-0.00765*K51,1.174-0.0267*K51) -> 0.91768 | AD51: =0.65*AC51*($R$7)*(P51/Q51) -> 0.26484245 | AE51: =AD51/($R$22*AB51) -> 0.047192473 | AF51: =IF(Y51<160,93*(Y51/1000)^3+0.08,0) -> #NUM! | AH51: =EXP((Y51/540)+(Y51/67)^2-(Y51/80)^3+(Y51/114)^4-3) -> #NUM! | AL51: 1.25 | AM51: -9.6 | AN51: 1.31 | AO51: 2.05 | AP51: 2.6 | AQ51: 2.95 | AR51: 3.6
M56: ITERAZIONE 1 | P56: ITERAZIONE 2 | S56: ITERAZIONE 3 | V56: ITERAZIONE 4 | Y56: ITERAZIONE 5 | AB56: ITERAZIONE 6 | AE56: ITERAZIONE 7 | AH56: ITERAZIONE 8
K57: Q (n=1) | L57: Ic | M57: n | N57: Q | O57: Ic | P57: n | Q57: Q | R57: Ic | S57: n | T57: Q | U57: Ic | V57: n | W57: Q | X57: Ic | Y57: n | Z57: Q | AA57: Ic | AB57: n | AC57: Q | AD57: Ic | AE57: n | AF57: Q | AG57: Ic | AH57: n | AI57: Q | AJ57: Ic
K58: (-) | L58: (-) | M58: (-) | N58: (-) | O58: (-) | P58: (-) | Q58: (-) | R58: (-) | S58: (-) | T58: (-) | U58: (-) | V58: (-) | W58: (-) | X58: (-) | Y58: (-) | Z58: (-) | AA58: (-) | AB58: (-) | AC58: (-) | AD58: (-) | AE58: (-) | AF58: (-) | AG58: (-) | AH58: (-) | AI58: (-) | AJ58: (-)
K59: =((L4-P4)/$R$4)*(($R$4/Q4)^$R$10) -> 431.43243 | L59: =((3.47-LOG(K59))^2+(LOG(S4)+1.22)^2)^0.5 -> #VALUE! | M59: =((L59-1.64)*0.3)+0.5 -> #VALUE! | N59: =((L4-P4)/$R$4)*(($R$4/Q4)^M59) -> #VALUE! | O59: =((3.47-LOG(N59))^2+(LOG(S4)+1.22)^2)^0.5 -> #VALUE! | P59: =((O59-1.64)*0.3)+0.5 -> #VALUE! | Q59: =(($L4-$P4)/$R$4)*(($R$4/$Q4)^P59) -> #VALUE! | R59: =((3.47-LOG(Q59))^2+(LOG($S4)+1.22)^2)^0.5 -> #VALUE! | S59: =((R59-1.64)*0.3)+0.5 -> #VALUE! | T59: =(($L4-$P4)/$R$4)*(($R$4/$Q4)^S59) -> #VALUE! | U59: =((3.47-LOG(T59))^2+(LOG($S4)+1.22)^2)^0.5 -> #VALUE! | V59: =((U59-1.64)*0.3)+0.5 -> #VALUE! | W59: =(($L4-$P4)/$R$4)*(($R$4/$Q4)^V59) -> #VALUE! | X59: =((3.47-LOG(W59))^2+(LOG($S4)+1.22)^2)^0.5 -> #VALUE! | Y59: =((X59-1.64)*0.3)+0.5 -> #VALUE! | Z59: =(($L4-$P4)/$R$4)*(($R$4/$Q4)^Y59) -> #VALUE! | AA59: =((3.47-LOG(Z59))^2+(LOG($S4)+1.22)^2)^0.5 -> #VALUE! | AB59: =((AA59-1.64)*0.3)+0.5 -> #VALUE! | AC59: =(($L4-$P4)/$R$4)*(($R$4/$Q4)^AB59) -> #VALUE! | AD59: =((3.47-LOG(AC59))^2+(LOG($S4)+1.22)^2)^0.5 -> #VALUE! | AE59: =((AD59-1.64)*0.3)+0.5 -> #VALUE! | AF59: =(($L4-$P4)/$R$4)*(($R$4/$Q4)^AE59) -> #VALUE! | AG59: =((3.47-LOG(AF59))^2+(LOG($S4)+1.22)^2)^0.5 -> #VALUE! | AH59: =((AG59-1.64)*0.3)+0.5 -> #VALUE! | AI59: =(($L4-$P4)/$R$4)*(($R$4/$Q4)^AH59) -> #VALUE! | AJ59: =((3.47-LOG(AI59))^2+(LOG($S4)+1.22)^2)^0.5 -> #VALUE!
K60: =((L5-P5)/$R$4)*(($R$4/Q5)^$R$10) -> 350.35135 | L60: =((3.47-LOG(K60))^2+(LOG(S5)+1.22)^2)^0.5 -> 2.0295651 | M60: =((L60-1.64)*0.3)+0.5 -> 0.61686954 | N60: =((L5-P5)/$R$4)*(($R$4/Q5)^M60) -> 129.20283 | O60: =((3.47-LOG(N60))^2+(LOG(S5)+1.22)^2)^0.5 -> 2.2602507 | P60: =((O60-1.64)*0.3)+0.5 -> 0.6860752 | Q60: =(($L5-$P5)/$R$4)*(($R$4/$Q5)^P60) -> 154.71328 | R60: =((3.47-LOG(Q60))^2+(LOG($S5)+1.22)^2)^0.5 -> 2.2140915 | S60: =((R60-1.64)*0.3)+0.5 -> 0.67222744 | T60: =(($L5-$P5)/$R$4)*(($R$4/$Q5)^S60) -> 149.23441 | U60: =((3.47-LOG(T60))^2+(LOG($S5)+1.22)^2)^0.5 -> 2.223184 | V60: =((U60-1.64)*0.3)+0.5 -> 0.67495519 | W60: =(($L5-$P5)/$R$4)*(($R$4/$Q5)^V60) -> 150.29808 | X60: =((3.47-LOG(W60))^2+(LOG($S5)+1.22)^2)^0.5 -> 2.2213871 | Y60: =((X60-1.64)*0.3)+0.5 -> 0.67441614 | Z60: =(($L5-$P5)/$R$4)*(($R$4/$Q5)^Y60) -> 150.08728 | AA60: =((3.47-LOG(Z60))^2+(LOG($S5)+1.22)^2)^0.5 -> 2.221742 | AB60: =((AA60-1.64)*0.3)+0.5 -> 0.6745226 | AC60: =(($L5-$P5)/$R$4)*(($R$4/$Q5)^AB60) -> 150.12889 | AD60: =((3.47-LOG(AC60))^2+(LOG($S5)+1.22)^2)^0.5 -> 2.2216719 | AE60: =((AD60-1.64)*0.3)+0.5 -> 0.67450157 | AF60: =(($L5-$P5)/$R$4)*(($R$4/$Q5)^AE60) -> 150.12067 | AG60: =((3.47-LOG(AF60))^2+(LOG($S5)+1.22)^2)^0.5 -> 2.2216857 | AH60: =((AG60-1.64)*0.3)+0.5 -> 0.67450572 | AI60: =(($L5-$P5)/$R$4)*(($R$4/$Q5)^AH60) -> 150.12229 | AJ60: =((3.47-LOG(AI60))^2+(LOG($S5)+1.22)^2)^0.5 -> 2.221683
K61: =((L6-P6)/$R$4)*(($R$4/Q6)^$R$10) -> 269.27027 | L61: =((3.47-LOG(K61))^2+(LOG(S6)+1.22)^2)^0.5 -> 1.8817753 | M61: =((L61-1.64)*0.3)+0.5 -> 0.5725326 | N61: =((L6-P6)/$R$4)*(($R$4/Q6)^M61) -> 105.21923 | O61: =((3.47-LOG(N61))^2+(LOG(S6)+1.22)^2)^0.5 -> 2.1345489 | P61: =((O61-1.64)*0.3)+0.5 -> 0.64836466 | Q61: =(($L6-$P6)/$R$4)*(($R$4/$Q6)^P61) -> 124.30547 | R61: =((3.47-LOG(Q61))^2+(LOG($S6)+1.22)^2)^0.5 -> 2.0861202 | S61: =((R61-1.64)*0.3)+0.5 -> 0.63383605 | T61: =(($L6-$P6)/$R$4)*(($R$4/$Q6)^S61) -> 120.39823 | U61: =((3.47-LOG(T61))^2+(LOG($S6)+1.22)^2)^0.5 -> 2.0952916 | V61: =((U61-1.64)*0.3)+0.5 -> 0.63658747 | W61: =(($L6-$P6)/$R$4)*(($R$4/$Q6)^V61) -> 121.12863 | X61: =((3.47-LOG(W61))^2+(LOG($S6)+1.22)^2)^0.5 -> 2.0935507 | Y61: =((X61-1.64)*0.3)+0.5 -> 0.63606522 | Z61: =(($L6-$P6)/$R$4)*(($R$4/$Q6)^Y61) -> 120.98965 | AA61: =((3.47-LOG(Z61))^2+(LOG($S6)+1.22)^2)^0.5 -> 2.093881 | AB61: =((AA61-1.64)*0.3)+0.5 -> 0.63616431 | AC61: =(($L6-$P6)/$R$4)*(($R$4/$Q6)^AB61) -> 121.01601 | AD61: =((3.47-LOG(AC61))^2+(LOG($S6)+1.22)^2)^0.5 -> 2.0938183 | AE61: =((AD61-1.64)*0.3)+0.5 -> 0.6361455 | AF61: =(($L6-$P6)/$R$4)*(($R$4/$Q6)^AE61) -> 121.01101 | AG61: =((3.47-LOG(AF61))^2+(LOG($S6)+1.22)^2)^0.5 -> 2.0938302 | AH61: =((AG61-1.64)*0.3)+0.5 -> 0.63614907 | AI61: =(($L6-$P6)/$R$4)*(($R$4/$Q6)^AH61) -> 121.01196 | AJ61: =((3.47-LOG(AI61))^2+(LOG($S6)+1.22)^2)^0.5 -> 2.093828
K62: =((L7-P7)/$R$4)*(($R$4/Q7)^$R$10) -> 167.91892 | L62: =((3.47-LOG(K62))^2+(LOG(S7)+1.22)^2)^0.5 -> 2.0999036 | M62: =((L62-1.64)*0.3)+0.5 -> 0.63797109 | N62: =((L7-P7)/$R$4)*(($R$4/Q7)^M62) -> 84.083423 | O62: =((3.47-LOG(N62))^2+(LOG(S7)+1.22)^2)^0.5 -> 2.2907943 | P62: =((O62-1.64)*0.3)+0.5 -> 0.69523828 | Q62: =(($L7-$P7)/$R$4)*(($R$4/$Q7)^P62) -> 93.805254 | R62: =((3.47-LOG(Q62))^2+(LOG($S7)+1.22)^2)^0.5 -> 2.2590135 | S62: =((R62-1.64)*0.3)+0.5 -> 0.68570404 | T62: =(($L7-$P7)/$R$4)*(($R$4/$Q7)^S62) -> 92.112006 | U62: =((3.47-LOG(T62))^2+(LOG($S7)+1.22)^2)^0.5 -> 2.2642663 | V62: =((U62-1.64)*0.3)+0.5 -> 0.68727989 | W62: =(($L7-$P7)/$R$4)*(($R$4/$Q7)^V62) -> 92.389749 | X62: =((3.47-LOG(W62))^2+(LOG($S7)+1.22)^2)^0.5 -> 2.263397 | Y62: =((X62-1.64)*0.3)+0.5 -> 0.68701911 | Z62: =(($L7-$P7)/$R$4)*(($R$4/$Q7)^Y62) -> 92.343728 | AA62: =((3.47-LOG(Z62))^2+(LOG($S7)+1.22)^2)^0.5 -> 2.2635409 | AB62: =((AA62-1.64)*0.3)+0.5 -> 0.68706226 | AC62: =(($L7-$P7)/$R$4)*(($R$4/$Q7)^AB62) -> 92.351341 | AD62: =((3.47-LOG(AC62))^2+(LOG($S7)+1.22)^2)^0.5 -> 2.2635171 | AE62: =((AD62-1.64)*0.3)+0.5 -> 0.68705512 | AF62: =(($L7-$P7)/$R$4)*(($R$4/$Q7)^AE62) -> 92.350081 | AG62: =((3.47-LOG(AF62))^2+(LOG($S7)+1.22)^2)^0.5 -> 2.263521 | AH62: =((AG62-1.64)*0.3)+0.5 -> 0.6870563 | AI62: =(($L7-$P7)/$R$4)*(($R$4/$Q7)^AH62) -> 92.35029 | AJ62: =((3.47-LOG(AI62))^2+(LOG($S7)+1.22)^2)^0.5 -> 2.2635204
K63: =((L8-P8)/$R$4)*(($R$4/Q8)^$R$10) -> 90.891892 | L63: =((3.47-LOG(K63))^2+(LOG(S8)+1.22)^2)^0.5 -> 2.2894514 | M63: =((L63-1.64)*0.3)+0.5 -> 0.69483541 | N63: =((L8-P8)/$R$4)*(($R$4/Q8)^M63) -> 54.311513 | O63: =((3.47-LOG(N63))^2+(LOG(S8)+1.22)^2)^0.5 -> 2.4428736 | P63: =((O63-1.64)*0.3)+0.5 -> 0.74086208 | Q63: =(($L8-$P8)/$R$4)*(($R$4/$Q8)^P63) -> 58.697763 | R63: =((3.47-LOG(Q63))^2+(LOG($S8)+1.22)^2)^0.5 -> 2.4190328 | S63: =((R63-1.64)*0.3)+0.5 -> 0.73370985 | T63: =(($L8-$P8)/$R$4)*(($R$4/$Q8)^S63) -> 57.993617 | U63: =((3.47-LOG(T63))^2+(LOG($S8)+1.22)^2)^0.5 -> 2.4227221 | V63: =((U63-1.64)*0.3)+0.5 -> 0.73481663 | W63: =(($L8-$P8)/$R$4)*(($R$4/$Q8)^V63) -> 58.102026 | X63: =((3.47-LOG(W63))^2+(LOG($S8)+1.22)^2)^0.5 -> 2.4221508 | Y63: =((X63-1.64)*0.3)+0.5 -> 0.73464525 | Z63: =(($L8-$P8)/$R$4)*(($R$4/$Q8)^Y63) -> 58.085226 | AA63: =((3.47-LOG(Z63))^2+(LOG($S8)+1.22)^2)^0.5 -> 2.4222393 | AB63: =((AA63-1.64)*0.3)+0.5 -> 0.73467179 | AC63: =(($L8-$P8)/$R$4)*(($R$4/$Q8)^AB63) -> 58.087827 | AD63: =((3.47-LOG(AC63))^2+(LOG($S8)+1.22)^2)^0.5 -> 2.4222256 | AE63: =((AD63-1.64)*0.3)+0.5 -> 0.73466768 | AF63: =(($L8-$P8)/$R$4)*(($R$4/$Q8)^AE63) -> 58.087424 | AG63: =((3.47-LOG(AF63))^2+(LOG($S8)+1.22)^2)^0.5 -> 2.4222277 | AH63: =((AG63-1.64)*0.3)+0.5 -> 0.73466831 | AI63: =(($L8-$P8)/$R$4)*(($R$4/$Q8)^AH63) -> 58.087486 | AJ63: =((3.47-LOG(AI63))^2+(LOG($S8)+1.22)^2)^0.5 -> 2.4222274
K64: =((L9-P9)/$R$4)*(($R$4/Q9)^$R$10) -> 53.054054 | L64: =((3.47-LOG(K64))^2+(LOG(S9)+1.22)^2)^0.5 -> 2.5694012 | M64: =((L64-1.64)*0.3)+0.5 -> 0.77882037 | N64: =((L9-P9)/$R$4)*(($R$4/Q9)^M64) -> 38.03165 | O64: =((3.47-LOG(N64))^2+(LOG(S9)+1.22)^2)^0.5 -> 2.6697129 | P64: =((O64-1.64)*0.3)+0.5 -> 0.80891386 | Q64: =(($L9-$P9)/$R$4)*(($R$4/$Q9)^P64) -> 39.793825 | R64: =((3.47-LOG(Q64))^2+(LOG($S9)+1.22)^2)^0.5 -> 2.6558247 | S64: =((R64-1.64)*0.3)+0.5 -> 0.80474741 | T64: =(($L9-$P9)/$R$4)*(($R$4/$Q9)^S64) -> 39.545066 | U64: =((3.47-LOG(T64))^2+(LOG($S9)+1.22)^2)^0.5 -> 2.6577432 | V64: =((U64-1.64)*0.3)+0.5 -> 0.80532295 | W64: =(($L9-$P9)/$R$4)*(($R$4/$Q9)^V64) -> 39.579336 | X64: =((3.47-LOG(W64))^2+(LOG($S9)+1.22)^2)^0.5 -> 2.6574781 | Y64: =((X64-1.64)*0.3)+0.5 -> 0.80524342 | Z64: =(($L9-$P9)/$R$4)*(($R$4/$Q9)^Y64) -> 39.574599 | AA64: =((3.47-LOG(Z64))^2+(LOG($S9)+1.22)^2)^0.5 -> 2.6575147 | AB64: =((AA64-1.64)*0.3)+0.5 -> 0.80525441 | AC64: =(($L9-$P9)/$R$4)*(($R$4/$Q9)^AB64) -> 39.575253 | AD64: =((3.47-LOG(AC64))^2+(LOG($S9)+1.22)^2)^0.5 -> 2.6575096 | AE64: =((AD64-1.64)*0.3)+0.5 -> 0.80525289 | AF64: =(($L9-$P9)/$R$4)*(($R$4/$Q9)^AE64) -> 39.575163 | AG64: =((3.47-LOG(AF64))^2+(LOG($S9)+1.22)^2)^0.5 -> 2.6575103 | AH64: =((AG64-1.64)*0.3)+0.5 -> 0.8052531 | AI64: =(($L9-$P9)/$R$4)*(($R$4/$Q9)^AH64) -> 39.575175 | AJ64: =((3.47-LOG(AI64))^2+(LOG($S9)+1.22)^2)^0.5 -> 2.6575102
K65: =((L10-P10)/$R$4)*(($R$4/Q10)^$R$10) -> 91.664093 | L65: =((3.47-LOG(K65))^2+(LOG(S10)+1.22)^2)^0.5 -> 2.1778601 | M65: =((L65-1.64)*0.3)+0.5 -> 0.66135802 | N65: =((L10-P10)/$R$4)*(($R$4/Q10)^M65) -> 58.01201 | O65: =((3.47-LOG(N65))^2+(LOG(S10)+1.22)^2)^0.5 -> 2.3198475 | P65: =((O65-1.64)*0.3)+0.5 -> 0.70395425 | Q65: =(($L10-$P10)/$R$4)*(($R$4/$Q10)^P65) -> 61.448196 | R65: =((3.47-LOG(Q65))^2+(LOG($S10)+1.22)^2)^0.5 -> 2.3015262 | S65: =((R65-1.64)*0.3)+0.5 -> 0.69845786 | T65: =(($L10-$P10)/$R$4)*(($R$4/$Q10)^S65) -> 60.993619 | U65: =((3.47-LOG(T65))^2+(LOG($S10)+1.22)^2)^0.5 -> 2.3038832 | V65: =((U65-1.64)*0.3)+0.5 -> 0.69916497 | W65: =(($L10-$P10)/$R$4)*(($R$4/$Q10)^V65) -> 61.051911 | X65: =((3.47-LOG(W65))^2+(LOG($S10)+1.22)^2)^0.5 -> 2.3035799 | Y65: =((X65-1.64)*0.3)+0.5 -> 0.69907397 | Z65: =(($L10-$P10)/$R$4)*(($R$4/$Q10)^Y65) -> 61.044406 | AA65: =((3.47-LOG(Z65))^2+(LOG($S10)+1.22)^2)^0.5 -> 2.3036189 | AB65: =((AA65-1.64)*0.3)+0.5 -> 0.69908568 | AC65: =(($L10-$P10)/$R$4)*(($R$4/$Q10)^AB65) -> 61.045372 | AD65: =((3.47-LOG(AC65))^2+(LOG($S10)+1.22)^2)^0.5 -> 2.3036139 | AE65: =((AD65-1.64)*0.3)+0.5 -> 0.69908417 | AF65: =(($L10-$P10)/$R$4)*(($R$4/$Q10)^AE65) -> 61.045247 | AG65: =((3.47-LOG(AF65))^2+(LOG($S10)+1.22)^2)^0.5 -> 2.3036146 | AH65: =((AG65-1.64)*0.3)+0.5 -> 0.69908437 | AI65: =(($L10-$P10)/$R$4)*(($R$4/$Q10)^AH65) -> 61.045263 | AJ65: =((3.47-LOG(AI65))^2+(LOG($S10)+1.22)^2)^0.5 -> 2.3036145
K66: =((L11-P11)/$R$4)*(($R$4/Q11)^$R$10) -> 66.567568 | L66: =((3.47-LOG(K66))^2+(LOG(S11)+1.22)^2)^0.5 -> 2.1930315 | M66: =((L66-1.64)*0.3)+0.5 -> 0.66590945 | N66: =((L11-P11)/$R$4)*(($R$4/Q11)^M66) -> 44.322704 | O66: =((3.47-LOG(N66))^2+(LOG(S11)+1.22)^2)^0.5 -> 2.3285908 | P66: =((O66-1.64)*0.3)+0.5 -> 0.70657725 | Q66: =(($L11-$P11)/$R$4)*(($R$4/$Q11)^P66) -> 46.572296 | R66: =((3.47-LOG(Q66))^2+(LOG($S11)+1.22)^2)^0.5 -> 2.3117931 | S66: =((R66-1.64)*0.3)+0.5 -> 0.70153793 | T66: =(($L11-$P11)/$R$4)*(($R$4/$Q11)^S66) -> 46.287457 | U66: =((3.47-LOG(T66))^2+(LOG($S11)+1.22)^2)^0.5 -> 2.3138704 | V66: =((U66-1.64)*0.3)+0.5 -> 0.70216111 | W66: =(($L11-$P11)/$R$4)*(($R$4/$Q11)^V66) -> 46.322586 | X66: =((3.47-LOG(W66))^2+(LOG($S11)+1.22)^2)^0.5 -> 2.3136134 | Y66: =((X66-1.64)*0.3)+0.5 -> 0.70208403 | Z66: =(($L11-$P11)/$R$4)*(($R$4/$Q11)^Y66) -> 46.318239 | AA66: =((3.47-LOG(Z66))^2+(LOG($S11)+1.22)^2)^0.5 -> 2.3136452 | AB66: =((AA66-1.64)*0.3)+0.5 -> 0.70209356 | AC66: =(($L11-$P11)/$R$4)*(($R$4/$Q11)^AB66) -> 46.318777 | AD66: =((3.47-LOG(AC66))^2+(LOG($S11)+1.22)^2)^0.5 -> 2.3136413 | AE66: =((AD66-1.64)*0.3)+0.5 -> 0.70209238 | AF66: =(($L11-$P11)/$R$4)*(($R$4/$Q11)^AE66) -> 46.31871 | AG66: =((3.47-LOG(AF66))^2+(LOG($S11)+1.22)^2)^0.5 -> 2.3136418 | AH66: =((AG66-1.64)*0.3)+0.5 -> 0.70209253 | AI66: =(($L11-$P11)/$R$4)*(($R$4/$Q11)^AH66) -> 46.318719 | AJ66: =((3.47-LOG(AI66))^2+(LOG($S11)+1.22)^2)^0.5 -> 2.3136417
K67: =((L12-P12)/$R$4)*(($R$4/Q12)^$R$10) -> 56.647059 | L67: =((3.47-LOG(K67))^2+(LOG(S12)+1.22)^2)^0.5 -> 2.4195343 | M67: =((L67-1.64)*0.3)+0.5 -> 0.73386029 | N67: =((L12-P12)/$R$4)*(($R$4/Q12)^M67) -> 34.370938 | O67: =((3.47-LOG(N67))^2+(LOG(S12)+1.22)^2)^0.5 -> 2.5780384 | P67: =((O67-1.64)*0.3)+0.5 -> 0.78141152 | Q67: =(($L12-$P12)/$R$4)*(($R$4/$Q12)^P67) -> 37.580306 | R67: =((3.47-LOG(Q67))^2+(LOG($S12)+1.22)^2)^0.5 -> 2.5490864 | S67: =((R67-1.64)*0.3)+0.5 -> 0.77272593 | T67: =(($L12-$P12)/$R$4)*(($R$4/$Q12)^S67) -> 36.972505 | U67: =((3.47-LOG(T67))^2+(LOG($S12)+1.22)^2)^0.5 -> 2.5543553 | V67: =((U67-1.64)*0.3)+0.5 -> 0.77430659 | W67: =(($L12-$P12)/$R$4)*(($R$4/$Q12)^V67) -> 37.08238 | X67: =((3.47-LOG(W67))^2+(LOG($S12)+1.22)^2)^0.5 -> 2.5533958 | Y67: =((X67-1.64)*0.3)+0.5 -> 0.77401874 | Z67: =(($L12-$P12)/$R$4)*(($R$4/$Q12)^Y67) -> 37.062346 | AA67: =((3.47-LOG(Z67))^2+(LOG($S12)+1.22)^2)^0.5 -> 2.5535705 | AB67: =((AA67-1.64)*0.3)+0.5 -> 0.77407115 | AC67: =(($L12-$P12)/$R$4)*(($R$4/$Q12)^AB67) -> 37.065993 | AD67: =((3.47-LOG(AC67))^2+(LOG($S12)+1.22)^2)^0.5 -> 2.5535387 | AE67: =((AD67-1.64)*0.3)+0.5 -> 0.77406161 | AF67: =(($L12-$P12)/$R$4)*(($R$4/$Q12)^AE67) -> 37.065329 | AG67: =((3.47-LOG(AF67))^2+(LOG($S12)+1.22)^2)^0.5 -> 2.5535445 | AH67: =((AG67-1.64)*0.3)+0.5 -> 0.77406335 | AI67: =(($L12-$P12)/$R$4)*(($R$4/$Q12)^AH67) -> 37.06545 | AJ67: =((3.47-LOG(AI67))^2+(LOG($S12)+1.22)^2)^0.5 -> 2.5535434
K68: =((L13-P13)/$R$4)*(($R$4/Q13)^$R$10) -> 56.647059 | L68: =((3.47-LOG(K68))^2+(LOG(S13)+1.22)^2)^0.5 -> 2.1057709 | M68: =((L68-1.64)*0.3)+0.5 -> 0.63973126 | N68: =((L13-P13)/$R$4)*(($R$4/Q13)^M68) -> 29.917973 | O68: =((3.47-LOG(N68))^2+(LOG(S13)+1.22)^2)^0.5 -> 2.337327 | P68: =((O68-1.64)*0.3)+0.5 -> 0.7091981 | Q68: =(($L13-$P13)/$R$4)*(($R$4/$Q13)^P68) -> 33.836891 | R68: =((3.47-LOG(Q68))^2+(LOG($S13)+1.22)^2)^0.5 -> 2.2918893 | S68: =((R68-1.64)*0.3)+0.5 -> 0.69556678 | T68: =(($L13-$P13)/$R$4)*(($R$4/$Q13)^S68) -> 33.029382 | U68: =((3.47-LOG(T68))^2+(LOG($S13)+1.22)^2)^0.5 -> 2.3007782 | V68: =((U68-1.64)*0.3)+0.5 -> 0.69823346 | W68: =(($L13-$P13)/$R$4)*(($R$4/$Q13)^V68) -> 33.185824 | X68: =((3.47-LOG(W68))^2+(LOG($S13)+1.22)^2)^0.5 -> 2.2990382 | Y68: =((X68-1.64)*0.3)+0.5 -> 0.69771146 | Z68: =(($L13-$P13)/$R$4)*(($R$4/$Q13)^Y68) -> 33.155142 | AA68: =((3.47-LOG(Z68))^2+(LOG($S13)+1.22)^2)^0.5 -> 2.2993788 | AB68: =((AA68-1.64)*0.3)+0.5 -> 0.69781363 | AC68: =(($L13-$P13)/$R$4)*(($R$4/$Q13)^AB68) -> 33.161145 | AD68: =((3.47-LOG(AC68))^2+(LOG($S13)+1.22)^2)^0.5 -> 2.2993121 | AE68: =((AD68-1.64)*0.3)+0.5 -> 0.69779364 | AF68: =(($L13-$P13)/$R$4)*(($R$4/$Q13)^AE68) -> 33.15997 | AG68: =((3.47-LOG(AF68))^2+(LOG($S13)+1.22)^2)^0.5 -> 2.2993252 | AH68: =((AG68-1.64)*0.3)+0.5 -> 0.69779755 | AI68: =(($L13-$P13)/$R$4)*(($R$4/$Q13)^AH68) -> 33.1602 | AJ68: =((3.47-LOG(AI68))^2+(LOG($S13)+1.22)^2)^0.5 -> 2.2993226
K69: =((L14-P14)/$R$4)*(($R$4/Q14)^$R$10) -> 56.647059 | L69: =((3.47-LOG(K69))^2+(LOG(S14)+1.22)^2)^0.5 -> 2.1671743 | M69: =((L69-1.64)*0.3)+0.5 -> 0.6581523 | N69: =((L14-P14)/$R$4)*(($R$4/Q14)^M69) -> 31.934351 | O69: =((3.47-LOG(N69))^2+(LOG(S14)+1.22)^2)^0.5 -> 2.3692416 | P69: =((O69-1.64)*0.3)+0.5 -> 0.71877248 | Q69: =(($L14-$P14)/$R$4)*(($R$4/$Q14)^P69) -> 35.350795 | R69: =((3.47-LOG(Q69))^2+(LOG($S14)+1.22)^2)^0.5 -> 2.3327482 | S69: =((R69-1.64)*0.3)+0.5 -> 0.70782447 | T69: =(($L14-$P14)/$R$4)*(($R$4/$Q14)^S69) -> 34.707817 | U69: =((3.47-LOG(T69))^2+(LOG($S14)+1.22)^2)^0.5 -> 2.3393194 | V69: =((U69-1.64)*0.3)+0.5 -> 0.70979583 | W69: =(($L14-$P14)/$R$4)*(($R$4/$Q14)^V69) -> 34.822726 | X69: =((3.47-LOG(W69))^2+(LOG($S14)+1.22)^2)^0.5 -> 2.3381355 | Y69: =((X69-1.64)*0.3)+0.5 -> 0.70944066 | Z69: =(($L14-$P14)/$R$4)*(($R$4/$Q14)^Y69) -> 34.801995 | AA69: =((3.47-LOG(Z69))^2+(LOG($S14)+1.22)^2)^0.5 -> 2.3383488 | AB69: =((AA69-1.64)*0.3)+0.5 -> 0.70950464 | AC69: =(($L14-$P14)/$R$4)*(($R$4/$Q14)^AB69) -> 34.805729 | AD69: =((3.47-LOG(AC69))^2+(LOG($S14)+1.22)^2)^0.5 -> 2.3383104 | AE69: =((AD69-1.64)*0.3)+0.5 -> 0.70949312 | AF69: =(($L14-$P14)/$R$4)*(($R$4/$Q14)^AE69) -> 34.805056 | AG69: =((3.47-LOG(AF69))^2+(LOG($S14)+1.22)^2)^0.5 -> 2.3383173 | AH69: =((AG69-1.64)*0.3)+0.5 -> 0.70949519 | AI69: =(($L14-$P14)/$R$4)*(($R$4/$Q14)^AH69) -> 34.805177 | AJ69: =((3.47-LOG(AI69))^2+(LOG($S14)+1.22)^2)^0.5 -> 2.3383161
K70: =((L15-P15)/$R$4)*(($R$4/Q15)^$R$10) -> 27.235294 | L70: =((3.47-LOG(K70))^2+(LOG(S15)+1.22)^2)^0.5 -> 2.4142223 | M70: =((L70-1.64)*0.3)+0.5 -> 0.73226668 | N70: =((L15-P15)/$R$4)*(($R$4/Q15)^M70) -> 17.794962 | O70: =((3.47-LOG(N70))^2+(LOG(S15)+1.22)^2)^0.5 -> 2.5719376 | P70: =((O70-1.64)*0.3)+0.5 -> 0.77958127 | Q70: =(($L15-$P15)/$R$4)*(($R$4/$Q15)^P70) -> 19.184992 | R70: =((3.47-LOG(Q70))^2+(LOG($S15)+1.22)^2)^0.5 -> 2.5438 | S70: =((R70-1.64)*0.3)+0.5 -> 0.77114 | T70: =(($L15-$P15)/$R$4)*(($R$4/$Q15)^S70) -> 18.929277 | U70: =((3.47-LOG(T70))^2+(LOG($S15)+1.22)^2)^0.5 -> 2.548812 | V70: =((U70-1.64)*0.3)+0.5 -> 0.77264361 | W70: =(($L15-$P15)/$R$4)*(($R$4/$Q15)^V70) -> 18.974576 | X70: =((3.47-LOG(W70))^2+(LOG($S15)+1.22)^2)^0.5 -> 2.547919 | Y70: =((X70-1.64)*0.3)+0.5 -> 0.7723757 | Z70: =(($L15-$P15)/$R$4)*(($R$4/$Q15)^Y70) -> 18.966497 | AA70: =((3.47-LOG(Z70))^2+(LOG($S15)+1.22)^2)^0.5 -> 2.5480781 | AB70: =((AA70-1.64)*0.3)+0.5 -> 0.77242344 | AC70: =(($L15-$P15)/$R$4)*(($R$4/$Q15)^AB70) -> 18.967936 | AD70: =((3.47-LOG(AC70))^2+(LOG($S15)+1.22)^2)^0.5 -> 2.5480498 | AE70: =((AD70-1.64)*0.3)+0.5 -> 0.77241493 | AF70: =(($L15-$P15)/$R$4)*(($R$4/$Q15)^AE70) -> 18.96768 | AG70: =((3.47-LOG(AF70))^2+(LOG($S15)+1.22)^2)^0.5 -> 2.5480548 | AH70: =((AG70-1.64)*0.3)+0.5 -> 0.77241645 | AI70: =(($L15-$P15)/$R$4)*(($R$4/$Q15)^AH70) -> 18.967725 | AJ70: =((3.47-LOG(AI70))^2+(LOG($S15)+1.22)^2)^0.5 -> 2.5480539
... K106: =((L51-P51)/$R$4)*(($R$4/Q51)^$R$10) -> 86.058824 | L106: =((3.47-LOG(K106))^2+(LOG(S51)+1.22)^2)^0.5 -> #NUM! | M106: =((L106-1.64)*0.3)+0.5 -> #NUM! | N106: =((L51-P51)/$R$4)*(($R$4/Q51)^M106) -> #NUM! | O106: =((3.47-LOG(N106))^2+(LOG(S51)+1.22)^2)^0.5 -> #NUM! | P106: =((O106-1.64)*0.3)+0.5 -> #NUM! | Q106: =(($L51-$P51)/$R$4)*(($R$4/$Q51)^P106) -> #NUM! | R106: =((3.47-LOG(Q106))^2+(LOG($S51)+1.22)^2)^0.5 -> #NUM! | S106: =((R106-1.64)*0.3)+0.5 -> #NUM! | T106: =(($L51-$P51)/$R$4)*(($R$4/$Q51)^S106) -> #NUM! | U106: =((3.47-LOG(T106))^2+(LOG($S51)+1.22)^2)^0.5 -> #NUM! | V106: =((U106-1.64)*0.3)+0.5 -> #NUM! | W106: =(($L51-$P51)/$R$4)*(($R$4/$Q51)^V106) -> #NUM! | X106: =((3.47-LOG(W106))^2+(LOG($S51)+1.22)^2)^0.5 -> #NUM! | Y106: =((X106-1.64)*0.3)+0.5 -> #NUM! | Z106: =(($L51-$P51)/$R$4)*(($R$4/$Q51)^Y106) -> #NUM! | AA106: =((3.47-LOG(Z106))^2+(LOG($S51)+1.22)^2)^0.5 -> #NUM! | AB106: =((AA106-1.64)*0.3)+0.5 -> #NUM! | AC106: =(($L51-$P51)/$R$4)*(($R$4/$Q51)^AB106) -> #NUM! | AD106: =((3.47-LOG(AC106))^2+(LOG($S51)+1.22)^2)^0.5 -> #NUM! | AE106: =((AD106-1.64)*0.3)+0.5 -> #NUM! | AF106: =(($L51-$P51)/$R$4)*(($R$4/$Q51)^AE106) -> #NUM! | AG106: =((3.47-LOG(AF106))^2+(LOG($S51)+1.22)^2)^0.5 -> #NUM! | AH106: =((AG106-1.64)*0.3)+0.5 -> #NUM! | AI106: =(($L51-$P51)/$R$4)*(($R$4/$Q51)^AH106) -> #NUM! | AJ106: =((3.47-LOG(AI106))^2+(LOG($S51)+1.22)^2)^0.5 -> #NUM!

Sheet verifica a liquefazione (3)
A1: CPT 1 | AD1: DOMANDA | AF1: CAPACITA' | AH1: DOMANDA
A2: z | B2: qc | C2: qc/fs | D2: γ' | E2: σ'vo | F2: Dr | G2: φ's | H2: amax/g | K2: z | L2: qc | M2: fs | N2: γ | O2: γ' | P2: σvo | Q2: σ'vo | R2: Pa | S2: F | T2: n | U2: Q | V2: Ic | W2: qc1N | X2: kc | Y2: (qc1N)cs | Z2: Dr | AA2: f | AB2: kσ | AC2: rd | AD2: CSR7,5 | AE2: CSRM | AF2: CRR7,5 (Y-R) | AG2: FS | AH2: CRR7,5 (I-B) | AI2: FS
